place_id,name,lat,lng,address,category,types,rating,user_ratings_total,phone,website
ChIJF2_wv4lHDW0R47WKR5aSdmE,Onslow,-36.84768529999999,174.7699566,"9 Princes Street, Auckland Central, Auckland 1010, New Zealand",restaurant,"establishment,food,point_of_interest,restaurant",4.8,1331,+64 9 930 9123,http://www.onslow.nz/
ChIJKZLQLLRHDW0R_F9vtz1cjiQ,alma,-36.84408579999999,174.7691648,"130 Quay Street, Auckland Central, Auckland 1010, New Zealand",restaurant,"establishment,food,point_of_interest,restaurant",4.7,413,+64 9 242 1570,http://www.alma.nz/
ChIJS_i53flHDW0R6H8fEWgxVfk,Soul Bar & Bistro,-36.8434055,174.7630167,"Corner of Lower Hobson Street, Customs Street West, Auckland Central, Auckland 1010, New Zealand",restaurant,"bar,establishment,food,point_of_interest,restaurant",4.5,2338,+64 9 356 7249,http://www.soulbar.co.nz/
ChIJn3Evd2xHDW0RWNG-B0TrPxg,Ahi.,-36.84356150000001,174.766454,"Commercial Bay Level 2/7 Queen Street, Auckland Central, Auckland 1010, New Zealand",restaurant,"establishment,food,point_of_interest,restaurant",4.6,1106,+64 22 524 4255,http://ahi.restaurant/
ChIJzV2foiBGDW0ROPBzbgZDJuc,One Tree Grill,-36.8998252,174.77273,"9 Pah Road, Epsom, Auckland 1023, New Zealand",restaurant,"establishment,food,point_of_interest,restaurant",4.8,1604,+64 9 909 7215,https://www.onetreegrill.co.nz/
ChIJjz8Dgf5HDW0RcKfgUZdV8fw,Amano,-36.8444119,174.770464,"66 - 68, Tyler Street, Britomart Place, Auckland Central, Auckland 1010, New Zealand",restaurant,"bakery,establishment,food,point_of_interest,restaurant,store",4.6,4423,+64 9 394 1416,https://savor.co.nz/amano
ChIJk7fiDvBHDW0R9qAp_JPxDeE,Depot,-36.8490404,174.762373,"86 Federal Street, Auckland Central, Auckland 1010, New Zealand",restaurant,"establishment,food,point_of_interest,restaurant",4.6,2050,+64 9 363 7048,https://depoteatery.co.nz/
ChIJFVXaZgU5DW0R9CGge9LDFoc,The Postman's Leg,-36.7839458,174.7226072,"43-51 Downing Street, Glenfield, Auckland 0629, New Zealand",restaurant,"bar,establishment,food,point_of_interest,restaurant",4.2,2444,+64 9 444 7325,https://www.stargroup.nz/venues/the-postmans-leg
ChIJKWPi4S5HDW0R-Ao9My5Mf48,Gilt Brasserie,-36.84765489999999,174.7671961,"2 Chancery Street, Chambers, Auckland 1010, New Zealand",restaurant,"establishment,food,point_of_interest,restaurant",4.6,648,+64 9 300 3126,https://giltbrasserie.nz/
ChIJdQU6o-RHDW0RBI93MBK5gcU,Hello Beasty,-36.8431117,174.7624635,"95-97 Customs Street West, Auckland Central, Auckland 1010, New Zealand",restaurant,"establishment,food,point_of_interest,restaurant",4.7,1419,+64 21 554 496,http://hellobeasty.nz/
ChIJ6esl0z5HDW0RL8AMaU22H8k,Tempero,-36.8580455,174.757105,"352 Karangahape Road, Auckland Central, Auckland 1010, New Zealand",restaurant,"establishment,food,point_of_interest,restaurant",5.0,470,+64 9 218 2011,http://www.temperoakl.com/
ChIJZRJ2-fpHDW0RbWGgZq__SR4,Culprit.,-36.8473823,174.7650338,"Level 1/12 Wyndham Street, Auckland Central, Auckland 1010, New Zealand",restaurant,"establishment,food,point_of_interest,restaurant",4.7,594,+64 9 377 5992,http://www.culprit.co.nz/
ChIJ2f8MNVNHDW0Rlapwj_a7m2w,Origine Bistro,-36.8439762,174.7661423,"Commercial Bay Level 2/172 Quay Street, Auckland Central, Auckland 1010, New Zealand",restaurant,"bar,establishment,food,point_of_interest,restaurant",4.5,426,+64 27 674 4463,http://www.origine.nz/
ChIJMTPDyKdHDW0RrQ05a1Yl4hI,Milenta,-36.8485532,174.7546801,"210-218 Victoria Street West, Auckland 1010, New Zealand",restaurant,"establishment,food,point_of_interest,restaurant",4.7,307,+64 274 404 410,http://www.milenta.co.nz/
ChIJI-nDigpHDW0R3viWyJ_06Yc,Paname Social,-36.8495923,174.7658133,"1/3 Lorne Street, Auckland Central, Auckland 1010, New Zealand",restaurant,"bar,cafe,establishment,food,point_of_interest,restaurant",4.3,294,+64 9 884 0983,https://www.panamesocial.co.nz/?fbclid=PAAaaXQSPI3joeLPNoRLab4I5l7rWlAQLA_ECggdM8gEhv_l--75ubGUZiiQ4
ChIJi1WB6AdHDW0R0WK3WE8zXQg,Ada Restaurant,-36.8672616,174.7402636,"454 Great North Road, Grey Lynn, Auckland 1021, New Zealand",restaurant,"establishment,food,point_of_interest,restaurant",4.6,911,+64 210 909 0101,http://www.adarestaurant.co.nz/
ChIJXUoYKw45DW0RVnRNKzfKFuw,Paasha,-36.7807211,174.7213061,"444 Glenfield Road, Glenfield, Auckland 0629, New Zealand",restaurant,"establishment,food,point_of_interest,restaurant",4.5,1185,+64 9 444 4262,https://paashaglenfield.co.nz/
ChIJC-hvnDpHDW0RXuKc8YA3m-8,BODA,-36.84454,174.7671976,"Top Floor/8 Customs Street East, Auckland Central, Auckland 1010, New Zealand",restaurant,"bar,establishment,food,point_of_interest,restaurant",4.2,248,+64 9 302 9424,https://boda.restaurant/
ChIJ6xqrBUpHDW0RTkGfs86hr6c,Metita,-36.849185,174.7623444,"Level 3/90 Federal Street, Auckland Central, Auckland 1010, New Zealand",restaurant,"establishment,food,point_of_interest,restaurant",4.6,213,+64 9 363 7030,https://skycityauckland.co.nz/restaurants/metita/
ChIJxcY1GSJHDW0RZ__hwRVJPnw,Mr. Morris,-36.844765,174.7682328,"Britomart, Corner of Galway & Commerce Street, Auckland Central, Auckland 1010, New Zealand",restaurant,"establishment,food,point_of_interest,restaurant",4.7,377,+64 9 869 5522,http://www.mrmorris.nz/
ChIJQ3yEHpFHDW0Rka8ZeCQTnsc,Prego Restaurant,-36.852697,174.744828,"226 Ponsonby Road, Ponsonby, Auckland 1011, New Zealand",restaurant,"establishment,food,point_of_interest,restaurant",4.6,2045,+64 9 376 3095,http://www.prego.co.nz/
ChIJH0QT3l9HDW0R0f5rIVly8yw,Bossi,-36.8455876,174.7680713,"10 Commerce Street, Auckland Central, Auckland 1010, New Zealand",restaurant,"establishment,food,point_of_interest,restaurant",4.6,1001,+64 9 948 0906,http://www.bossi.co.nz/
ChIJ7UV0PmA4DW0R44MsmijS--o,Moxie Restaurant,-36.8176563,174.7325474,"82 Hinemoa Street, Birkenhead, Auckland 0626, New Zealand",restaurant,"establishment,food,point_of_interest,restaurant",4.8,552,+64 9 419 9082,http://www.moxierestaurant.co.nz/
ChIJDwwNeYRHDW0R6CVXXf7s9sc,Paris Butter,-36.8454642,174.7370108,"166 Jervois Road, Herne Bay, Auckland 1011, New Zealand",restaurant,"establishment,food,point_of_interest,restaurant",4.7,396,+64 9 376 5597,http://www.parisbutter.co.nz/
ChIJ43y8JLQ5DW0RMN47Whk85wY,Bushman's Grill,-36.7909021,174.7489471,"31 Northcote Road, Hillcrest, Auckland 0627, New Zealand",restaurant,"establishment,food,point_of_interest,restaurant",4.5,1658,+64 9 418 0056,http://bushmansgrill.co.nz/
ChIJsR8Kx2k4DW0RjYOZyig1xDw,The Engine Room,-36.8180556,174.7455556,"115 Queen Street, Northcote Point, Auckland 0627, New Zealand",restaurant,"establishment,food,point_of_interest,restaurant",4.5,383,+64 9 480 9502,http://www.engineroom.net.nz/
ChIJLTxNV-VHDW0RQgvsgS0ZHkk,Tony's Original Steak & Seafood Restaurant,-36.8503322,174.7632109,"27 Wellesley Street West, Auckland Central, Auckland 1010, New Zealand",restaurant,"establishment,food,point_of_interest,restaurant",4.5,2825,+64 9 373 4196,http://tonys.co.nz/
ChIJWeTIvflHDW0RR2h4JBSQWlk,Beast & Butterflies Auckland,-36.8428577,174.7644086,"196/200 Quay Street, Auckland Central, Auckland 1010, New Zealand",restaurant,"bar,cafe,establishment,food,point_of_interest,restaurant",4.5,453,+64 9 377 0349,https://www.beastandbutterflies.co.nz/
ChIJY9z4w_tHDW0RMU8TjUu4Q_Q,Cooke's Restaurant & Bar,-36.845543,174.7665245,"58/60 Queen Street, Auckland Central, Auckland 1010, New Zealand",restaurant,"bar,establishment,food,point_of_interest,restaurant",4.5,161,+64 9 309 9979,https://cookesrestaurant.co.nz/
ChIJJWI_HcNHDW0RcZ0KKhCVmDQ,KAZUYA restaurant,-36.8631771,174.7609027,"193 Symonds Street, Eden Terrace, Auckland 1010, New Zealand",restaurant,"establishment,food,point_of_interest,restaurant",4.8,327,+64 9 377 8537,http://www.kazuya.co.nz/
ChIJJdsozvVHDW0RGpYtg7jcwyI,Baduzzi,-36.84108,174.7570445,"10/26 Jellicoe Street, North Wharf, Auckland 1010, New Zealand",restaurant,"establishment,food,point_of_interest,restaurant",4.5,2453,+64 9 309 9339,http://www.baduzzi.co.nz/
ChIJAb5Q7vtHDW0R9u_uz-mFnZY,Cassia,-36.849185,174.7623444,"90 Federal Street, Auckland Central, Auckland 1010, New Zealand",restaurant,"establishment,food,point_of_interest,restaurant",4.6,864,+64 9 379 9702,https://skycityauckland.co.nz/restaurants/cassia/
ChIJB2rmNupHDW0RDxt4gaYTl1Y,Otto Restaurant,-36.857933,174.7565533,"375 Karangahape Road, Auckland Central, Auckland 1010, New Zealand",restaurant,"bar,establishment,food,point_of_interest,restaurant",4.7,1249,+64 9 394 1555,https://www.otto-krd.nz/
ChIJNwODoPpHDW0Rz7CT2fSmrmY,The Glass Goose,-36.8485799,174.7627243,"78 Federal Street, Auckland Central, Auckland 1011, New Zealand",restaurant,"bar,establishment,food,point_of_interest,restaurant",4.1,1059,+64 9 379 9404,http://www.glassgoose.co.nz/
ChIJY7SzVxRHDW0RcHOdHag7tEM,Esther Restaurant,-36.8452452,174.7596741,"4 Viaduct Harbour Avenue, Auckland Central, Auckland 1010, New Zealand",restaurant,"establishment,food,point_of_interest,restaurant",4.3,462,+64 9 379 9123,http://www.estherrestaurant.com/
ChIJxR38YvxHDW0R-z-ILx9ZXZI,Hugo's Bistro,-36.8471299,174.7688813,"67 Shortland Street, Auckland Central, Auckland 1010, New Zealand",restaurant,"establishment,food,point_of_interest,restaurant",4.6,226,+64 9 320 4387,http://hugosbistro.co.nz/
ChIJV3nOrvRHDW0R3Hc3DiT5T5k,Sails Restaurant,-36.8390039,174.7432459,"103/113 Westhaven Drive, St Marys Bay, Auckland 1144, New Zealand",restaurant,"establishment,food,point_of_interest,restaurant",4.6,1378,+64 9 378 9890,https://www.sailsrestaurant.co.nz/
ChIJVbK0vthHDW0Rtwx5X7nMVdk,Atelier,-36.85777170000001,174.7579948,"292 Karangahape Road, Auckland Central, Auckland 1010, New Zealand",restaurant,"establishment,food,point_of_interest,restaurant",4.7,289,+64 9 873 4657,http://www.atelierkrd.co.nz/
ChIJ11dVbfBHDW0RrTQPtgLdDek,Orbit 360° Dining,-36.8484982,174.7621796,"72 - 78 Victoria Street West Level 52, Sky Tower, Victoria Street West, Auckland Central, Auckland 1010, New Zealand",restaurant,"establishment,food,point_of_interest,restaurant",4.3,1605,+64 9 363 6000,https://skycityauckland.co.nz/restaurants/orbit/
ChIJOeEFBfBHDW0RPSLQ3nXiKnQ,MASU by Nic Watt,-36.8492648,174.7623425,"90 Federal Street, Auckland Central, Auckland 1010, New Zealand",restaurant,"establishment,food,point_of_interest,restaurant",4.5,1078,+64 9 363 6278,https://www.skycityauckland.co.nz/restaurants/masu/
ChIJ6YZIDcNHDW0RRzzlc8dO0Rk,The French Cafe,-36.8644804,174.76103,"210 Symonds Street, Eden Terrace, Auckland 1010, New Zealand",restaurant,"establishment,food,point_of_interest,restaurant",4.7,653,+64 9 377 1911,https://www.thefrenchcafe.co.nz/
ChIJH2hxFcNHDW0RX46xuTUELGo,Lillius Restaurant,-36.8643028,174.7614604,"19 Khyber Pass Road, Grafton, Auckland 1023, New Zealand",restaurant,"establishment,food,point_of_interest,restaurant",4.8,208,+64 9 217 4069,http://www.lillius.co.nz/
ChIJC5Om_5BHDW0RYIpcsidrOQ8,Farina,-36.851734,174.7445744,"244 Ponsonby Road, Ponsonby, Auckland 1011, New Zealand",restaurant,"bar,establishment,food,point_of_interest,restaurant",4.6,979,+64 9 390 6213,http://www.farina.co.nz/
ChIJPzH5zY9HDW0RQ6E4zQngMQs,Sidart Restaurant,-36.8482513,174.7443542,"283 Ponsonby Road, Ponsonby, Auckland 1011, New Zealand",restaurant,"establishment,food,point_of_interest,restaurant",4.7,519,+64 9 360 2122,http://www.sidart.co.nz/
ChIJvc3DmOhHDW0RJnK1cLFWC1k,Harbour Society,-36.8454947,174.7686658,"Crn. Customs East Street and, Gore Street, Auckland Central, Auckland 1011, New Zealand",restaurant,"establishment,food,point_of_interest,restaurant",4.3,202,+64 9 379 1860,http://www.harbour-society.co.nz/
ChIJiShcZZlHDW0RLO5gbkGzOO8,KOL Restaurant Auckland,-36.85752129999999,174.7491639,"23 Ponsonby Road, Grey Lynn, Auckland 1011, New Zealand",restaurant,"establishment,food,point_of_interest,restaurant",4.8,275,+64 21 379 700,https://kolauckland.co.nz/
ChIJHXbNULw5DW0RHgPdHtDDMIc,SangSang,-36.7809739,174.7219275,"8b/111 Bentley Avenue, Glenfield, Auckland 0629, New Zealand",restaurant,"establishment,food,point_of_interest,restaurant",4.5,162,+64 9 200 0474,
ChIJL36E4_lHDW0RpxlDH4605ek,Giraffe,-36.8434292,174.7631201,"85/89 Customs Street West, Auckland Central, Auckland 1010, New Zealand",restaurant,"establishment,food,point_of_interest,restaurant",4.2,991,+64 9 358 1093,http://www.girafferestaurant.co.nz/
ChIJwRczm1JHDW0RFN5dQQ90hrU,Bivacco,-36.8429437,174.7617072,"115 Customs Street West, Auckland Central, Auckland 1010, New Zealand",restaurant,"establishment,food,point_of_interest,restaurant",4.2,511,+64 9 801 6505,http://www.savor.co.nz/bivacco
ChIJl9sFEapHDW0R8tcHwZWhNbc,The Cave Yakitori Bar,-36.8535383,174.7631052,"319 B Queen Street, Auckland Central, Auckland 1010, New Zealand",restaurant,"establishment,food,point_of_interest,restaurant",4.5,991,+64 9 379 5151,https://tanukiscave.co.nz/
ChIJ94UFpuhHDW0RQ7B1sFdz7IM,Le Garde-Manger,-36.8557591,174.7625981,"466 Queen Street, Auckland Central, Auckland 1010, New Zealand",restaurant,"cafe,establishment,food,point_of_interest,restaurant",4.6,1253,+64 9 362 0655,http://www.legardemanger.co.nz/
ChIJ4VwbgIVHDW0RbrSpXbsyD5s,Jervois Steak House,-36.8461677,174.7418873,"70 Jervois Road, Ponsonby, Auckland 1011, New Zealand",restaurant,"establishment,food,point_of_interest,restaurant",4.5,1515,+64 9 376 2049,http://www.jervoissteakhouse.co.nz/
ChIJmewippZHDW0ROEDfXJu8rtU,Ghost Street (Restaurant),-36.8448476,174.7685447,"Basement level, Tuawhiti Lane, 27 Galway Street, Britomart, Auckland 1010, New Zealand",restaurant,"establishment,food,point_of_interest,restaurant",4.5,377,+64 9 306 2233,http://ghoststreetakl.nz/
ChIJJ7UknfpHDW0RdDuSCbbrYqM,1947 eatery,-36.8478134,174.7630138,"60 Federal Street, Auckland Central, Auckland 1010, New Zealand",restaurant,"bar,establishment,food,point_of_interest,restaurant",4.2,2299,+64 9 377 0033,http://www.1947eatery.co.nz/
ChIJ6TAx__tHDW0RlkMZG6RqEy0,Cafe Hanoi,-36.8448581,174.7685407,"Tuawhiti Lane, 27 Galway Street, Britomart, Auckland 1010, New Zealand",restaurant,"establishment,food,point_of_interest,restaurant",4.4,1535,+64 9 302 3478,http://www.cafehanoi.co.nz/
ChIJfWpVOfxHDW0REaYXm-GQWZY,Chargrill ️ Grill Restaurant and Bar in Auckland,-36.8461144,174.7688566,"44 Fort Street, Auckland Central, Auckland 1010, New Zealand",restaurant,"bar,establishment,food,meal_takeaway,point_of_interest,restaurant",4.6,882,+64 9 373 5252,https://chargrill44.co.nz/
ChIJycLVrfFHDW0RQAndt_DBaZ4,Le Chef,-36.847205,174.7671002,"13 O'Connell Street, Auckland Central, Auckland 1010, New Zealand",restaurant,"cafe,establishment,food,point_of_interest,restaurant",4.4,1198,+64 9 373 4723,https://le-chef.co.nz/
ChIJ64UPbPxHDW0RDj_fTPmFQlk,Ima Cuisine,-36.8464593,174.7687944,"53 Fort Street, Downtown, Auckland 1010, New Zealand",restaurant,"bakery,establishment,food,point_of_interest,restaurant,store",4.3,1040,+64 9 377 5252,https://www.imacuisine.co.nz/
ChIJO2H7lW9HDW0R4cwNUmxR2lU,Queens Rooftop & Wineshop,-36.8435492,174.7668169,"Level 21/1 Queen Street, Auckland Central, Auckland 1010, New Zealand",,"bar,establishment,point_of_interest",4.3,462,+64 21 161 8430,https://www.queensrooftop.co.nz/
ChIJP2kKVFVHDW0Ref52MRvqxgA,"Rodd & Gunn The Lodge, Auckland",-36.8432548,174.7660786,"Commercial Bay, 7 Queen Street, Auckland 1010, New Zealand",restaurant,"bar,establishment,food,point_of_interest,restaurant",4.4,341,+64 9 884 4200,https://www.roddandgunn.com/nz/the-lodge-bar/auckland
ChIJ85DZyo07DW0RexnR3fM7Zdo,Acafe (BlueSong) Coffee & Mocktails,-36.7402466,174.7217283,"6/4 Arrenway Drive, Rosedale, Auckland 0632, New Zealand",restaurant,"cafe,establishment,food,point_of_interest,store",4.7,44,+64 210 277 8501,https://www.instagram.com/acafe.nz/
ChIJ6UDZ5WI3DW0RTCnk2Kq3HiQ,Takapuna Beach Cafe,-36.7841989,174.7753112,"22 The Promenade, Takapuna, Auckland 0622, New Zealand",restaurant,"cafe,establishment,food,meal_takeaway,point_of_interest,restaurant,store",4.4,3429,,http://www.takapunabeachcafe.com/
ChIJrccisTJGDW0RncDrmsFzxQY,Circus Circus,-36.8823611,174.7619767,"447 Mount Eden Road, Mount Eden, Auckland 1024, New Zealand",restaurant,"cafe,establishment,food,point_of_interest,restaurant,store",4.4,3363,+64 9 623 3833,http://www.circuscafe.co.nz/
ChIJzRrr1E45DW0RnL4CCgfYXdw,Cafe Third Wave Glenfield,-36.7819552,174.7237853,"77 Bentley Avenue, Glenfield, Auckland 0629, New Zealand",restaurant,"cafe,establishment,food,point_of_interest",4.8,20,,
ChIJf5N6kIc5DW0R0kGLFMMYFmI,Patch Cafe,-36.7842959,174.7385927,"108 Sunnybrae Road, Hillcrest, Auckland 0627, New Zealand",restaurant,"cafe,establishment,food,point_of_interest",4.4,1094,+64 9 213 2340,https://m.facebook.com/Patchsunnybrae/
ChIJ0a6M8F45DW0R2zRmP0I41Xc,SG Coffee,-36.7616334,174.7248294,"8 Target Road, Totara Vale, Auckland 0629, New Zealand",restaurant,"cafe,establishment,food,point_of_interest,store",4.9,72,,
ChIJaX1vOOVHDW0Rw23sCKugN-s,Remedy Coffee,-36.8506588,174.7643445,"1 Wellesley Street West, Auckland Central, Auckland 1010, New Zealand",restaurant,"cafe,establishment,food,meal_takeaway,point_of_interest,restaurant,store",4.7,1442,+64 210 383 066,https://www.facebook.com/Remedy-Coffee-134703853265719/
ChIJBz2XQQA5DW0RX_2ACgXMtR8,Lulu cafe,-36.7675767,174.7383814,"8 Link Drive, Wairau Valley, Auckland 0627, New Zealand",restaurant,"cafe,establishment,food,point_of_interest",4.5,178,+64 9 948 9723,https://www.instagram.com/lulucafe.nz/
ChIJKSaqHQBHDW0RnmbbeL593Kw,Omusubi Cafe Plat,-36.8472318,174.7665573,"29 Vulcan Lane, Auckland Central, Auckland 1010, New Zealand",restaurant,"cafe,establishment,food,point_of_interest,restaurant",4.6,60,,https://www.instagram.com/omusubicafe_plat?igsh=ZXN0cm12cHB0M2Fw
ChIJx9JNEPtHDW0RqRRiK6fjD5Q,Chuffed,-36.8480151,174.7662993,"43 High Street, Auckland Central, Auckland 1010, New Zealand",restaurant,"bar,cafe,establishment,food,point_of_interest,restaurant",4.5,1344,+64 9 367 6801,https://www.chuffed.co.nz/
ChIJPZGSzB05DW0RoKzwYHeHxqE,Little Things Coffee Shop & Micro-Roastery,-36.7818556,174.7214644,"Glenfield Mall Shop 502C, Level 5/385 Glenfield Road, Glenfield, Auckland 0629, New Zealand",restaurant,"cafe,establishment,food,point_of_interest,store",4.7,238,+64 9 600 3210,http://www.littlethingscoffee.co.nz/
ChIJ8UtKPS45DW0RawGrTXzhabU,VIBE Coffee Roasters,-36.7805767,174.7434315,"1/15 Porana Road, Wairau Valley, Auckland 0627, New Zealand",restaurant,"cafe,establishment,food,point_of_interest",4.5,698,+64 800 652 701,http://www.vibecoffee.co.nz/
ChIJQ8ye_tRHDW0RIJ6CeYq4h2w,FLUFF Cafe,-36.8640948,174.7620515,"Unit 7G/38 Khyber Pass Road, Grafton, Auckland 1023, New Zealand",restaurant,"cafe,establishment,food,point_of_interest,restaurant,store",4.8,298,+64 9 282 1206,http://fluffhouse.co.nz/
ChIJge-P40s5DW0RA5ZaehnEzpI,Cafe Cezwe,-36.7829896,174.7406184,"59 Porana Road, Wairau Valley, Auckland 0627, New Zealand",restaurant,"cafe,establishment,food,point_of_interest",4.8,496,+64 9 444 5225,http://facebook.com/cezwecafe
ChIJRaM5q65HDW0RYJIJV2BwOqM,Crave,-36.8753495,174.7362892,"6 Morningside Drive, Morningside, Auckland 1025, New Zealand",restaurant,"cafe,establishment,food,point_of_interest,restaurant",4.4,1907,+64 9 845 4714,http://cravecafe.co.nz/
ChIJafGwdfQ4DW0RZmsd5FRceU4,Fika With Me,-36.8121177,174.7264884,"5 Birkenhead Avenue, Birkenhead, Auckland 0626, New Zealand",restaurant,"cafe,establishment,food,point_of_interest,restaurant,store",4.7,370,+64 9 418 5508,https://fikawithmebirkenhead.com/
ChIJXStrtZVHDW0R874ZkzGOPDc,Cafe 39,-36.8573525,174.7486954,"39 Ponsonby Road, Ponsonby, Auckland 1011, New Zealand",restaurant,"bar,cafe,establishment,food,point_of_interest,restaurant",4.8,330,+64 9 376 5008,https://www.thirtynine.co.nz/?utm_source=gmb&utm_medium=referrer&utm_campaign=search+%7C+ponsorby
ChIJmXje_dI5DW0R0sh3x0hCWn4,Toasted Coffee Roasters,-36.7679942,174.7373659,"4 Link Drive, Wairau Valley, Auckland 0627, New Zealand",restaurant,"cafe,establishment,food,point_of_interest",4.7,346,+64 9 966 6485,http://toasted.co.nz/
ChIJzbpf74BHDW0RnNHbnp0EBvI,Honey Sundays,-36.8473247,174.7317725,"203 Jervois Road, Herne Bay, Auckland 1011, New Zealand",restaurant,"cafe,establishment,food,point_of_interest",4.9,88,,https://www.instagram.com/honeysundays_/
ChIJySyGxQlHDW0RrnjDV9QNp0U,Honey Cafe CBD,-36.85162070000001,174.7651862,"44/46 Lorne Street, Auckland Central, Auckland 1010, New Zealand",restaurant,"cafe,establishment,food,point_of_interest",4.8,343,+64 9 300 6327,https://honeycafe.co.nz/cbd/
ChIJaVBq9tY5DW0ROY9aB4eIZXY,Honey Cafe Takapuna,-36.789381,174.7706559,"12 Huron Street, Takapuna, Auckland 0622, New Zealand",restaurant,"cafe,establishment,food,point_of_interest,restaurant",4.5,803,+64 9 489 4000,https://honeycafe.co.nz/
ChIJdduYPxY6DW0RCarYQdzXwWM,"Montrose Cafe, Bistro and Bar",-36.738059,174.753685,"1 Montrose Terrace, Mairangi Bay, Auckland 0630, New Zealand",restaurant,"cafe,establishment,food,point_of_interest,restaurant",4.5,412,+64 9 478 9610,http://www.montrose.org.nz/
ChIJ5zi-uvI5DW0RThpLCTy15n8,Aim High Cafe,-36.8014051,174.7459364,"17 Pearn Place, Northcote, Auckland 0627, New Zealand",restaurant,"cafe,establishment,food,point_of_interest",4.8,105,+64 21 112 6483,http://www.aimhightrust.co.nz/
ChIJx6Xmihc5DW0RtYuHPQgRBkk,Cox House Cafe,-36.7829734,174.7119857,"123 Stanley Road, Glenfield, Auckland 0629, New Zealand",restaurant,"cafe,establishment,food,point_of_interest,restaurant",4.3,131,+64 9 440 5868,https://www.facebook.com/CoxHouseCafe/
ChIJCaCvMJ1HDW0Rs3VOc2kR4hY,No.7,-36.856902,174.7587364,"7/59 Pitt Street, Newton, Auckland 1010, New Zealand",restaurant,"bar,cafe,establishment,food,point_of_interest,restaurant,store",4.9,43,+64 27 232 3875,https://instagram.com/no.7_akl?igshid=MmJiY2I4NDBkZg==
ChIJPf_Sdto5DW0RMFvx_577P3A,Kawana Coffee House,-36.8067891,174.7435851,"1 Kawana Street, Northcote, Auckland 0627, New Zealand",restaurant,"cafe,establishment,food,point_of_interest",4.9,88,+64 9 280 1904,
ChIJlzLZZgU5DW0RxhKcJVA7s5A,Little Finch Cafe,-36.7662486,174.7648634,"Inga Road, Castor Bay, Auckland 0620, New Zealand",restaurant,"cafe,establishment,food,point_of_interest,store",4.9,16,,
ChIJi3lg_Lo5DW0RVnOx1nWjb10,Coffee Lab,-36.7821055,174.7440972,"15 Silverfield, Wairau Valley, Auckland 0627, New Zealand",restaurant,"cafe,establishment,food,point_of_interest,restaurant,store",4.5,811,+64 9 444 3131,http://www.coffeelab.co.nz/
ChIJU3eheKVHDW0R1N_TrCOFlzI,Benedict's,-36.8625192,174.760267,"1/30 Saint Benedicts Street, Eden Terrace, Auckland 1010, New Zealand",restaurant,"cafe,establishment,food,point_of_interest,restaurant",4.5,367,+64 9 212 1621,https://www.benedicts.co.nz/
ChIJf-8GPuRHDW0Rw275cZElgoo,Little Q,-36.8721615,174.7446683,"460 New North Road, Kingsland, Auckland 1021, New Zealand",restaurant,"cafe,establishment,food,point_of_interest",4.7,490,+64 9 815 0660,https://littleq.co.nz/
ChIJEYmkEGA4DW0R5aqmMYGJa7Q,Ravenhill Cafe & Restaurant,-36.8170204,174.7322235,"98 Hinemoa Street, Birkenhead, Auckland 0622, New Zealand",restaurant,"cafe,establishment,food,meal_takeaway,point_of_interest,restaurant,store",4.3,549,+64 9 418 2898,https://ravenhill.co.nz/
ChIJUzp-tYc5DW0RLcMUsLaf5iY,Fact-Tree,-36.7547264,174.7405429,"1/24 Tonkin Drive, Sunnynook, Auckland 0630, New Zealand",restaurant,"cafe,establishment,food,point_of_interest,restaurant",4.5,633,+64 9 410 7617,
ChIJL7ubf883DW0Rmlu7wck6O9c,Dulcie,-36.8296467,174.8040482,"33 King Edward Parade, Devonport, Auckland 0624, New Zealand",restaurant,"establishment,food,point_of_interest,restaurant",4.7,265,+64 9 281 0413,http://www.dulcie.co.nz/
ChIJVSHCAplHDW0RuMyfJ1nf8qQ,wildbean cafe,-36.8461421,174.7586904,"104/108 Fanshawe Street, Auckland Central, Auckland 1010, New Zealand",restaurant,"bakery,cafe,establishment,food,point_of_interest,restaurant,store",4.0,34,+64 9 373 0910,https://www.bp.com/en_nz/new-zealand/home.html
ChIJKRt8N5g5DW0RoXb1RQyvJ3I,K​F Café,-36.7961236,174.7364464,"53 Eban Avenue, Hillcrest, Auckland 0627, New Zealand",restaurant,"cafe,establishment,food,point_of_interest,store",4.8,53,+64 20 477 7168,
ChIJ26BROdxJDW0RROHKm1Nl8yE,Mission Bay Cafe,-36.8483963,174.8322601,"85 Tamaki Drive, Mission Bay, Auckland 1071, New Zealand",restaurant,"bar,cafe,establishment,food,point_of_interest,restaurant",4.1,1103,+64 9 528 0017,http://missionbay.cafe/
ChIJfS_yGPtHDW0RtLDv_6JBWpw,Mezze Bar,-36.848399,174.7659346,"Durham Street East, Auckland Central, Auckland 1010, New Zealand",restaurant,"cafe,establishment,food,point_of_interest,restaurant",4.5,1797,+64 9 307 2029,http://mezzebar.co.nz/
ChIJR4ViocE-DW0Rul35B7vMS2I,The Collins Cafe And Bar,-36.7743611,174.6711997,"20 Greenhithe Road, Greenhithe, Auckland 0632, New Zealand",restaurant,"bar,cafe,establishment,food,point_of_interest,restaurant",4.4,494,+64 9 413 9322,
ChIJ4wJKOw9IDW0RxGZ_talbaiY,Winona Forever,-36.8527055,174.7789497,"100 Parnell Road, Parnell, Auckland 1052, New Zealand",restaurant,"cafe,establishment,food,point_of_interest",4.3,1283,+64 9 974 2796,http://winonaforever.co.nz/
ChIJB3LhgY1HDW0RI5-7-ck-G_w,Queenies Caffé & Vino,-36.8489899,174.7498593,"24 Spring Street, Freemans Bay, Auckland 1011, New Zealand",restaurant,"bar,cafe,establishment,food,point_of_interest,restaurant",4.5,374,+64 21 278 1214,http://www.queenieslunchroom.com/
ChIJJcPk11Y5DW0R7ctCs35eFFo,Goodside,-36.7847948,174.7539777,"Smales Farm 72 Taharoto Road, Takapuna, Auckland 0622, New Zealand",restaurant,"bar,cafe,establishment,food,point_of_interest,restaurant",4.5,150,,http://www.goodside.co.nz/
ChIJwcGgvog5DW0R4cSY2IXF6aM,The Great Cafe,-36.75970720000001,174.7398767,"Shop8/120 Sunnynook Road, Sunnynook, Auckland 0620, New Zealand",restaurant,"cafe,establishment,food,point_of_interest,restaurant",4.6,212,+64 9 410 4270,
ChIJG-_aHThJDW0RnBp0JGF_9Fk,Bandung,-36.8534058,174.7789995,"119 Parnell Road, Parnell, Auckland 1052, New Zealand",restaurant,"bar,cafe,establishment,food,point_of_interest,restaurant",4.7,229,+64 9 302 1717,http://www.bandung.co.nz/
ChIJ8dblpYlHDW0RHtqh1PRy1Yg,Buoy Cafe & Eatery,-36.8354264,174.743395,"141/151 Westhaven Drive, Westhaven, Auckland 1011, New Zealand",restaurant,"cafe,establishment,food,point_of_interest,restaurant",4.2,851,+64 9 378 6667,https://www.buoycafe.co.nz/
ChIJBXjya_I4DW0RZ_clLWSaNKQ,Bungalo Cafe,-36.8119779,174.7220875,"96 Mokoia Road, Birkenhead, Auckland 0626, New Zealand",restaurant,"cafe,establishment,food,point_of_interest,restaurant,store",4.4,761,+64 9 480 2819,http://www.bungalo.co.nz/
ChIJC9LERutHDW0RlRbHAoKOBG0,Pilar Cafe & Eatery,-36.8597393,174.7524317,"2 Ponsonby Road, Grey Lynn, Auckland 1011, New Zealand",restaurant,"cafe,establishment,food,point_of_interest",4.9,126,+64 9 217 9890,https://instagram.com/pilar.ponsonby?igshid=OGQ5ZDc2ODk2ZA==
ChIJzZxxYY85DW0RTty0qWA-T00,Pure Cafe,-36.8009489,174.7572597,"5 The Warehouse Way, Northcote, Auckland 0627, New Zealand",restaurant,"cafe,establishment,food,point_of_interest,store",4.9,50,+64 9 489 9547,
ChIJSxyCqulHDW0RZvGfG3gDRRI,Bestie Cafe,-36.8574371,174.7601623,"179/183 Karangahape Road, Auckland Central, Auckland 1010, New Zealand",restaurant,"cafe,establishment,food,point_of_interest,restaurant",4.4,838,,http://bestiecafe.co.nz/
ChIJx2qw3A85DW0ReAqH65pOfic,Cafe Etage,-36.7818854,174.7227402,"40/48 Downing Street, Glenfield, North Shore 0629, New Zealand",restaurant,"cafe,establishment,food,point_of_interest",4.2,50,+64 9 978 9613,
ChIJTURjUo5HDW0R9HCEVqG63HE,Honey Cafe Ponsonby,-36.8469172,174.7448351,"13 Saint Marys Road, St Marys Bay, Auckland 1011, New Zealand",restaurant,"cafe,establishment,food,point_of_interest,restaurant",4.4,556,+64 9 360 7260,https://honeycafe.co.nz/ponsonby/
ChIJDdjwFftHDW0RV7iS0mKu_8I,The Shelf,-36.84847800000001,174.7664402,"50 High Street, Auckland Central, Auckland 1010, New Zealand",restaurant,"cafe,establishment,food,point_of_interest,restaurant",4.3,817,+64 9 379 9877,https://theshelfcafe.co.nz/
ChIJUyv6FN05DW0RPHtHJpg_UpA,Blue Cafe,-36.8072129,174.7423369,"18 Kawana Street, Northcote, Auckland 0627, New Zealand",restaurant,"cafe,establishment,food,point_of_interest",4.7,48,+64 9 200 0506,
ChIJF04bNPtHDW0RsXYakRCVdsQ,Scarecrow,-36.8495906,174.7665544,"33 Victoria Street East, Auckland 1010, New Zealand",restaurant,"cafe,establishment,food,grocery_or_supermarket,meal_takeaway,point_of_interest,restaurant,store",4.4,1150,+64 9 377 1333,http://scarecrow.co.nz/
ChIJz79v9cM7DW0RuRFJP_dx5us,Willow Cafe,-36.7358157,174.7154905,"42 Tawa Drive, Albany, Auckland 0632, New Zealand",restaurant,"cafe,establishment,food,point_of_interest,restaurant",4.5,805,+64 9 414 6297,https://www.willowcafe.co.nz/
ChIJw1iX4fFHDW0RoGtWoFUdu-o,Odettes Eatery,-36.84972,174.7584076,"90 Wellesley Street West, Auckland Central, Auckland 1010, New Zealand",restaurant,"establishment,food,point_of_interest,restaurant",4.5,1877,+64 9 309 0304,http://www.odettes.co.nz/
ChIJ1fjFAqBHDW0ReFZowKaF_AQ,Honey Bones,-36.8592082,174.7321141,"480 Richmond Road, Grey Lynn, Auckland 1021, New Zealand",restaurant,"cafe,establishment,food,point_of_interest",4.5,471,,http://www.honeybones.co.nz/
ChIJofuc3qpHDW0R8yS0siB9Vyg,Geeks on Sainsbury,-36.879613,174.7340453,"1/55 Sainsbury Road, Mount Albert, Auckland 1025, New Zealand",restaurant,"cafe,establishment,food,point_of_interest,restaurant",4.6,636,+64 9 845 4797,https://instagram.com/geeksonsainsbury?igshid=OGQ5ZDc2ODk2ZA==
ChIJJdxLbfBHDW0Rh5OtgMO10QI,Sky Tower,-36.848448,174.762191,"Victoria Street West, Auckland Central, Auckland 1010, New Zealand",tourist attraction,"establishment,point_of_interest,tourist_attraction",4.6,20071,+64 9 363 6000,https://www.skycityauckland.co.nz/attractions/sky-tower/
ChIJ____T8w3DW0RVNux8PhmCAQ,Maungauika / North Head Historic Reserve,-36.8272011,174.8103852,"18 Takarunga Road, Devonport, Auckland 0624, New Zealand",tourist attraction,"establishment,park,point_of_interest,tourist_attraction",4.7,1676,,https://www.aucklandcouncil.govt.nz/parks-recreation/Pages/park-details.aspx?Location=1402
ChIJc15kjNRJDW0RDbcAjDa6gvM,SEA LIFE Kelly Tarlton's Aquarium,-36.8469604,174.8174321,"23 Tamaki Drive, Orakei, Auckland 1071, New Zealand",tourist attraction,"aquarium,establishment,point_of_interest,tourist_attraction",4.3,8166,,https://www.visitsealife.com/auckland/?utm_source=gmb&utm_medium=organic&utm_campaign=yext&utm_content=2
ChIJWQgV_9lJDW0RWpJWPT_Agsc,Bastion Point,-36.8470644,174.8256889,"19 Hapimana Street, Orakei, Auckland 1071, New Zealand",tourist attraction,"establishment,park,point_of_interest,tourist_attraction",4.6,1504,+64 9 301 0101,https://www.aucklandcouncil.govt.nz/parks-recreation/Pages/default.aspx
ChIJFSuLDIBHDW0R81J0b2iDOeQ,Wētā Workshop Unleashed,-36.8491199,174.7623749,"Convention Centre Level 5/88 Federal Street, Auckland Central, Auckland 1010, New Zealand",tourist attraction,"establishment,point_of_interest,tourist_attraction",4.8,1850,+64 4 909 4035,https://www.wetaworkshop.com/tours/auckland
ChIJsVoLrglHDW0RiyzvONQhR4s,Western Springs Park,-36.8644795,174.727963,"731 Great North Road, Western Springs, Auckland 1022, New Zealand",tourist attraction,"establishment,park,point_of_interest,tourist_attraction",4.6,1747,+64 9 301 0101,https://www.aucklandcouncil.govt.nz/parks-recreation/Pages/park-details.aspx?Location=146
ChIJoQT0pfxHDW0REvz7PfHIBhE,Albert Park,-36.8506426,174.7678881,"33-43 Princes Street, Auckland Central, Auckland 1010, New Zealand",tourist attraction,"establishment,park,point_of_interest,tourist_attraction",4.6,4517,+64 9 301 0101,https://www.aucklandcouncil.govt.nz/parks-recreation/Pages/park-details.aspx?Location=169
ChIJ9yApKU5HDW0RLeVv3Iojaeg,All Blacks Experience,-36.8490997,174.7623972,"Level 4/88 Federal Street, Auckland Central, Auckland 1010, New Zealand",tourist attraction,"establishment,point_of_interest,tourist_attraction",4.8,724,+64 9 281 0621,https://www.experienceallblacks.com/
ChIJS9EXgcM3DW0RELucJGLvAA8,Takarunga / Mount Victoria,-36.826789,174.7990189,"24 Kerr Street, Devonport, Auckland 0624, New Zealand",tourist attraction,"establishment,park,point_of_interest,tourist_attraction",4.7,2140,+64 9 301 0101,https://www.aucklandcouncil.govt.nz/parks-recreation/Pages/park-details.aspx?Location=484
ChIJCQ6TugpIDW0RU_XfsaBVC0E,Domain Wintergardens,-36.86024030000001,174.7740933,"Wintergarden Road, Parnell, Auckland 1010, New Zealand",tourist attraction,"establishment,park,point_of_interest,tourist_attraction",4.7,3976,+64 9 301 0101,
ChIJN8KgBdpJDW0RIL-cJGLvAA8,Michael Joseph Savage Memorial Park,-36.8483964,174.8263074,"19 Hapimana Street, Orakei, Auckland 1071, New Zealand",tourist attraction,"establishment,park,point_of_interest,tourist_attraction",4.6,2139,+64 9 301 0101,https://www.aucklandcouncil.govt.nz/parks-recreation/Pages/park-details.aspx?Location=198
ChIJsV3PLvlHDW0RQUyTfgYXJF8,Auckland Free Walking Tours,-36.8431381,174.7673311,"Quay Street, Auckland Central, Auckland 1010, New Zealand",,"establishment,point_of_interest,travel_agency",4.7,274,,https://aucklandfreewalkingtours.com/
ChIJV4daZIZHDW0R1WpDPiVXAqU,AJ Hackett Auckland Bridge Bungy & Climb,-36.83576190000001,174.7417878,"105 Curran Street, Westhaven Reserve, Herne Bay, Auckland 1011, New Zealand",tourist attraction,"establishment,point_of_interest,tourist_attraction",4.8,1328,+64 800 286 4958,https://www.bungy.co.nz/auckland/auckland-bridge/?utm_source=google&utm_medium=gmb&utm_campaign=akl-bridge
ChIJW604rtY1DW0RhV4chS6c5pw,Rangitoto Summit Track,-36.8063353,174.8615776,"Auckland 1010, New Zealand",tourist attraction,"establishment,park,point_of_interest,tourist_attraction",4.7,227,,https://www.doc.govt.nz/parks-and-recreation/places-to-go/auckland/places/rangitoto-island/tracks/rangitoto-island-summit-walks/
ChIJ8WSbGfNmDW0RZG7cQ_a_3p8,Manukau Heads Lighthouse,-37.0506107,174.5457743,"759 Manukau Heads Road, Manukau Heads 2684, New Zealand",tourist attraction,"establishment,point_of_interest,tourist_attraction",4.6,1357,,https://www.manukauheadslighthouse.org.nz/
ChIJN6WB2_lHDW0RoGTatEIRbtc,Explore Group - Auckland,-36.8421604,174.7624849,"Explore Booking Kiosk Quay Street, Viaduct, Auckland 1010, New Zealand",,"establishment,point_of_interest,travel_agency",4.4,324,+64 800 397 567,http://www.exploregroup.co.nz/
ChIJ0R-ltvlHDW0R8JLKNAxrLXY,"Auckland Tourism, Events and Economic Development",-36.84225259999999,174.7647936,"139 Quay Street, Levels 7 & 8, Auckland Central, Auckland 1010, New Zealand",,"establishment,finance,point_of_interest",5.0,1,+64 9 365 0500,https://www.aucklandnz.com/
ChIJc-OINQBJDW0Rg8YdYgHfv_0,Okahu Bay,-36.8508937,174.8123916,"14 Tamaki Drive, Mission Bay, Auckland 1062, New Zealand",park,"establishment,park,point_of_interest",,0,,
ChIJs8ij3Kc5DW0Rn6MlXnhrr9g,Marlborough Park,-36.7836968,174.7333288,"13 Chartwell Avenue, Glenfield, Auckland 0629, New Zealand",park,"establishment,park,point_of_interest",4.5,480,+64 9 301 0101,https://www.aucklandcouncil.govt.nz/parks-recreation/Pages/park-details.aspx?Location=496
ChIJu_rXJws5DW0RYKucJGLvAA8,Normanton Reserve,-36.7737175,174.7289358,"9 Normanton Street, Glenfield, Auckland 0629, New Zealand",park,"establishment,park,point_of_interest",4.3,333,+64 9 301 0101,https://www.aucklandcouncil.govt.nz/parks-recreation/Pages/park-details.aspx?Location=694
ChIJ7d-YpZBIDW0R0NKcJGLvAA8,Cornwall Park,-36.8974467,174.7843076,"Green Lane West, Epsom, Auckland 1051, New Zealand",tourist attraction,"establishment,park,point_of_interest,tourist_attraction",4.8,10485,+64 9 630 8485,https://cornwallpark.co.nz/
ChIJv9l0iYc5DW0RbAJWjb9UEJ8,Kaipatiki Park,-36.7812711,174.7161596,"5092173, Glenfield, Auckland 0629, New Zealand",park,"establishment,park,point_of_interest",4.3,101,,
ChIJBzWFxZRHDW0RsMOcJGLvAA8,Western Park,-36.8565643,174.7518897,"5/7 Howe Street, Freemans Bay, Auckland 1011, New Zealand",tourist attraction,"establishment,park,point_of_interest,tourist_attraction",4.6,1285,+64 9 301 0101,https://www.aucklandcouncil.govt.nz/parks-recreation/Pages/park-details.aspx?Location=151
ChIJ9amirDA5DW0Rjo74tXYI8Kk,Manuka Reserve,-36.7778346,174.6995507,"Manuka Road, Bayview, Auckland 0629, New Zealand",park,"establishment,park,point_of_interest",4.5,78,,https://www.aucklandcouncil.govt.nz/parks-recreation/Pages/park-details.aspx?Location=712
ChIJxzNHDfVHDW0RZOK5Uhd2cEA,Silo Park,-36.8403392,174.7554946,"Corner Beaumont Street and Jellicoe, Jellicoe Street, Auckland Central, Auckland 1010, New Zealand",tourist attraction,"establishment,park,point_of_interest,tourist_attraction",4.5,3284,,https://www.silopark.co.nz/
ChIJjz5LxSE5DW0R0LadJGLvAA8,Eskdale Reserve,-36.793306,174.709912,"Glenfield Road, Glenfield, Auckland 0629, New Zealand",park,"establishment,park,point_of_interest",4.5,246,+64 9 301 0101,https://www.aucklandcouncil.govt.nz/parks-recreation/Pages/park-details.aspx?Location=2398
ChIJhaxK9RE5DW0RdfUtACyrOho,Lancelot Reserve,-36.7781449,174.7198017,"Glenfield, Auckland 0629, New Zealand",park,"establishment,park,point_of_interest",4.5,19,,http://www.aucklandcouncil.govt.nz/
ChIJQe7cldQ-DW0RYK-cJGLvAA8,Shepherds Park,-36.7873262,174.6878594,"31/35 Cresta Avenue, Beach Haven, Auckland 0626, New Zealand",tourist attraction,"establishment,park,point_of_interest,tourist_attraction",4.5,904,+64 9 301 0101,https://www.aucklandcouncil.govt.nz/parks-recreation/Pages/park-details.aspx?Location=423
ChIJvcgCRg5HDW0RkMecJGLvAA8,Western Springs Lakeside Park,-36.8656386,174.723052,"99 Motions Road, Western Springs, Auckland 1022, New Zealand",park,"establishment,park,point_of_interest",4.6,1291,+64 9 301 0101,https://www.aucklandcouncil.govt.nz/parks-recreation/Pages/park-details.aspx?Location=146
ChIJ-Xaj2Tg5DW0RcKucJGLvAA8,Lynn Reserve,-36.7734498,174.7031807,"107 Lynn Road, Bayview, Auckland 0629, New Zealand",tourist attraction,"establishment,park,point_of_interest,tourist_attraction",4.5,180,+64 9 301 0101,http://www.aucklandcity.govt.nz/whatson/places/parksonline/detail2.asp?pParkId=14229
ChIJV5Ox5h45DW0RhmHF3uZzaw0,Windy Ridge Reserve,-36.7901615,174.7136204,"29 Valley View Road, Glenfield, Auckland 0629, New Zealand",park,"establishment,park,point_of_interest",4.6,30,,
ChIJafhDBURHDW0RkMGcJGLvAA8,Coyle Park,-36.8517471,174.7044563,"528 Point Chevalier Road, Point Chevalier, Auckland 1022, New Zealand",tourist attraction,"establishment,park,point_of_interest,tourist_attraction",4.6,1824,+64 9 301 0101,https://www.aucklandcouncil.govt.nz/parks-recreation/Pages/park-details.aspx?Location=21
ChIJgakB8ApIDW0R8MKcJGLvAA8,Auckland Domain,-36.858931,174.7754857,"Park Road, Parnell, Auckland 1010, New Zealand",tourist attraction,"establishment,park,point_of_interest,tourist_attraction",4.7,12609,+64 9 301 0101,https://www.aucklandcouncil.govt.nz/parks-recreation/Pages/park-details.aspx?Location=126
ChIJ0xcuKg85DW0R0pioFfC-UCE,Camelot Reserve,-36.781198,174.7261688,"36 Camelot Place, Glenfield, Auckland 0629, New Zealand",park,"establishment,park,point_of_interest",4.6,12,,
ChIJB_g83wQ5DW0RWtGHhqHh21g,Oruamo Reserve,-36.7863955,174.7222504,"Glenfield, Auckland 0629, New Zealand",park,"establishment,park,point_of_interest",4.1,21,,
ChIJAeAhz-hHDW0RYMOcJGLvAA8,Myers Park,-36.855229,174.7612847,"72 Greys Avenue, Auckland Central, Auckland 1010, New Zealand",park,"establishment,park,point_of_interest",4.4,994,+64 9 301 0101,https://www.aucklandcouncil.govt.nz/parks-recreation/Pages/park-details.aspx?Location=104
ChIJP7cqIwo5DW0R7xiXhZONOLI,Diana Reserve,-36.7778484,174.7300829,"Glenfield, Auckland 0627, New Zealand",park,"establishment,park,point_of_interest",4.3,39,,http://www.aucklandcouncil.govt.nz/
ChIJ8fLvH_NHDW0RgL-cJGLvAA8,Victoria Park,-36.84691979999999,174.754178,"203-271 Victoria Street West, Auckland Central, Auckland 1010, New Zealand",tourist attraction,"establishment,park,point_of_interest,tourist_attraction",4.5,4136,+64 9 301 0101,https://www.aucklandcouncil.govt.nz/parks-recreation/Pages/park-details.aspx?Location=70
ChIJuzfvS_g5DW0RN5OurbBL858,Kennedy Park,-36.75651879999999,174.7668966,"Beach Road, Castor Bay, Auckland 0620, New Zealand",tourist attraction,"establishment,park,point_of_interest,tourist_attraction",4.6,676,+64 9 301 0101,https://www.aucklandcouncil.govt.nz/parks-recreation/Pages/park-details.aspx?Location=471
ChIJ7zzptaxHDW0RoM6cJGLvAA8,Gribblehirst Park,-36.8804021,174.7378755,"225 Sandringham Road, Sandringham, Auckland 1025, New Zealand",park,"establishment,park,point_of_interest",4.3,392,+64 9 301 0101,https://www.aucklandcouncil.govt.nz/parks-recreation/Pages/park-details.aspx?Location=173
ChIJa96J7Kg5DW0RXL7hEbSita8,McFetridge Park,-36.7857913,174.7351476,"115 Archers Road, Glenfield, Auckland 0627, New Zealand",park,"establishment,park,point_of_interest",4.3,64,+64 9 301 0101,https://www.aucklandcouncil.govt.nz/parks-recreation/Pages/park-details.aspx?Location=498
ChIJiX8jE303DW0RQP5z4mo03GM,Takapuna Beach Reserve Playground,-36.787807,174.7746631,"14 The Strand, Takapuna, Auckland 0622, New Zealand",,"establishment,point_of_interest",4.6,1783,+64 210 227 2456,https://www.aucklandcouncil.govt.nz/parks-recreation/Pages/default.aspx
ChIJYT35NJI4DW0RHjHOzSZi5cM,Chelsea Estate Heritage Park,-36.8190358,174.7204528,"Colonial Road, Birkenhead, Auckland 0626, New Zealand",tourist attraction,"establishment,park,point_of_interest,tourist_attraction",4.5,550,+64 9 301 0101,https://www.aucklandcouncil.govt.nz/parks-recreation/Pages/park-details.aspx?Location=458
ChIJO3bEEoI5DW0ROzKhdelDrjA,Witheford Reserve,-36.7796942,174.711563,"Kaipatiki Road, Glenfield, Auckland 0629, New Zealand",park,"establishment,park,point_of_interest",4.4,11,,https://www.aucklandcouncil.govt.nz/parks-recreation/get-outdoors/aklpaths/Pages/path-detail.aspx?ItemId=371
ChIJq8X97-I4DW0RgLGcJGLvAA8,Eskdale Reserve,-36.79616,174.7191481,"226 Eskdale Road, Birkenhead, Auckland 0626, New Zealand",park,"establishment,park,point_of_interest",4.4,182,+64 9 301 0101,https://www.aucklandcouncil.govt.nz/parks-recreation/Pages/park-details.aspx?Location=2398
ChIJl4GTOM86DW0RoJ-cJGLvAA8,Long Bay Regional Park,-36.689543,174.750982,"Beach Road, Long Bay, Auckland 0792, New Zealand",tourist attraction,"establishment,park,point_of_interest,tourist_attraction",4.7,4839,+64 9 301 0101,https://www.aucklandcouncil.govt.nz/parks-recreation/Pages/park-details.aspx?Location=215
ChIJu3lJxRw6DW0RSQX9avW6ctA,Centennial Park,-36.7514579,174.7581264,"184 Beach Road, Campbells Bay, Auckland 0630, New Zealand",tourist attraction,"establishment,park,point_of_interest,tourist_attraction",4.6,252,+64 9 301 0101,https://www.aucklandcouncil.govt.nz/parks-recreation/Pages/park-details.aspx?Location=515
ChIJQ33M55lIDW0Rx1dTYJK1ZWw,Maungakiekie / One Tree Hill,-36.9018573,174.7813942,"670 Manukau Road, One Tree Hill, Auckland 1051, New Zealand",tourist attraction,"establishment,point_of_interest,tourist_attraction",4.7,3356,+64 9 301 0101,https://www.aucklandcouncil.govt.nz/parks-recreation/Pages/park-details.aspx?Location=156
ChIJcZxS1tloDW0RhObs5vUD_FQ,Waitakere Ranges Regional Park,-36.952287,174.5288379,"300 Scenic Drive, Nihotupu, Auckland 0604, New Zealand",park,"establishment,park,point_of_interest",4.8,148,,https://www.aucklandcouncil.govt.nz/parks-recreation/Pages/park-details.aspx?Location=204
ChIJr2Ljbws5DW0Rl_riZ2NsP5A,Monarch Park,-36.7983105,174.7299122,"4940565, Hillcrest, Hillcrest, Auckland 0627, New Zealand",park,"establishment,park,point_of_interest",4.5,59,,
ChIJiXXhG_A4DW0RELScJGLvAA8,Birkenhead War Memorial Park,-36.8070779,174.7208103,"Mahara Avenue, Birkenhead, Auckland 0626, New Zealand",park,"establishment,park,point_of_interest",4.3,444,+64 9 301 0101,https://www.aucklandcouncil.govt.nz/parks-recreation/Pages/park-details.aspx?Location=464
ChIJG0dfe6M5DW0RBfCKumOG_bM,Locket Reserve,-36.778447,174.7398813,"Glenfield, Auckland 0627, New Zealand",park,"establishment,park,point_of_interest",3.8,6,,
ChIJNUZU2EtGDW0RYNGcJGLvAA8,Potters Park,-36.8864889,174.7488486,"173 Balmoral Road, Mount Eden, Auckland 1024, New Zealand",tourist attraction,"establishment,park,point_of_interest,tourist_attraction",4.6,1841,+64 9 301 0101,https://www.aucklandcouncil.govt.nz/parks-recreation/Pages/park-details.aspx?Location=111
ChIJl1FOiSZHDW0RFW7YufJ9k4Y,Waterview Reserve (Oakley Park),-36.8749228,174.7024964,"31 Herdman Street, Waterview, Auckland 1026, New Zealand",park,"establishment,park,point_of_interest",4.6,702,,https://www.aucklandcouncil.govt.nz/parks-recreation/Pages/park-details.aspx?Location=113
ChIJ41P-JQA5DW0RotmlKZ-V5fI,Bonnie's Park,-36.7727475,174.7169206,"Bayview, Auckland 0629, New Zealand",park,"establishment,park,point_of_interest",4.8,4,,
ChIJtVGP6t05DW0RwKucJGLvAA8,Sylvan Park,-36.7761722,174.7680194,"36 Sylvan Park Avenue, Milford, Auckland 0620, New Zealand",park,"establishment,park,point_of_interest",4.5,244,+64 9 301 0101,https://www.aucklandcouncil.govt.nz/parks-recreation/Pages/park-details.aspx?Location=477
ChIJvSkOcOYuDW0REJucJGLvAA8,Shakespear Regional Park,-36.606696,174.8246213,"1501 Whangaparaoa Road, Army Bay, Auckland 0930, New Zealand",tourist attraction,"establishment,park,point_of_interest,tourist_attraction",4.8,4092,+64 9 366 2000,https://www.aucklandcouncil.govt.nz/parks-recreation/Pages/park-details.aspx?Location=226
ChIJzX2Jg6JHDW0RcMWcJGLvAA8,Grey Lynn Park,-36.8604093,174.7393964,"Dryden Street, Grey Lynn, Auckland 1021, New Zealand",tourist attraction,"establishment,park,point_of_interest,tourist_attraction",4.6,1198,+64 9 886 9743,https://www.aucklandcouncil.govt.nz/parks-recreation/Pages/park-details.aspx?Location=47
ChIJaeppQYlADW0RfMdP9SpT3uI,Harbourview - Orangihina Park,-36.8493584,174.6529013,"465 Te Atatu Road, Te Atatū Peninsula, Auckland 0610, New Zealand",tourist attraction,"establishment,park,point_of_interest,tourist_attraction",4.5,672,+64 9 301 0101,https://www.aucklandcouncil.govt.nz/parks-recreation/Pages/park-details.aspx?Location=663
ChIJPdJ_XPRHDW0RKSxQprHbTI8,Daldy Street Park,-36.8424491,174.7553957,"Wynyard Quarter Daldy Street, Auckland Central, Auckland 1010, New Zealand",tourist attraction,"establishment,park,point_of_interest,tourist_attraction",4.3,210,+64 9 336 8820,
ChIJjwkOlYxFDW0RcOycJGLvAA8,Ambury Regional Park,-36.9480271,174.7660618,"66 Wellesley Road, Māngere Bridge, Auckland 2022, New Zealand",tourist attraction,"establishment,park,point_of_interest,tourist_attraction",4.7,2863,+64 9 301 0101,https://www.aucklandcouncil.govt.nz/parks-recreation/Pages/park-details.aspx?Location=202
ChIJsSDtiBpIDW0RQMCcJGLvAA8,Dove Myer Robinson Park (Parnell Rose Garden),-36.8497563,174.7865304,"85-87 Gladstone Road, Parnell, Auckland 1052, New Zealand",tourist attraction,"establishment,park,point_of_interest,tourist_attraction",4.6,2450,+64 9 301 0101,https://www.aucklandcouncil.govt.nz/parks-recreation/Pages/park-details.aspx?Location=150
ChIJk8o36LJGDW0REN6cJGLvAA8,Olympic Park,-36.9092104,174.6917256,"Portage Road, New Lynn, Auckland 0600, New Zealand",tourist attraction,"establishment,park,point_of_interest,tourist_attraction",4.4,1574,+64 9 301 0101,https://www.aucklandcouncil.govt.nz/parks-recreation/Pages/park-details.aspx?Location=681
ChIJJ3Ixtx05DW0RevSv_IIeprw,Park Reserve,-36.7921402,174.7174336,"64A Park Road, Glenfield, Auckland 0629, New Zealand",park,"establishment,park,point_of_interest",4.6,8,,
ChIJ-2ld64dHDW0RzODBnkJtb4w,Point Erin Park,-36.8396472,174.7411783,"94 Shelly Beach Road, Westhaven, Auckland 1011, New Zealand",tourist attraction,"establishment,park,point_of_interest,tourist_attraction",4.4,300,+64 9 301 0101,https://www.aucklandcouncil.govt.nz/parks-recreation/Pages/park-details.aspx?Location=171
ChIJF4ULHgdHDW0RkMucJGLvAA8,Fowlds Park,-36.8735834,174.7288647,"50 Western Springs Road, Mount Albert, Auckland 1022, New Zealand",park,"establishment,park,point_of_interest",4.4,409,+64 9 301 0101,https://www.aucklandcouncil.govt.nz/parks-recreation/Pages/park-details.aspx?Location=175
ChIJHVhw56ZJDW0REM2cJGLvAA8,Waiatarua Reserve,-36.8870012,174.8259604,"98 Abbotts Way, Meadowbank, Auckland 1050, New Zealand",tourist attraction,"establishment,park,point_of_interest,tourist_attraction",4.5,838,+64 9 301 0101,https://www.aucklandcouncil.govt.nz/parks-recreation/Pages/park-details.aspx?Location=89
ChIJMfF_6bg4DW0RjcZV9ITvorI,Kauri Point Domain,-36.8137594,174.7014108,"Balmain Road, Chatswood, Auckland 0626, New Zealand",tourist attraction,"establishment,park,point_of_interest,tourist_attraction",4.6,209,+64 9 301 0101,https://www.aucklandcouncil.govt.nz/parks-recreation/Pages/default.aspx
ChIJOUuQm-M5DW0R6QZtQ3usgJ4,Milford Beach Reserve,-36.7653985,174.7666934,"63 Milford Road, Milford, Auckland 0620, New Zealand",park,"establishment,park,point_of_interest",4.6,1211,+64 9 301 0101,https://www.aucklandcouncil.govt.nz/parks-recreation/Pages/park-details.aspx?Location=1477
ChIJ8weic9FHDW0RwMucJGLvAA8,Maungawhau / Mount Eden,-36.8774335,174.7642824,"250 Mount Eden Road, Mount Eden, Auckland 1024, New Zealand",tourist attraction,"establishment,park,point_of_interest,tourist_attraction",4.7,7943,+64 9 301 0101,https://www.aucklandcouncil.govt.nz/parks-recreation/Pages/park-details.aspx?Location=58
ChIJm_MktDtHDW0RQMicJGLvAA8,Walker Park,-36.8649199,174.7031647,"7/51 Walker Road, Point Chevalier, Auckland 1022, New Zealand",park,"establishment,park,point_of_interest",4.3,280,+64 9 301 0101,https://www.aucklandcouncil.govt.nz/parks-recreation/Pages/park-details.aspx?Location=5
ChIJf2WSByAnDW0RAJmcJGLvAA8,Wenderholm Regional Park,-36.53210410000001,174.7114684,"37 Schischka Road, Waiwera 0873, New Zealand",park,"establishment,park,point_of_interest",4.7,2518,+64 9 301 0101,https://www.aucklandcouncil.govt.nz/parks-recreation/Pages/park-details.aspx?Location=3411
ChIJMcZxfmE4DW0RdIZw2Y4mZLg,Hinemoa Park,-36.8220064,174.7347371,"Hinemoa Street, Birkenhead, Auckland 0626, New Zealand",park,"establishment,park,point_of_interest",4.5,69,,https://www.aucklandcouncil.govt.nz/parks-recreation/Pages/park-details.aspx?Location=504#playgrounds
ChIJg3rg49NHDW0RjK_GnZxF-x4,Eden Garden,-36.877031,174.767141,"24 Omana Avenue, Epsom, Auckland 1023, New Zealand",tourist attraction,"establishment,park,point_of_interest,tourist_attraction",4.5,785,+64 9 638 8395,http://www.edengarden.co.nz/
ChIJE7c2pvg5DW0Rucamil-os5s,Wairau Junction,-36.7707932,174.7365984,"5019281, Wairau Valley, Auckland 0627, New Zealand",shopping mall,"establishment,point_of_interest,shopping_mall",4.0,449,+64 22 444 4314,
ChIJq8xVy0dJDW0RDrwEDCn_4zA,Sylvia Park Shopping Centre,-36.9172406,174.8418425,"286 Mount Wellington Highway, Mount Wellington, Auckland 1060, New Zealand",shopping mall,"establishment,point_of_interest,shopping_mall",4.4,19316,+64 9 570 3777,https://www.sylviapark.com/
ChIJVVVVwQ85DW0R-wP8T8EUd1M,Glenfield Mall,-36.7818523,174.7220778,"Corner Glenfield Road &, Downing Street, Glenfield, Auckland 0629, New Zealand",shopping mall,"establishment,point_of_interest,shopping_mall",4.2,5739,+64 9 978 9700,http://glenfieldmall.co.nz/
ChIJr51ka3dIDW0RO4-xkJrr9Bc,Westfield Newmarket,-36.8707883,174.7768905,"277 Broadway, Newmarket, Auckland 1023, New Zealand",shopping mall,"establishment,point_of_interest,shopping_mall",4.3,8854,+64 9 978 9400,http://www.westfield.co.nz/newmarket
ChIJK_Iz35Q7DW0RlHpxoOMpSuA,Westfield Albany,-36.7285422,174.7086681,"219 Don McKinnon Drive, Albany, Auckland 0632, New Zealand",shopping mall,"establishment,point_of_interest,shopping_mall",4.3,9510,+64 9 925 9200,http://www.westfield.co.nz/albany
ChIJpUDHCIBPDW0RJ6TM6zXb6hE,Mānawa Bay,-36.9959093,174.8015983,"4 Jimmy Ward Crescent, Auckland Airport, Auckland 2022, New Zealand",shopping mall,"establishment,point_of_interest,shopping_mall",4.5,1372,+64 9 275 7027,https://www.manawabay.co.nz/
ChIJGZiTuoU5DW0Rekr42g5C2d8,Sunnynook Mall,-36.7592981,174.7402558,"Sunnynook, Auckland 0620, New Zealand",shopping mall,"establishment,point_of_interest,shopping_mall",4.1,581,,
ChIJsRdro_5HDW0RpFmy0CRiKRE,Britomart,-36.8442592,174.770116,"3 Maritime Building 130 Quay Street, 1150 Shortland Street, Auckland Central, Auckland 1140, New Zealand",shopping mall,"establishment,point_of_interest,shopping_mall",4.4,2506,+64 9 914 8431,http://britomart.org/
ChIJc8BAZftHDW0RwExZksisVMA,Chancery Square,-36.84798110000001,174.767314,"34 Courthouse Lane, Auckland Central, Auckland 1010, New Zealand",shopping mall,"establishment,point_of_interest,shopping_mall",4.3,1912,,https://chancerysq.co.nz/
ChIJx2qw3A85DW0R9_SnTIdVAl4,The Warehouse Glenfield Mall,-36.7827043,174.7221434,"40/48 Downing Street, Glenfield, Auckland 0629, New Zealand",,"clothing_store,department_store,establishment,home_goods_store,point_of_interest,store",3.9,364,+64 9 443 1020,https://www.thewarehouse.co.nz/stores/glenfield.html?utm_source=organic&utm_medium=gmb&utm_campaign=store_location
ChIJme7AF1hHDW0RdGdheRij9BI,Commercial Bay,-36.8438848,174.7661305,"7 Queen Street, Auckland Central, Auckland 1010, New Zealand",shopping mall,"bar,establishment,food,point_of_interest,restaurant,shopping_mall",4.4,5895,+64 27 368 8659,http://www.commercialbay.co.nz/
ChIJYZngBVVGDW0Rx5jCQMMsHsE,Westfield St Lukes,-36.8832738,174.7331356,"80 Saint Lukes Road, Mount Albert, Auckland 1025, New Zealand",shopping mall,"establishment,point_of_interest,shopping_mall",4.3,10691,+64 9 978 6000,http://www.westfield.co.nz/stlukes
ChIJX7VTB-lHDW0RjAVWQFOKe4Q,St Kevins Arcade,-36.857694,174.7601386,"183 Karangahape Road, CBD, Auckland 1010, New Zealand",shopping mall,"establishment,food,point_of_interest,restaurant,shopping_mall",4.4,800,,http://www.stkevinsarcade.co.nz/
ChIJZc--a-VHDW0RfNekg8bB7Ks,Sky World Indoor Entertainment,-36.8517566,174.7637517,"291-297 Queen Street, Auckland Central, Auckland 1010, New Zealand",shopping mall,"establishment,point_of_interest,shopping_mall",4.0,1223,+64 9 369 2405,http://www.skyworld.co.nz/
ChIJk7N0_OY5DW0R5PcrHutodKI,Milford Shopping Centre,-36.7716401,174.7657584,"24 Milford Road, Milford, Auckland 0620, New Zealand",shopping mall,"establishment,point_of_interest,shopping_mall",4.1,2188,+64 9 486 1559,http://milfordcentre.co.nz/
ChIJSxs4MeVHDW0Rk30fC1EepRs,Mid City,-36.8500418,174.7642568,"239 Queen Street, Auckland Central, Auckland 1010, New Zealand",shopping mall,"establishment,point_of_interest,shopping_mall",4.1,325,+64 9 357 6212,http://www.midcity.co.nz/
ChIJre87r9c5DW0RiXznTXFNjVM,Shore City Shopping Centre,-36.7878715,174.7699988,"52/56 Anzac Street, Takapuna, Auckland 0622, New Zealand",shopping mall,"establishment,point_of_interest,shopping_mall",3.9,2129,+64 9 978 6300,https://www.shore-city.co.nz/?utm_source=Google&utm_medium=places&utm_campaign=googleplaces
ChIJOwycJ_xHDW0RNvu0k0b_JlE,Atrium on Takutai,-36.8448111,174.7701425,"Auckland Central, Auckland 1010, New Zealand",shopping mall,"establishment,point_of_interest,shopping_mall",4.2,125,,https://www.myguideauckland.com/shopping/atrium-on-takutai
ChIJRc8gZOs7DW0RW2fFuoiYauE,Albany Mega Centre,-36.7311252,174.7060725,"140 Don McKinnon Drive, Albany, Auckland 0632, New Zealand",shopping mall,"establishment,point_of_interest,shopping_mall",4.3,3366,,https://www.albanymegacentre.co.nz/
ChIJUR_iTOVHDW0RLgLAn5Pw3XU,Atrium on Elliott Shopping Centre,-36.84971,174.763715,"21-25 Elliott Street, Auckland Central, Auckland 1010, New Zealand",shopping mall,"establishment,food,point_of_interest,shopping_mall",4.1,1697,+64 9 375 4960,http://www.atriumonelliott.co.nz/
ChIJdbmAZZ5MDW0RVta-mrS-tAE,Botany Town Centre,-36.9334926,174.9133753,"588 Chapel Road, East Tāmaki, Auckland 2016, New Zealand",shopping mall,"establishment,point_of_interest,shopping_mall",4.4,8489,+64 9 272 3888,http://www.botanytowncentre.co.nz/
ChIJBYyvg044DW0RMNlINZLnfS8,Northcote Central,-36.8012662,174.7458415,"Lake Road, Northcote, Auckland 0627, New Zealand",shopping mall,"establishment,point_of_interest,shopping_mall",3.9,1485,+64 274 966 283,https://www.northcote.co.nz/
ChIJySzmVihEDW0R82KJ5_q_SrA,Lynfield Shopping Centre,-36.9254368,174.722993,"Mount Roskill, Auckland 1041, New Zealand",shopping mall,"establishment,point_of_interest,shopping_mall",4.3,672,,https://www.lynnmall.co.nz/en/
ChIJr98T31M5DW0R5j3ynX1mk3k,Takàpuna shopping center,-36.7878363,174.7700703,"New Zealand, Auckland, Takapuna, 新西兰邮政编码: 0622",shopping mall,"establishment,point_of_interest,shopping_mall",4.1,80,+64 9 978 6300,
ChIJV4bKtr1NDW0R3T_lMnWPcw4,Westfield Manukau,-36.9912102,174.8822355,"1 Leyton Way, Manukau City Centre, Auckland 2104, New Zealand",shopping mall,"establishment,point_of_interest,shopping_mall",4.2,10182,+64 9 978 5300,http://www.westfield.co.nz/manukau
ChIJh5LAneQ_DW0Rk4E07Q0_L30,NorthWest Shopping Centre,-36.8178005,174.6110421,"1/7 Fred Taylor Drive, Massey, Auckland 0814, New Zealand",shopping mall,"establishment,point_of_interest,shopping_mall",4.2,4423,+64 508 667 849,http://www.northwestshoppingcentre.co.nz/
ChIJk3eGMkxBDW0RwaZuUdU4vhg,LynnMall,-36.9076512,174.6859924,"3058 Great North Road, New Lynn, Auckland 0640, New Zealand",shopping mall,"establishment,point_of_interest,shopping_mall",4.3,8142,+64 9 826 2333,http://www.lynnmall.co.nz/
ChIJB2O5u-Q_DW0RBw5FdYRSXXY,Westgate Shopping Centre,-36.8213672,174.6123723,"Fred Taylor Drive, Westgate, Auckland 0657, New Zealand",shopping mall,"establishment,point_of_interest,shopping_mall",4.2,4263,+64 9 831 0200,http://westgate.kiwi/
ChIJK9NVPqdIDW0R21jXDozLTF8,Royal Oak Shopping Mall,-36.9103582,174.7746753,"691 Manukau Road, Royal Oak, Auckland 1023, New Zealand",shopping mall,"establishment,point_of_interest,shopping_mall",3.9,3204,+64 9 625 4239,http://www.royaloakmall.co.nz/
ChIJbx3gXixHDW0R16vnoHN8qsk,Victoria Street Lookout Auckland,-36.8479398,174.758249,"Victoria Street West, Auckland Central, Auckland 1010, New Zealand",shopping mall,"establishment,point_of_interest,shopping_mall",5.0,1,,
ChIJlZqcJlc5DW0RuNUmH0SS0xo,Birkenhead Square,-36.8115492,174.7239516,"63 Mokoia Road, Birkenhead, Auckland 0626, New Zealand",shopping mall,"establishment,point_of_interest,shopping_mall",4.2,36,,
ChIJJSx3ovpHDW0R89jsY_JPbh0,Uluhanga mall,-36.8483442,174.7633835,"51 Victoria Street West, Auckland Central, Auckland 1010, New Zealand",shopping mall,"establishment,point_of_interest,shopping_mall",5.0,2,,
ChIJn5Lz87NBDW0RfrvHekMD2IE,WestCity Waitakere,-36.8809739,174.6327652,"7 Catherine Street, Henderson, Auckland 0612, New Zealand",shopping mall,"establishment,point_of_interest,shopping_mall",4.0,5774,+64 9 978 6700,https://www.west-city.co.nz/
ChIJcx8fifE4DW0ROigD6RoZz5c,Highbury Birkenhead,-36.81095980000001,174.7247724,"1 Cnr Highbury Bypass &, Birkenhead Avenue, Birkenhead, Auckland 0626, New Zealand",shopping mall,"establishment,point_of_interest,shopping_mall",3.8,1886,+64 21 671 401,https://highburyshoppingcentre.co.nz/
ChIJsTdv38ZJDW0R3SfNmPQ5ZXA,Eastridge Shopping Centre,-36.8608069,174.8296347,"215 Kepa Road, Mission Bay, Auckland 1071, New Zealand",shopping mall,"establishment,point_of_interest,shopping_mall",4.2,1406,,http://www.eastridge.co.nz/
ChIJMXshW0BJDW0R1eLmSMbTJMg,Mount Wellington Shopping Centre,-36.9090808,174.8374863,"295 Penrose Road, Mount Wellington, Auckland 1060, New Zealand",shopping mall,"establishment,point_of_interest,shopping_mall",4.1,1173,,http://www.mtwellingtonshoppingcentre.co.nz/
ChIJ4eyoHmJGDW0Rk3nspaxK808,22 Stoddard,-36.9077479,174.7326831,"203/22 Stoddard Road, Wesley, Auckland 1041, New Zealand",shopping mall,"establishment,point_of_interest,shopping_mall",4.2,372,+64 9 366 1666,
ChIJV1CHjvJHDW0RKQ6mAOZO6aE,Victoria Park Market,-36.8484097,174.7545492,"Auckland Central, Auckland 1010, New Zealand",shopping mall,"establishment,point_of_interest,shopping_mall",3.7,457,,
ChIJg19srvtHDW0RsB8Bh2uAN2w,New World Metro Queen Street,-36.8464569,174.7657917,"125 Queen Street, Auckland Central, Auckland 0620, New Zealand",,"establishment,food,grocery_or_supermarket,point_of_interest,store,supermarket",4.0,2421,+64 9 300 5390,https://www.newworld.co.nz/
ChIJvyAh46RJDW0R0BHIsn7Xvy8,Meadowbank Shopping Centre,-36.87607680000001,174.8283131,"35 Saint Johns Road, St Johns, Auckland 1072, New Zealand",shopping mall,"establishment,point_of_interest,shopping_mall",4.0,1025,+64 28 2580 6513,http://www.meadowbankshoppingcentre.com/
ChIJj5xfpbNIDW0RrwCYwldt6hw,Dress Smart Outlet Shopping Centre,-36.9217166,174.7863983,"151 Arthur Street, Onehunga, Auckland 1061, New Zealand",shopping mall,"establishment,point_of_interest,shopping_mall",4.3,9179,+64 9 622 2400,https://auckland.dress-smart.co.nz/
ChIJj1r2xXZIDW0R2WBpX3Q_TCk,Rialto Centre,-36.868543,174.7774282,"F2/135 Broadway, Newmarket, Auckland 1023, New Zealand",shopping mall,"clothing_store,establishment,food,movie_theater,point_of_interest,shopping_mall,store",4.0,961,,
ChIJjVz2neVHDW0RvvmjoI-mC3w,Queens Court,-36.8528527,174.7638726,"368 Queen Street, Auckland Central, Auckland 1010, New Zealand",shopping mall,"establishment,food,point_of_interest,shopping_mall",4.4,66,,https://www.queenscourt.nz/
ChIJc_fK9vU_DW0RwYm-vmuTF10,Royal Heights Shopping Centre,-36.8324468,174.6229913,"Massey, Auckland 0614, New Zealand",shopping mall,"establishment,point_of_interest,shopping_mall",3.7,345,,
ChIJYTjpMjxHDW0R8UWGXlYMB58,955 shopping centre,-36.887857,174.7114077,"955 New North Road, Mount Albert, Auckland 1025, New Zealand",shopping mall,"establishment,point_of_interest,shopping_mall",4.1,11,+64 9 846 8188,
ChIJB8gHTuRHDW0R6BJGn_ZLn7A,Highpoint Shopping Centre,-36.8545398,174.7595249,"150vincent st, Auckland Central, Auckland 1012, New Zealand",shopping mall,"establishment,point_of_interest,shopping_mall",3.8,4,+64 210 918 0102,
ChIJQw7YC9tHDW0RHhWM2QZ7Yqo,Canterbury Arcade,-36.8480966,174.7659197,"170 Queen Street, Auckland Central, Auckland 1010, New Zealand",shopping mall,"establishment,point_of_interest,shopping_mall",4.2,59,,
ChIJb6WwMuVHDW0RQIY1PWZcRwY,Strand Arcade,-36.8498341,174.7645109,"227 Queen Street, Auckland Central, Auckland 1010, New Zealand",shopping mall,"establishment,point_of_interest,shopping_mall",4.2,116,+64 22 497 9318,
ChIJh02HJpsjDW0Rf1ET2sHA3dc,Silverdale Mall,-36.6129867,174.680215,"75 Silverdale Street, Silverdale, Auckland 0932, New Zealand",shopping mall,"establishment,point_of_interest,shopping_mall",4.0,1163,+64 9 930 8791,https://silverdalemall.co.nz/
ChIJ7Ztud-M5DW0RBs_ElVk1XV0,Viki Vietnamese street food,-36.7819197,174.721652,"Shop 503A Glenfield Mall, Glenfield Road, Glenfield, Auckland 0629, New Zealand",restaurant,"establishment,food,point_of_interest,restaurant",4.3,433,+64 9 216 1686,https://vikivietnamesestreetfood.co.nz/
ChIJe26raxFBDW0Rci_J5lUnQuE,The Boundary,-36.8827075,174.6357303,"5 Vitasovich Avenue, Henderson, Auckland 0612, New Zealand",shopping mall,"establishment,point_of_interest,shopping_mall",4.3,1996,+64 21 893 243,http://www.theboundary.co/
ChIJy3yGhBNGDW0R2MvE2Rzw-bM,Three Kings Plaza,-36.9088525,174.7559762,"536 Mount Albert Road, Three Kings, Auckland 1042, New Zealand",shopping mall,"establishment,point_of_interest,shopping_mall",4.0,634,+64 9 625 2999,
ChIJPbIiHUpIDW0RVUIIrPsa9-o,Orakei Bay Village,-36.8632168,174.8096994,"228 Orakei Road, Remuera, Auckland 1071, New Zealand",shopping mall,"beauty_salon,cafe,clothing_store,establishment,food,jewelry_store,point_of_interest,restaurant,shopping_mall,store",4.3,787,+64 9 366 1039,http://obv.co.nz/
ChIJ42jp8DA5DW0REj0s01g7RMk,Vish Beauty Bar,-36.7835036,174.7214281,"Glenfield Mall Glenfield Rd and, Downing Street, Glenfield, Auckland 0629, New Zealand",shopping mall,"establishment,point_of_interest,shopping_mall",3.8,71,+64 9 443 5901,
ChIJBwCQBrRBDW0Rc1KWSGpKvw4,A2Z Westfield Henderson,-36.8804957,174.6335187,"7 Catherine Street, Henderson, Auckland 0612, New Zealand",shopping mall,"establishment,point_of_interest,shopping_mall",4.3,216,+64 9 835 1145,
ChIJ7Vy3ln05DW0R-KgA25-3hPg,Birkenhead Village NZ,-36.8119537,174.7265048,"Mokioa rd. Birkenhead Ave. Upper, Hinemoa Street, Birkenhead, Auckland 0746, New Zealand",shopping mall,"establishment,point_of_interest,shopping_mall",5.0,7,+64 21 397 014,http://birkenhead.net.nz/
ChIJEcUkC50jDW0Rb64U5S5KLNA,Silverdale Centre,-36.6138437,174.6795643,"61 Silverdale Street, Silverdale 0932, New Zealand",shopping mall,"establishment,point_of_interest,shopping_mall",4.2,1913,+64 9 426 4716,https://www.silverdalecentre.co.nz/
ChIJmwAAAAtGDW0RCufm9jriD0M,Mister Minit Glenfield Mall,-36.7825233,174.7221415,"Level 2, Shop 211 Glenfield Mall Cnr Glenfield Road &, Downing Street, Glenfield, Auckland 0629, New Zealand",,"establishment,locksmith,point_of_interest,store",4.2,73,+64 9 441 6066,http://misterminit.co/
ChIJ6R04q4ZLDW0RSohxuO2avsY,Chinatown,-36.9253795,174.8932422,"262 Ti Rakau Drive, Burswood, Auckland 2013, New Zealand",shopping mall,"establishment,point_of_interest,shopping_mall",3.7,1298,,
ChIJbUgSLvtHDW0RFXKLUva-kD4,Auckland Art Gallery,-36.851354,174.766237,"Wellesley Street East, Auckland Central, Auckland 1010, New Zealand",tourist attraction,"art_gallery,establishment,museum,point_of_interest,tourist_attraction",4.6,6147,+64 9 379 1349,https://www.aucklandartgallery.com/
ChIJDZSXbvBHDW0RTfnJNyKiMJI,AJ Hackett Auckland SkyJump & SkyWalk,-36.8484743,174.7623761,"72 Victoria Street West, Auckland Central, Auckland 1141, New Zealand",tourist attraction,"establishment,point_of_interest,tourist_attraction",4.9,842,+64 800 759 925,https://www.bungy.co.nz/auckland/sky-tower/?utm_source=google&utm_medium=gmb&utm_campaign=akl-skyjump-skywalk
ChIJ9WEub-VHDW0RQ1VRwQTaNOg,Odyssey Sensory Maze Auckland,-36.85156,174.763906,"Lower Basement Metro Centre 291/297 Queen Street, Auckland Central, Auckland 1010, New Zealand",tourist attraction,"establishment,point_of_interest,tourist_attraction",4.3,812,+64 9 365 1145,http://www.odysseum.co.nz/
ChIJAZar4mpHDW0R4UgaQyXC8a4,Weta Cave,-36.8490995,174.7623932,"Level 5/88 Federal Street, Auckland Central, Auckland 1010, New Zealand",tourist attraction,"establishment,point_of_interest,tourist_attraction",4.5,74,,http://tours.wetaworkshop.com/
ChIJaTKMUvxHDW0RZmeFD2WGjRI,Emily Place Reserve,-36.8468611,174.7705428,"38/62 Emily Place, Auckland Central, Auckland 1010, New Zealand",tourist attraction,"establishment,park,point_of_interest,tourist_attraction",4.5,143,,
ChIJA4X9SwtIDW0RwINaKgfZebg,Auckland War Memorial Museum,-36.8607177,174.7777538,"Parnell, Auckland 1010, New Zealand",tourist attraction,"establishment,museum,point_of_interest,tourist_attraction",4.7,13153,+64 9 309 0443,https://www.aucklandmuseum.com/
ChIJn0svh-9HDW0RMIBTBUuDdjg,Aotea Square,-36.8523442,174.7631465,"291-297 Queen Street, Auckland Central, Auckland 1010, New Zealand",tourist attraction,"establishment,point_of_interest,tourist_attraction",4.4,6451,+64 9 309 2677,https://www.aucklandlive.co.nz/venue/aotea-square
ChIJfz8qGU1HDW0Rn9tGD3HK_b8,Quay Street Waterfront,-36.8427867,174.7659598,"Auckland Central, Auckland 1010, New Zealand",tourist attraction,"establishment,point_of_interest,tourist_attraction",4.5,19,,
ChIJ6TyltPhHDW0RVnXC3nOHDDU,Auckland Waterfront,-36.8402997,174.768064,"Queens Wharf, Auckland, 1010, Auckland Central, Auckland 1010, New Zealand",tourist attraction,"establishment,point_of_interest,tourist_attraction",4.6,143,+64 20 4112 9861,https://www.aucklandlive.co.nz/the-cloud
ChIJq6qqavdHDW0RzxmLTgjbErM,Viaduct Lookout,-36.8428998,174.763526,"Auckland Central, Auckland 1010, New Zealand",tourist attraction,"establishment,point_of_interest,tourist_attraction",4.6,196,+64 9 373 4141,http://viaduct.co.nz/
ChIJieHN9EBHDW0RxYPM2gFU6wA,Queen Street,-36.8508852,174.7645088,"Level 20/191 Queen Street, Auckland Central, Auckland 1010, New Zealand",tourist attraction,"establishment,point_of_interest,tourist_attraction",4.3,58,,
ChIJNxWWLjlHDW0R1hCX9KGcQGQ,Auckland Midtown Self-Guided Walking Tour,-36.8463598,174.7661069,"86 Queen Street, Auckland Central, Auckland 1010, New Zealand",tourist attraction,"establishment,point_of_interest,tourist_attraction",5.0,3,,
ChIJKb260flHDW0RHI3XH5P0UPI,New Zealand Maritime Museum,-36.8414624,174.7633302,"Corner of Quay and Hobson Street, Auckland Central, Auckland 1140, New Zealand",,"establishment,museum,point_of_interest",4.6,2607,+64 9 373 0800,http://www.maritimemuseum.co.nz/
ChIJrSXsOEVHDW0RdxYZ9SQZfZY,Odysseum Auckland,-36.8517356,174.7635427,"Lower Basement Level Metro Centre 291/297 Queen Street, Auckland City, Auckland 1010, New Zealand",tourist attraction,"establishment,point_of_interest,tourist_attraction",4.3,15,,http://www.odysseum.co.nz/
ChIJ4xsZP_lHDW0RCyZMr87UG6s,Ferry Building,-36.8429818,174.7669157,"107 Quay Street, Auckland Central, Auckland 1010, New Zealand",tourist attraction,"establishment,point_of_interest,tourist_attraction",4.4,1358,+64 800 385 5377,https://nzhistory.govt.nz/media/photo/auckland-ferry-building-and-tees
ChIJ9QljzwtHDW0RyxKx_YIepkA,Skyline View,-36.8439901,174.7583095,"414/83 Halsey Street, Auckland Central, Auckland 1010, New Zealand",tourist attraction,"establishment,point_of_interest,tourist_attraction",4.5,8,,
ChIJ-yX6PKFHDW0RzSkH6hL8Afw,Doom Room,-36.8514537,174.7638438,"Lower Basement Metro Centre 291-297 Queen Street, Auckland Central, Auckland 1010, New Zealand",tourist attraction,"establishment,point_of_interest,tourist_attraction",4.1,27,+64 9 365 1145,https://www.odysseum.co.nz/
ChIJ3Z5J7vBHDW0RBtZoG66kyNg,Wynyard Quarter,-36.8412004,174.7576326,"82 Wyndham Street, Auckland Central, Auckland 1010, New Zealand",tourist attraction,"establishment,point_of_interest,tourist_attraction",5.0,24,,https://www.wynyard-quarter.co.nz/
ChIJQ9j2kwxHDW0R6nvWQ0rSivU,Auckland Uptown Walk,-36.849111,174.765119,"20 Victoria Street West, Auckland Central, Auckland 1010, New Zealand",tourist attraction,"establishment,point_of_interest,tourist_attraction",4.7,6,,
ChIJh38sC7JHDW0RxqN-4evsP1M,Halsey Street Wharf,-36.8395298,174.7601065,"161 Halsey Street, Auckland Central, Auckland 1010, New Zealand",tourist attraction,"establishment,point_of_interest,tourist_attraction",4.8,22,,
ChIJ22AxB_g3DW0RQTEjCURebc8,Cyril Bassett VC Lookout,-36.829114,174.77344,"87 Stanley Point Road, Stanley Point, Auckland 0624, New Zealand",tourist attraction,"establishment,point_of_interest,tourist_attraction",4.5,289,+64 9 301 0101,https://www.aucklandcouncil.govt.nz/parks-recreation/Pages/default.aspx
ChIJy1MRhe9HDW0Rk8pt0UmDoxs,Auckland Town Hall,-36.8527881,174.7632259,"301/317 Queen Street, Auckland Central, Auckland 1010, New Zealand",tourist attraction,"city_hall,establishment,local_government_office,point_of_interest,tourist_attraction",4.6,360,+64 9 309 2677,https://www.aucklandlive.co.nz/venue/auckland-town-hall?utm_source=google&utm_medium=mybusiness&utm_campaign=gmb_auckland_town_hall
ChIJQ3KyMxJHDW0R7ug-g7xeklY,Auckland Zoo,-36.864113,174.719685,"Motions Rd, Western Springs, Auckland 1022, New Zealand",tourist attraction,"establishment,point_of_interest,tourist_attraction,zoo",4.5,15961,+64 9 360 3805,http://www.aucklandzoo.co.nz/
ChIJp1-w0cxHDW0RBMSMFb6xDQY,Wynyard Basin,-36.8389274,174.7589884,"90 Brigham Street, Auckland Central, Auckland 1010, New Zealand",tourist attraction,"establishment,point_of_interest,tourist_attraction",4.8,6,,
ChIJ5-ZnPABHDW0RAkDjFGVDsCE,Gantry,-36.8396868,174.7551599,"26 Hamer Street, Auckland Central, Auckland 1010, New Zealand",tourist attraction,"establishment,point_of_interest,tourist_attraction",5.0,6,,
ChIJV9clZgBHDW0RCuV22IA_-BI,Eastern Viaduct,-36.8422221,174.7630021,"Eastern Viaduct, Auckland Central, Auckland 1010, New Zealand",tourist attraction,"establishment,point_of_interest,tourist_attraction",4.7,7,,
ChIJXUu_XSyuOG0RrOW8A0zEPEk,Northern Explorer: Scenic Train Auckland - Wellington,-36.8484896,174.7811849,"66 The Strand, Parnell, Auckland 1010, New Zealand",tourist attraction,"cafe,establishment,food,point_of_interest,tourist_attraction",4.3,183,+64 800 872 467,https://www.greatjourneysnz.com/tours-and-trains/scenic-trains/northern-explorer-train/?utm_source=google&utm_medium=organic&utm_campaign=trains&utm_term=gmb
ChIJ71B6s0RHDW0RirRhnu1v390,Aphrodite's Fountain,-36.8506051,174.7679359,"Albert Street, Auckland Central, Auckland 1010, New Zealand",tourist attraction,"establishment,point_of_interest,tourist_attraction",4.7,6,,
ChIJGy_6QIlHDW0R2u6WM8v70EQ,Auckland Foreshore Heritage Walk,-36.8425023,174.7460508,"St Marys Bay, Auckland 1011, New Zealand",tourist attraction,"establishment,park,point_of_interest,tourist_attraction",4.6,84,,https://www.aucklandcouncil.govt.nz/arts-culture-heritage/heritage-walks-places/Pages/auckland-city-heritage-walks-original-shoreline.aspx
ChIJTY4oKfhHDW0RMD4uJSFZ2_Y,Hobson Wharf,-36.8404721,174.7630933,"Hobson Wharf 175 Quay Street, Auckland Central, Auckland 1010, New Zealand",park,"establishment,park,point_of_interest",4.6,13,,
ChIJt5wxQwBHDW0Rq0NfDtdpMf0,Christmas Tree (Seasonal),-36.8436649,174.7671158,"2 Queen Street, Auckland Central, Auckland 1010, New Zealand",tourist attraction,"establishment,point_of_interest,tourist_attraction",4.0,2,,
ChIJ87LEgRxHDW0R2-v5HchZvHQ,Maoli - Local Tours,-36.848098,174.7697003,"Shed 19 Princes Street, Auckland Central, Auckland 1010, New Zealand",tourist attraction,"establishment,point_of_interest,tourist_attraction",,0,+64 210 823 8372,
ChIJldRG1-RHDW0RlAIqOgku5FQ,Great Escape,-36.8505009,174.7657674,"28 Lorne Street, Auckland Central, Auckland 1010, New Zealand",tourist attraction,"establishment,point_of_interest,tourist_attraction",4.7,625,+64 9 274 8450,http://greatescape.nz/
ChIJ47tIEa05DW0Rz9RoH8WCgeA,Harbour Bridge View,-36.835419,174.7463773,"181 Westhaven Drive, Westhaven, Auckland 1011, New Zealand",tourist attraction,"establishment,point_of_interest,tourist_attraction",4.8,322,,
ChIJre_UUQBHDW0R6Ao4ODxpVh8,Auckland City Centre Loop Walk (CBD Urban Trail),-36.8596332,174.7606463,"30 Upper Queen Street, Auckland Central, Auckland 1010, New Zealand",tourist attraction,"establishment,point_of_interest,tourist_attraction",5.0,1,,
ChIJffUuQwBHDW0RE5dyxLApz3I,Storytelling Container,-36.8416434,174.7607248,"11/9 Brigham Street, Auckland Central, Auckland 1010, New Zealand",tourist attraction,"establishment,point_of_interest,tourist_attraction",5.0,2,,https://www.freshconcept.co.nz/storytelling-container
ChIJgRx2tls3DW0RsnPYP_y8M0k,Secret Cove,-36.8269116,174.7740944,"60A Stanley Point Road, Stanley Point, Auckland 0624, New Zealand",tourist attraction,"establishment,point_of_interest,tourist_attraction",4.6,36,,
ChIJ08wIYwBHDW0RgVW8RBW0jj8,Waimahara,-36.8540129,174.7622982,"Mayoral Drive, Auckland Central, Auckland 1010, New Zealand",tourist attraction,"establishment,point_of_interest,tourist_attraction",4.8,5,,
ChIJv1wfEAdIDW0RbwSJ6sE6HgA,Māhuhu-ki-te-rangi Park,-36.8469913,174.7752589,"13-19 Mahuhu Crescent, Auckland Central, Auckland 1010, New Zealand",tourist attraction,"establishment,park,point_of_interest,tourist_attraction",4.4,103,+64 9 301 0101,https://www.aucklandcouncil.govt.nz/Pages/default.aspx
ChIJ9Wv3aQBHDW0Rqzr-O0rbkU4,Dance mirror container,-36.841619,174.7606571,"11/9 Brigham Street, Auckland Central, Auckland 1010, New Zealand",tourist attraction,"establishment,point_of_interest,tourist_attraction",4.0,1,,
ChIJIa3ABQBHDW0RSw1KZ_eCETQ,Wynyard Quarter Pump Station,-36.8432178,174.755107,"Wynyard Quarter, Auckland Central, Auckland 1010, New Zealand",tourist attraction,"establishment,point_of_interest,tourist_attraction",,0,,
ChIJP5WeRYFHDW0Rd6WJklMA6Hs,Hilarious Farmstays,-36.8439606,174.7687285,"2 Commerce Street, Auckland Central, Auckland 1010, New Zealand",tourist attraction,"establishment,point_of_interest,tourist_attraction",,0,+64 21 194 8938,
ChIJ0zMb3ghHDW0RrhPFWmZLZcU,MOTAT Museum of Transport and Technology,-36.867818,174.7269355,"805 Great North Road, Western Springs, Auckland 1022, New Zealand",tourist attraction,"establishment,museum,point_of_interest,tourist_attraction",4.5,4467,+64 9 815 5800,https://www.motat.nz/
ChIJEwaEUwBHDW0RLSphU_1hqv0,NewZeaLand Stsy,-36.8545867,174.7594061,"150 Vincent Street, Auckland Central, Auckland 1010, New Zealand",tourist attraction,"establishment,point_of_interest,tourist_attraction",,0,,
ChIJ8bZhqP5HDW0R6ARJXtidLic,Pou Tu te Rangi,-36.8444889,174.768695,"Te Ara Tahuhu Walking Street, Britomart Auckland, 1010, Auckland Central, Auckland 1010, New Zealand",tourist attraction,"establishment,point_of_interest,tourist_attraction",4.6,24,,
ChIJtx8xpAk4DW0R3LiyyfC6O5Y,The Big Wheel,-36.8364767,174.7592512,"1010/92 Brigham Street, Auckland Central, Auckland 1010, New Zealand",,"establishment,point_of_interest",4.3,405,,
ChIJf1rMt3JIDW0RaleKpT116Zg,Kinder House,-36.8618668,174.7825343,"2 Ayr Street, Parnell, Auckland 1052, New Zealand",,"establishment,point_of_interest",4.6,18,+64 9 379 4008,
ChIJAeNY3vBHDW0RI8W5p7Y7ZU0,Landmark Auckland,-36.8453242,174.7605057,"Ground, 7-9 Fanshawe Street, Auckland Central, Auckland 1010, New Zealand",,"establishment,point_of_interest",3.8,33,+64 9 366 0163,http://landmarkauckland.com/
ChIJK_JrDftHDW0RlbVyzr9u3-I,Lord Freyberg Statue,-36.8478507,174.7667069,"Auckland Central, Auckland 1010, New Zealand",,"establishment,point_of_interest",4.5,23,,https://www.hmdb.org/marker.asp?marker=83526&Result=1
ChIJAVAQjaZHDW0RJCEnimTLq8w,Mount Eden Boardwalk,-36.8774158,174.7634503,"Summit Road, Mount Eden, Auckland 1024, New Zealand",tourist attraction,"establishment,point_of_interest,tourist_attraction",4.8,159,,
ChIJfaQwrfxHDW0RWGGtACTj1O0,Merchant House,-36.8499758,174.768659,"31 Princes Street, Auckland Central, Auckland 1010, New Zealand",,"establishment,point_of_interest",4.6,8,+64 9 301 0101,https://nzhistory.govt.nz/media/photo/princes-street-merchants%E2%80%99-houses
ChIJDcN53_NHDW0R0m0U5twxx0s,Waterfront Park,-36.8426877,174.7659776,"Auckland 1010, New Zealand",,"establishment,point_of_interest",4.5,18,,
ChIJa2l3Rf9HDW0Rju1g_qYPL8I,The Lighthouse,-36.8401523,174.7687819,"89 Quay Street, Auckland Central, Auckland 1010, New Zealand",,"establishment,point_of_interest",4.4,164,+64 9 301 0101,https://www.aucklandcouncil.govt.nz/arts-culture-heritage/arts/public-art-waterfront/Pages/lighthouse.aspx
ChIJ-1k3LYJIDW0R8p3ivQR-WbA,Campbell Fountain & Statue,-36.8884587,174.7759028,"308-312 Manukau Road, Epsom, Auckland 1051, New Zealand",tourist attraction,"establishment,point_of_interest,tourist_attraction",4.7,87,+64 9 301 0101,https://www.aucklandcouncil.govt.nz/parks-recreation/Pages/default.aspx
ChIJ3aWwn5BIDW0RbNFxvcMBXzQ,Acacia Cottage,-36.8975071,174.783949,"One Tree Hill, Auckland 1051, New Zealand",tourist attraction,"establishment,point_of_interest,tourist_attraction",4.6,27,+64 9 630 8485,http://cornwallpark.co.nz/
ChIJOf4zKCRHDW0Rn9zqD4Yndts,Waterview Heritage Area,-36.8738923,174.7033275,"15A Cowley Street, Waterview, Auckland 1026, New Zealand",,"establishment,point_of_interest",4.1,26,+64 9 301 0101,https://www.aucklandcouncil.govt.nz/
ChIJ-2T4RLNJDW0RTB0MzpUwmlE,One Tree Hill Monument,-36.9003036,174.7831477,"Olive Grove, One Tree Hill, Auckland 1051, New Zealand",,"establishment,point_of_interest",4.6,61,,
ChIJZ7YUQPlHDW0RL6EPM0_hj-4,Maori Chieftain Statue,-36.84351789999999,174.7671463,"Auckland, 1010, Auckland Central, Auckland 1010, New Zealand",,"establishment,point_of_interest",4.5,19,,
ChIJEdvdlANHDW0RNmAQddcs070,Auckland Lookout,-36.8764168,174.7648396,"5172079, Mount Eden, Auckland 1024, New Zealand",,"establishment,point_of_interest",4.8,274,,
ChIJqQw-CAtIDW0RlHGcU0EkWm8,Robert Burns Statue,-36.8584817,174.7766815,"Domain Drive, Parnell, Auckland 1010, New Zealand",,"establishment,point_of_interest",4.3,18,+64 9 301 0101,https://www.aucklandcouncil.govt.nz/parks-recreation/Pages/default.aspx
ChIJgd_nUdDJ3EMRVPSyAJNoikE,Landmarks New Zealand Auckland Private Tours,-36.8595567,174.7406999,"29 Dickens Street, Grey Lynn, Auckland 1021, New Zealand",,"establishment,point_of_interest,travel_agency",5.0,8,+64 21 932 083,https://www.landmarksnewzealand.co.nz/?utm_source=googlemybusiness&utm_medium=organic&utm_campaign=gmb
ChIJSfpD5NlJDW0R8KDRFVRHKr8,Michael Joseph Savage Memorial,-36.8456372,174.8260932,"15 Hapimana Street, Orakei, Auckland 1071, New Zealand",tourist attraction,"establishment,point_of_interest,tourist_attraction",4.7,486,+64 9 301 0101,http://www.aucklandcouncil.govt.nz/EN/parksfacilities/premierparks/Pages/michaeljosephsavagememorial.aspx
ChIJCdgo2uRHDW0RjR49dG16B6A,Khartoum Place,-36.8506992,174.7658457,"1 Khartoum Place, Auckland Central, Auckland 1010, New Zealand",,"establishment,point_of_interest",4.7,3,,
ChIJZwFZafpGDW0RUan9JsnSuOY,Alberton - HNZPT,-36.8897966,174.724733,"100 Mount Albert Road, Mount Albert, Auckland 1025, New Zealand",tourist attraction,"establishment,museum,point_of_interest,store,tourist_attraction",4.7,382,+64 9 846 7367,https://visitheritage.co.nz/visit/auckland/alberton/
ChIJC4KZsrNHDW0RIKdbqs58wcA,Geminorum Point,-36.8698674,174.7690514,"56 Mountain Road, Epsom, Auckland 1023, New Zealand",,"establishment,point_of_interest",4.8,12,,
ChIJn2d_evpHDW0RWRyPn4zl_qI,Saint Patrick's Cathedral,-36.8464454,174.7634757,"43 Wyndham Street, Auckland Central, Auckland 1010, New Zealand",tourist attraction,"church,establishment,place_of_worship,point_of_interest,tourist_attraction",4.8,1517,+64 9 303 4509,https://www.stpatricks.org.nz/
ChIJN7g4kvtHDW0RMmgVrpbXPtM,Albert Park Ombu Tree,-36.8499008,174.7679624,"31 Princes Street, Auckland Central, Auckland 1010, New Zealand",,"establishment,point_of_interest",4.9,9,,
ChIJdxQaZQBHDW0RTZYaqmWodjI,Wooden Sculpture,-36.84576819999999,174.7543468,"Victoria Park, Auckland Central, Auckland 1010, New Zealand",,"establishment,point_of_interest",4.0,1,,
ChIJHSEOquRHDW0R5Bhg_ya3thc,Statue of Queen Victoria,-36.8502686,174.768072,"Albert Street, Auckland Central, Auckland 1010, New Zealand",,"establishment,point_of_interest",4.2,13,,https://nzhistory.govt.nz/media/photo/albert-park-queen-victoria-statue
ChIJ9x0I6yBBDW0RhzbNBg0rqhA,Landmark Homes - West/Central Auckland,-36.8571407,174.7697152,"Level 1/60 Grafton Road, Grafton, Auckland 1010, New Zealand",,"establishment,general_contractor,point_of_interest",4.7,3,+64 9 972 1730,https://landmarkhomes.co.nz/franchise/auckland-central-waitakere-to-howick
ChIJj6U-4y5IDW0Ryl4d7vyilfg,Orakei Marina Lighthouse,-36.8482953,174.807479,"New Zealand, Auckland 1071, New Zealand",,"establishment,point_of_interest",4.7,22,+64 27 522 8332,
ChIJM-J1S-NHDW0RI_W_HfHjF7s,University Of Auckland Clock Tower,-36.8503035,174.7694042,"The Clock Tower 22 Princes Street, Auckland Central, Auckland 1010, New Zealand",,"establishment,point_of_interest,university",4.6,76,+64 9 373 7599,https://www.auckland.ac.nz/en/on-campus/our-campuses/landmarks-facilities/the-clocktower.html
ChIJ1aVptg1IDW0RFyl1FH8q5-4,Statue of Thomas Leslie Harvey,-36.857402,174.781561,"Parnell, Auckland 1052, New Zealand",,"establishment,point_of_interest",4.8,11,,
ChIJr0g6aPlHDW0R-Uqd4TPtlVg,Te Komititanga Square,-36.8441096,174.7672069,"8/10 Queen Street, Auckland Central, Auckland 1010, New Zealand",,"establishment,point_of_interest",4.8,29,,https://www.cityraillink.co.nz/newsletter-december-2020/city-welcomes-newest-destination
ChIJG_IIOtM3DW0R2O4ZkTOZJcA,Victoria Wharf,-36.8337949,174.796131,"1 Queens Parade, Devonport, Auckland 0624, New Zealand",,"establishment,point_of_interest",4.8,14,,
ChIJEZyzKGRHDW0RhpuBAA4rBDI,Sir George Grey Statue,-36.8500871,174.7677348,"Auckland Central, Auckland 1010, New Zealand",,"establishment,point_of_interest",4.1,8,,https://en.wikipedia.org/wiki/George_Grey
ChIJS6XiyPtHDW0RFiU25K82uFo,Dingwall Building,-36.8457012,174.7661404,"87/93 Queen Street, Auckland Central, Auckland 1010, New Zealand",,"establishment,point_of_interest",4.2,14,,
ChIJkdItuDJGDW0RqZPdaFyDSPc,Mt Eden Village Centre,-36.8825041,174.7615816,"449 Mount Eden Road, Mount Eden, Auckland 1024, New Zealand",tourist attraction,"establishment,point_of_interest,tourist_attraction",4.5,166,+64 9 631 0678,http://www.mtedenvillagecentre.co.nz/
ChIJCXwwvvxHDW0RhAqRd--ReWI,University House Synagogue,-36.8487327,174.7691147,"1 Bowen Avenue, Auckland Central, Auckland 1010, New Zealand",,"establishment,point_of_interest",5.0,1,,https://www.heritage.org.nz/list-details/578/578
ChIJE__9bQtLDW0RMNdIKDnR-HU,Howick Historical Village,-36.9073974,174.9032889,"Lloyd Elsmore Park, Bells Road, Pakuranga, Auckland 2010, New Zealand",tourist attraction,"establishment,museum,park,point_of_interest,store,tourist_attraction",4.7,656,+64 9 576 9506,http://www.historicalvillage.org.nz/
ChIJmYCHnuZHDW0RcuMzAp662wk,Trooper statue,-36.8498957,174.7677787,"Auckland Central, Auckland 1010, New Zealand",,"establishment,point_of_interest",4.0,3,,https://www.aucklandcouncil.govt.nz/parks-recreation/Pages/default.aspx
ChIJ3zpWdClHDW0R2Kl6zVeJJGM,Te Wero Island,-36.8417199,174.7610101,"Viaduct Harbour, Auckland Central, Auckland 1010, New Zealand",,"establishment,point_of_interest",4.3,3,,
ChIJXdnwpGRGDW0RUN-cJGLvAA8,Puketapapa / Mount Roskill,-36.9121423,174.7373135,"1109 Dominion Road, Mount Roskill, Auckland 1041, New Zealand",park,"establishment,park,point_of_interest",4.5,474,+64 9 301 0101,https://www.maunga.nz/maunga/pukewiwi-puketapapa/
ChIJRfVV731HDW0ROOaOUEdL1pI,Te Toka O Apihai Te Kawau,-36.8443057,174.771605,"4882828, Auckland, Auckland Central, Auckland 1010, New Zealand",,"establishment,point_of_interest",4.7,6,,
ChIJBaTSJPlHDW0Rh1wolJD7fnE,Auckland City Tours,-36.8423309,174.767521,"Ferry Terminal - Pier 1, Auckland city, Auckland 1010, New Zealand",,"establishment,point_of_interest,travel_agency",4.7,46,+64 27 258 6877,http://www.aucklandcitytours.co.nz/
ChIJ_ajoNgVIDW0RYxfnY_nWKC0,Auckland Scenic Tours,-36.8155875,174.7458018,"145 Queen Street, Northcote Point, Auckland 0627, New Zealand",,"establishment,point_of_interest,travel_agency",4.6,106,+64 21 403 325,http://aucklandscenictours.co.nz/
ChIJN8JDt_lHDW0RhZ-hF5mwo2Q,Auckland Walks,-36.8436366,174.7674828,"2 Queen Street, Auckland Central, Auckland 1011, New Zealand",,"establishment,point_of_interest",5.0,1,+64 800 300 100,http://www.aucklandwalks.co.nz/
ChIJEYwDoHJIDW0RSltO1ish7hE,Ewelme Cottage - Heritage New Zealand Pouhere Taonga,-36.8627814,174.7837372,"14 Ayr Street, Parnell, Auckland 1052, New Zealand",tourist attraction,"establishment,museum,point_of_interest,tourist_attraction",4.6,35,+64 9 524 5729,https://visitheritage.co.nz/visit/auckland/ewelme-cottage/
ChIJHR0_RXVIDW0R_nvJwAyd7a4,Pukekaroa Hill,-36.86174949999999,174.7740534,"Parnell, Auckland 1010, New Zealand",tourist attraction,"establishment,park,point_of_interest,tourist_attraction",4.9,20,,https://www.aucklandcouncil.govt.nz/parks-recreation/Pages/default.aspx
ChIJyb8BnfdJDW0RXy7lFbYKIQ0,Fred Ambler Lookout,-36.8485014,174.7856794,"87 Gladstone Road, Parnell, Auckland 1052, New Zealand",tourist attraction,"establishment,point_of_interest,tourist_attraction",4.4,5,,
ChIJ0UKoaiNJDW0RxFyRuuKHlLc,Urban Sanctuary,-36.8526523,174.8059576,"Tamaki Drive, Ngapipi Road, Orakei, Auckland 1071, New Zealand",tourist attraction,"establishment,point_of_interest,tourist_attraction",4.5,8,,
ChIJ2UAR0w1IDW0RiNicHlUBAkM,Artis Gallery,-36.856365,174.7813351,"280a Parnell Road, Parnell, Auckland 1052, New Zealand",tourist attraction,"art_gallery,establishment,point_of_interest,tourist_attraction",4.6,14,+64 9 303 1090,http://artisgallery.co.nz/
ChIJ_w1f5nxJDW0R8JX3_tNFn18,Point Resolution Park,-36.8497592,174.7919175,"158 Saint Stephens Avenue, Parnell, Auckland 1052, New Zealand",park,"establishment,park,point_of_interest",4.6,19,,https://data-atgis.opendata.arcgis.com/datasets/e283e6eac441485994afe02a416ca8fb_0?geometry=174.780%2C-36.852%2C174.807%2C-36.846
ChIJE-vYDC5IDW0RBegR86JUOQ4,Pacific Mermaid Cruises,-36.849079,174.808434,"Berth C45, c/o Orakei Marina Office D Pier, 12 Tamaki Drive, Auckland 1745, New Zealand",tourist attraction,"establishment,point_of_interest,tourist_attraction",4.7,7,+64 210 278 6757,http://www.pacificmermaid.co.nz/
ChIJiyAIYw1IDW0RaGo4kJ2wN8A,Holy Trinity Cathedral,-36.8595474,174.7835806,"446 Parnell Road, Parnell, Auckland 1052, New Zealand",tourist attraction,"church,establishment,place_of_worship,point_of_interest,tourist_attraction",4.7,824,+64 9 303 9500,https://www.holy-trinity.org.nz/
ChIJMXwD6g5IDW0Rh_l0nhUJY_s,Heard Park,-36.8541481,174.7801832,"170 Parnell Road, Parnell, Auckland 1052, New Zealand",park,"establishment,park,point_of_interest",4.3,124,+64 9 301 0101,https://www.aucklandcouncil.govt.nz/parks-recreation/Pages/park-details.aspx?Location=6
ChIJGTJzvQhIDW0RcMGcJGLvAA8,Fraser Park,-36.8512385,174.7774105,"Fraser Park 65 Parnell Rise, Parnell, Auckland 1052, New Zealand",park,"establishment,park,point_of_interest",4.1,136,+64 9 301 0101,http://www.aucklandcouncil.govt.nz/
ChIJC3UICnNIDW0R1LknMIKVBcY,Parnell Farmers' Market,-36.863307,174.7800629,"545 Parnell Road, Parnell, Auckland 1052, New Zealand",tourist attraction,"establishment,point_of_interest,tourist_attraction",4.4,692,+64 9 555 5154,https://villagesquare.org.nz/parnell-farmers-market
ChIJlUwyUHNIDW0RmTmVKxKxFxw,Sensory Garden,-36.861726,174.7791542,"Auckland War Memorial Museum, Parnell, Auckland 1010, New Zealand",park,"establishment,park,point_of_interest",4.2,18,,
ChIJS2IVzNtHDW0RYFoYMB2vmVk,Heritage Mooring Bollards 'Red Fence',-36.8438519,174.7698363,"120 Quay Street, Auckland Central, Auckland 1010, New Zealand",tourist attraction,"establishment,point_of_interest,tourist_attraction",4.0,6,,
ChIJpfzWeRZIDW0Rg50E5sfbjqc,Awatea Reserve,-36.856218,174.7922397,"Parnell, Auckland 1052, New Zealand",park,"establishment,park,point_of_interest",4.0,12,+64 9 301 0101,https://www.aucklandcouncil.govt.nz/parks-recreation/Pages/default.aspx
ChIJ7-sx-xFIDW0RV6WdOrQYk6U,Alberon Reserve,-36.8551715,174.7840992,"Parnell, Auckland 1052, New Zealand",tourist attraction,"establishment,park,point_of_interest,tourist_attraction",4.5,29,,http://www.aucklandcouncil.govt.nz/
ChIJN2lLJ3hIDW0RbSqyYuV8eSk,Highwic - Heritage New Zealand Pouhere Taonga.,-36.8716065,174.7747608,"40 Gillies Avenue, Mortimer Pass, Newmarket, Auckland 1023, New Zealand",tourist attraction,"establishment,museum,point_of_interest,store,tourist_attraction",4.7,202,+64 9 524 5729,https://visitheritage.co.nz/visit/auckland/highwic/
ChIJ0wjBcAxJDW0ReUTdA0o1W7w,Korean War Memorial Rock,-36.8491077,174.7860583,"87 Gladstone Road, Parnell, Auckland 1052, New Zealand",,"establishment,point_of_interest",4.2,10,,
ChIJ_yyFSoBKDW0REgDoqewBCNk,Musick Point,-36.846503,174.9010611,"38R Clovelly Road, Bucklands Beach, Auckland 2012, New Zealand",tourist attraction,"establishment,park,point_of_interest,tourist_attraction",4.6,640,+64 9 301 0101,https://www.aucklandcouncil.govt.nz/parks-recreation/Pages/park-details.aspx?Location=3035
ChIJPV8dCQBHDW0RxYcEU4QCnIM,Admiralty Steps,-36.8430457,174.7682628,"Queens Wharf, Auckland Central, Auckland 1010, New Zealand",,"establishment,point_of_interest",,0,,
ChIJEXCTlpdHDW0RVSVmhG18g3o,Hamurana,-36.8497122,174.7688156,"29 Princes Street, Auckland Central, Auckland 1010, New Zealand",,"establishment,point_of_interest",3.0,1,+64 9 301 0101,https://www.heritage.org.nz/the-list/details/7733
ChIJT2gZF9xJDW0R19vcD0JMnT4,Mission Bay Clock Totem,-36.8482185,174.8318014,"Unnamed Road, Mission Bay, Auckland 1071, New Zealand",,"establishment,point_of_interest",4.4,13,+64 9 355 3553,https://at.govt.nz/
ChIJdVz20IBKDW0RtRJwzLc_0k4,Musick Point Memorial,-36.8472195,174.9014177,"20 Musick Point Road, Bucklands Beach, Auckland 2012, New Zealand",tourist attraction,"establishment,point_of_interest,tourist_attraction",4.5,213,+64 9 301 0101,https://www.aucklandcouncil.govt.nz/parks-recreation/Pages/default.aspx
ChIJfwlMRZNJDW0RkD8EVsQqIfI,St John the Baptist Catholic Presbytery,-36.8556121,174.7807973,"244 Parnell Road, Parnell, Auckland 1052, New Zealand",,"establishment,point_of_interest",3.0,5,+64 9 373 3132,https://parnellcatholic.org.nz/
ChIJDzzlGtY5DW0Rxhpfk_7eKBI,TIME Unlimited Tours,-36.8516264,174.782291,"9/17b Farnham Street, Parnell, Auckland 1052, New Zealand",,"establishment,point_of_interest",4.9,78,+64 9 846 3469,http://www.newzealandtours.travel/
ChIJJSx3ovpHDW0Ru3nEJUZVk5o,Auckland Whale & Dolphin Safari,-36.842224,174.762412,"Berth 9, Eastern Viaduct Marina, Auckland Central, Auckland 1010, New Zealand",tourist attraction,"establishment,park,point_of_interest,tourist_attraction,travel_agency",4.6,855,+64 508 365 744,https://whalewatchingauckland.com/
ChIJB5D1KXxJDW0Rsk8MobDJutM,Sea View Bridge,-36.84367,174.815608,"18 Tamaki Dr, Okahu Street, Orakei, Auckland 1071, New Zealand",tourist attraction,"establishment,point_of_interest,tourist_attraction",4.6,32,,
ChIJo2yzot03DW0RJ6bUgwQgjYs,Magic Broomstick Segway Tours,-36.8333836,174.7957631,"Devonport Ferry Terminal 1 Queens Parade, Devonport, Auckland 0624, New Zealand",tourist attraction,"establishment,point_of_interest,tourist_attraction,travel_agency",4.9,75,+64 27 339 3155,http://www.magicbroomsticktours.co.nz/
ChIJuQtUJ_E3DW0Rn9vjGT1N6OY,Stanley Point View-Point,-36.8267898,174.7806969,"Stanley Point, Auckland 0624, New Zealand",tourist attraction,"establishment,point_of_interest,tourist_attraction",4.7,42,,
ChIJQ_AWWupHDW0Ryto4Qv8gOJQ,GreatSights New Zealand,-36.8490175,174.7615823,"102 Hobson Street, Auckland Central, Auckland 1010, New Zealand",,"establishment,point_of_interest,travel_agency",4.6,195,+64 800 744 487,https://www.greatsights.co.nz/new-zealand-tours
ChIJr6-Akw9IDW0RnTYRf1xnk2U,NZ Tourism Tours,-36.8516273,174.7822859,"5034/17 Farnham Street, Parnell, Auckland 1052, New Zealand",,"establishment,point_of_interest,travel_agency",5.0,9,+64 9 977 9950,https://www.nz-tourism.com/
ChIJOyyTb3JIDW0RvUMHZhezeBI,Newmarket Park,-36.8648873,174.783322,"51 Ayr Street, Parnell, Auckland 1052, New Zealand",park,"establishment,park,point_of_interest",4.3,166,,https://www.aucklandcouncil.govt.nz/parks-recreation/Pages/park-details.aspx?Location=176
ChIJk37T1BxHDW0RqC47mgnWSFk,Auckland Explorer Bus,-36.8451641,174.767564,"Stop 1/23 Customs Street East, Auckland Central, Auckland 1010, New Zealand",,"establishment,point_of_interest,travel_agency",3.5,230,+64 800 439 756,https://www.explorerbus.co.nz/
ChIJQa4r52xIDW0RXaZfRmceki0,Ayr Reserve,-36.8622588,174.7869515,"Parnell, Auckland 1052, New Zealand",park,"establishment,park,point_of_interest",4.1,8,,http://www.aucklandcouncil.govt.nz/
ChIJzRHNr19CDW0RGTASzfL57XI,Auckland Urban Adventures,-36.85067859999999,174.7646155,"Queen Street, Auckland Central, Auckland 1010, New Zealand",,"establishment,point_of_interest,travel_agency",4.2,5,+64 27 823 2627,
ChIJMamOl5BIDW0RbrVst6EV1cA,Memorial Steps,-36.8974588,174.7844202,"One Tree Hill, Auckland 1051, New Zealand",tourist attraction,"establishment,point_of_interest,tourist_attraction",4.2,21,+64 9 301 0101,http://www.aucklandcouncil.govt.nz/
ChIJEVidNddJDW0RSsVTy1pmDIU,Smirnoff Centenary Sculpture,-36.8674152,174.7780772,"Newmarket, Auckland 1023, New Zealand",tourist attraction,"establishment,point_of_interest,tourist_attraction",4.8,4,,
ChIJU6iiHQBJDW0RJ0n_ucEqQ4I,"Sculpture ""The World Grasped"" by Terry Stringer",-36.8696777,174.7772521,"225 Broadway, Newmarket, Auckland 1023, New Zealand",tourist attraction,"establishment,point_of_interest,tourist_attraction",,0,,
ChIJrQaZeQJHDW0RFyKdQqBTS20,Twins,-36.8619239,174.770054,"Grafton, Auckland 1023, New Zealand",tourist attraction,"establishment,point_of_interest,tourist_attraction",,0,,
ChIJ30vi9HNIDW0RhCY4SrdSNWQ,Olympic Reserve,-36.8653252,174.7787244,"50/56 Broadway, Newmarket, Auckland 1023, New Zealand",park,"establishment,park,point_of_interest",3.3,3,,
ChIJO6lIbgBHDW0RHmZ9XHV3SAg,Viewpoint Auckland,-36.87529749999999,174.7651753,"Mount Eden, Auckland 1024, New Zealand",tourist attraction,"establishment,point_of_interest,tourist_attraction",5.0,4,,
ChIJf8rrwUFIDW0R6jCLNUSBKeQ,Waitaramoa Reserve,-36.8658702,174.7952582,"135A Portland Road, Remuera, Auckland 1050, New Zealand",tourist attraction,"establishment,park,point_of_interest,tourist_attraction",4.3,32,,http://www.aucklandcouncil.govt.nz/
ChIJlcWnDgBHDW0Rk0oY6wnnp1c,Bob the Grafton Cat,-36.8620462,174.7667306,"Grafton Hall 10A Carlton Gore Road, Grafton, Auckland 1023, New Zealand",tourist attraction,"establishment,point_of_interest,tourist_attraction",4.5,15,,
ChIJ5017HQlHDW0R3G8LwlkmfCM,Walk access to mountain,-36.875954,174.763383,"18A Hillside Crescent South, Mount Eden, Auckland 1024, New Zealand",tourist attraction,"establishment,point_of_interest,tourist_attraction",4.9,11,,
ChIJk4Bo9mpIDW0R_JCi8XCsdTs,Shore Road Reserve,-36.8640392,174.7942722,"32B Shore Road, Remuera, Auckland 1050, New Zealand",tourist attraction,"establishment,park,point_of_interest,tourist_attraction",4.4,339,+64 9 301 0101,https://www.aucklandcouncil.govt.nz/parks-recreation/Pages/park-details.aspx?Location=2083
ChIJW7Idj2BGDW0RINqcJGLvAA8,War Memorial Park,-36.9041071,174.735379,"13 May Road, Mount Roskill, Auckland 1041, New Zealand",tourist attraction,"establishment,park,point_of_interest,tourist_attraction",4.5,1426,+64 9 301 0101,https://www.aucklandcouncil.govt.nz/parks-recreation/Pages/park-details.aspx?Location=16
ChIJd7LFL85HDW0RXrbjlkC16DM,Tram Shelter,-36.8744358,174.7622922,"Mount Eden Road, Mount Eden, Auckland 1024, New Zealand",tourist attraction,"establishment,point_of_interest,tourist_attraction",4.0,33,+64 9 301 0101,https://www.aucklandcouncil.govt.nz/
ChIJO8JDYuJHDW0RRpoIWPQn1FA,Joseph Craig Historic House,-36.8755192,174.7700337,"127 Mountain Road, Epsom, Auckland 1023, New Zealand",,"establishment,point_of_interest",5.0,1,,
ChIJG_PxYmBJDW0R52rw93ZvjY0,Olesen's Building,-36.8849185,174.7754507,"237/241 Manukau Road, Epsom, Auckland 1023, New Zealand",,"establishment,point_of_interest",4.7,3,,
ChIJe2NJXYdIDW0RkM-cJGLvAA8,Te Kopuke / Titikopuke / Mount St John,-36.8834266,174.7799361,"35 Mount Saint John Avenue, Epsom, Auckland 1051, New Zealand",park,"establishment,park,point_of_interest",4.6,82,+64 9 301 0101,https://www.aucklandcouncil.govt.nz/parks-recreation/Pages/park-details.aspx?Location=33
ChIJqZMSjQVHDW0RHXN-Rm0ONCc,Landmark Chambers,-36.8494658,174.766242,"Level 3/23 Victoria Street East, Auckland Central, Auckland 1010, New Zealand",,"establishment,point_of_interest",4.0,8,+64 9 302 2599,http://www.deborahmanning.co.nz/
ChIJYfQOKABHDW0RGLzTc3ezenA,Grafton Bridge Flats,-36.8606659,174.7669715,"1 Park Road, Grafton, Auckland 1023, New Zealand",,"establishment,point_of_interest",,0,,
ChIJjSmmfCM2DW0Rw-p_L19EIsc,Bean Rock Lighthouse,-36.8333258,174.8310392,"Mission Bay, Auckland, New Zealand",tourist attraction,"establishment,point_of_interest,tourist_attraction",4.3,26,+64 9 301 0101,
ChIJodn2xJNIDW0RicrSvNSgUos,Rongo Stone,-36.8974357,174.7897888,"Cornwall Park Avenue, Greenlane, Auckland 1051, New Zealand",tourist attraction,"establishment,point_of_interest,tourist_attraction",4.6,11,,
ChIJf-ILt49HDW0RqrkzPBXJX7Q,Three Lamps,-36.8472092,174.7437588,"348 Ponsonby Road, Ponsonby, Auckland 1011, New Zealand",tourist attraction,"establishment,point_of_interest,tourist_attraction",4.4,92,,
ChIJZ2DYDc03DW0RmdaEJE617Is,Old Guns Never Die,-36.82599769999999,174.8115211,"Maungauika/North Head Historic Walk, Devonport, Auckland 0624, New Zealand",,"establishment,point_of_interest",4.8,11,,
ChIJHbDJLA5JDW0RiUCgQwlVmsw,Tinana Wilson’s Beach,-36.8621814,174.8013173,"Victoria Avenue, Remuera, Auckland 1050, New Zealand",,"establishment,point_of_interest",4.8,17,+64 9 301 0101,https://ourauckland.aucklandcouncil.govt.nz/news/2018/2/wilson-s-beach-clean-up/
ChIJN9-JuthLDW0RD9hWsO84sDs,Panmure Historical Society & Stone Cottage Museum,-36.90144290000001,174.8575948,"1 Kings Road, Panmure, Auckland 1072, New Zealand",tourist attraction,"establishment,point_of_interest,tourist_attraction",4.5,22,+64 21 163 3551,
ChIJ9QbBCQBJDW0RANARcZYgDHg,"Jubilee Bridge, Panmure",-36.9064765,174.8559607,"18A Watene Road, Mount Wellington, Auckland 1060, New Zealand",,"establishment,point_of_interest",4.6,7,,https://ourauckland.aucklandcouncil.govt.nz/news/2025/07/connection-complete/
ChIJ-bK3ZwBJDW0RTmXHZISoFrE,Totara Tree site,-36.8998826,174.7831749,"One Tree Hill, Auckland 1051, New Zealand",,"establishment,point_of_interest",5.0,1,,
ChIJNa4TkpJPDW0RX53QAWX5vBo,Old Mangere Bridge Heritage Garden,-36.9324702,174.786295,"57 Onehunga Harbour Road, Onehunga, Auckland 1061, New Zealand",,"establishment,point_of_interest",4.7,11,,
ChIJgyZh0RBGDW0RfhkqkZ_jfJ4,St Andrews Reserve,-36.9090267,174.7607,"Mount Albert Road, Three Kings, Auckland 1023, New Zealand",,"establishment,point_of_interest",4.1,9,+64 9 301 0101,https://www.aucklandcouncil.govt.nz/parks-recreation/Pages/default.aspx
ChIJX80yWKBIDW0RIo64FCHSDlQ,Stardome Observatory & Planetarium,-36.9060083,174.7770694,"670 Manukau Road, Epsom, Auckland 1023, New Zealand",tourist attraction,"establishment,movie_theater,museum,point_of_interest,store,tourist_attraction",4.5,495,+64 9 624 1246,http://www.stardome.org.nz/
ChIJ3UHPg2NIDW0RQM2cJGLvAA8,Mount Hobson,-36.8783204,174.7870336,"181-191 Remuera Road, Remuera, Auckland 1050, New Zealand",park,"establishment,park,point_of_interest",4.6,332,+64 9 301 0101,https://www.aucklandcouncil.govt.nz/parks-recreation/Pages/park-details.aspx?Location=110#about
ChIJ_WDswgVJDW0RP6--i2s-c9s,Archie Brothers Newmarket,-36.8722868,174.7765199,"309 Broadway, Newmarket, Auckland 1023, New Zealand",,"establishment,point_of_interest",4.4,2612,+64 9 801 3381,https://archiebrothers.co.nz/locations/newmarket?utm_source=google-business&utm_medium=organic&utm_campaign=search-google-business
ChIJh_sakL5JDW0R75wZrVUgtF0,Timezone Newmarket,-36.8682151,174.7778045,"135 Broadway, Newmarket, Auckland 1023, New Zealand",,"establishment,point_of_interest",4.6,786,+64 9 887 8302,https://www.timezonegames.com/en-nz/locations/timezone-newmarket?utm_source=google&utm_medium=organic&utm_campaign=gmb-location&utm_term=plcid_13059676892669971133
ChIJ_clBsHZIDW0RGfhmEO9sM7o,Lumsden Green,-36.8672501,174.7779532,"Newmarket, Auckland 1023, New Zealand",park,"establishment,park,point_of_interest",3.8,11,,
ChIJpZWPpR1JDW0RumH4mHDZwDg,Orakei Basin Carpark,-36.866879,174.808961,"177 Upland Road, Remuera, Auckland 1050, New Zealand",tourist attraction,"establishment,point_of_interest,tourist_attraction",4.6,48,,https://www.aucklandcouncil.govt.nz/parks-recreation/Pages/park-details.aspx?Location=136
ChIJgWp70s9HDW0RHkA--c-0hj4,Tahaki Reserve,-36.8729568,174.7636321,"250 Mount Eden Road, Mount Eden, Auckland 1024, New Zealand",park,"establishment,park,point_of_interest",4.6,291,+64 9 301 0101,http://www.aucklandcity.govt.nz/whatson/places/parksonline/detail.asp?pParkId=1995
ChIJgXSWt15HDW0RL36xFncVVok,Mount Eden Summit,-36.87809010000001,174.7645146,"Mount Eden, Auckland 1024, New Zealand",park,"establishment,park,point_of_interest",4.8,180,,
ChIJMT_rW-ZHDW0RRCcqaCK6e8Q,New Zealand Wars memorial,-36.8558448,174.7660121,"Symonds Street, Grafton, Auckland 1010, New Zealand",tourist attraction,"establishment,park,point_of_interest,tourist_attraction",4.1,24,+64 4 499 4229,https://nzhistory.govt.nz/media/photo/symonds-street-nz-wars-memorial
ChIJRwav9FZHDW0RbiAzxd7gRDs,The bridge,-36.8548799,174.7684931,"Whitaker Place, Grafton, Auckland 1010, New Zealand",park,"establishment,park,point_of_interest",5.0,2,,
ChIJWbSeHd9HDW0R4EtZKhQ-QiE,Outhwaite Park,-36.8645171,174.770437,"53 Carlton Gore Road, Grafton, Auckland 1023, New Zealand",park,"establishment,park,point_of_interest",4.2,116,+64 9 301 0101,https://www.aucklandcouncil.govt.nz/parks-recreation/Pages/park-details.aspx?Location=137
ChIJU5BAX_lHDW0RNvO-wo-QjPs,First post office in Auckland,-36.8444984,174.7670649,"3 Galway Street, Auckland Central, Auckland 1010, New Zealand",,"establishment,point_of_interest",3.5,4,,
ChIJdS1v0PlHDW0R7UwqxUHT_dU,KZ1 Team New Zealand America's Cup Yacht,-36.8423399,174.7633877,"New Zealand Maritime Museum, Corner Quay and Hobson Streets, Quay Street, Viaduct Harbour, Auckland 1010, New Zealand",,"establishment,point_of_interest",4.5,46,+64 9 373 0800,http://www.maritimemuseum.co.nz/
ChIJo1TPBQBHDW0R_G2kndUM3lw,AJ Hackett Auckland Bridge,-36.8571676,174.7663321,"15 Whitaker Place, Grafton, Auckland 1010, New Zealand",,"establishment,point_of_interest",,0,,
ChIJAeYlvcJPDW0Rv2qaarMcUf4,Butterfly Creek,-36.9995511,174.7942078,"10 Tom Pearce Drive, Auckland Airport, Auckland 2022, New Zealand",tourist attraction,"cafe,establishment,food,point_of_interest,tourist_attraction,zoo",4.3,4536,+64 9 275 8880,http://www.butterflycreek.co.nz/
ChIJTVCE_5FHDW0R-wlqIw1XRig,Costley Reserve,-36.8493399,174.7467274,"15 Costley Street, Freemans Bay, Auckland 1011, New Zealand",tourist attraction,"establishment,park,point_of_interest,tourist_attraction",4.2,29,+64 9 301 0101,http://www.aucklandcouncil.govt.nz/
ChIJJWelSnFHDW0RALSdJGLvAA8,Cox's Bay Reserve,-36.8516949,174.7272478,"44-66 West End Road, Westmere, Auckland 1022, New Zealand",tourist attraction,"establishment,park,point_of_interest,tourist_attraction",4.5,867,+64 9 301 0101,https://www.aucklandcouncil.govt.nz/parks-recreation/Pages/park-details.aspx?Location=97
ChIJwxnyQHlHDW0RvvAZzPn-znM,Herne Bay Beach,-36.8442181,174.7275943,"Herne Bay Road, Herne Bay, Auckland 1011, New Zealand",tourist attraction,"establishment,park,point_of_interest,tourist_attraction",4.2,358,,http://www.aucklandcity.govt.nz/whatson/places/parksonline/detail2.asp?pParkId=815
ChIJYVIx7pZHDW0R5bfFR5UAbDM,Brown Reserve,-36.8563103,174.7454533,"10 Brown Street, Ponsonby, Auckland 1021, New Zealand",park,"establishment,park,point_of_interest",5.0,5,+64 9 301 0101,http://www.aucklandcouncil.govt.nz/
ChIJLf5yVAtHDW0RYdRUrABBW9E,Wellpark Reserve,-36.8592235,174.7269517,"Grey Lynn, Auckland 1021, New Zealand",tourist attraction,"establishment,park,point_of_interest,tourist_attraction",4.0,6,+64 9 301 0101,http://www.aucklandcouncil.govt.nz/
ChIJN20u9oJHDW0RTmTu0NHMq54,Magical mini-park,-36.8552831,174.7434343,"36 Norfolk Street, Ponsonby, Auckland 1021, New Zealand",park,"establishment,park,point_of_interest",,0,,
ChIJC094chxHDW0RKVhY7zD0Bvg,Harbour Bridge Pathway,-36.8380036,174.7394793,"Harry’s Meadow 94C Shelly Beach Road, Westhaven, Auckland 1011, New Zealand",tourist attraction,"establishment,point_of_interest,tourist_attraction",4.8,49,,
ChIJjdGXsHdHDW0R0MCcJGLvAA8,Bayfield Park,-36.8505476,174.7301958,"10 to 12 West End Road, 10 West End Road, Herne Bay, Auckland 1022, New Zealand",tourist attraction,"establishment,park,point_of_interest,tourist_attraction",4.5,44,+64 9 301 0101,http://www.aucklandcouncil.govt.nz/EN/Pages/default.aspx
ChIJLXfa5I9HDW0RTDeQz6vLMJU,Bishop Pompallier Reserve,-36.8483974,174.7426981,"7 Pompallier Terrace, Ponsonby, Auckland 1011, New Zealand",park,"establishment,park,point_of_interest",3.4,7,+64 9 301 0101,http://www.aucklandcouncil.govt.nz/
ChIJ0zjljGpHDW0RVzvnXK6rz5A,Weona Reserve,-36.8559696,174.7123666,"Westmere, Auckland 1022, New Zealand",tourist attraction,"establishment,park,point_of_interest,tourist_attraction",4.4,40,+64 9 301 0101,https://www.aucklandcouncil.govt.nz/parks-recreation/Pages/default.aspx
ChIJ60p8bgA5DW0RWIq2NuqZHy0,Kauri Glen walkway,-36.80726689999999,174.7333207,"Kauri Glen Road, Northcote, Auckland 0627, New Zealand",tourist attraction,"establishment,point_of_interest,tourist_attraction",4.6,305,,
ChIJbarFkJZHDW0RyygDq3G2Mg4,Ponsonby Central,-36.8561426,174.7464187,"136/146 Ponsonby Road, Ponsonby, Auckland 1011, New Zealand",restaurant,"establishment,food,grocery_or_supermarket,point_of_interest,restaurant,store",4.6,1713,+64 9 376 8300,http://www.ponsonbycentral.co.nz/
ChIJP6-aXABHDW0Rycd_VPs2nuM,Former Ponsonby Fire Station,-36.8582911,174.7481987,"1 Williamson Avenue, Grey Lynn, Auckland 1021, New Zealand",,"establishment,point_of_interest",,0,,
ChIJc-rpFUg5DW0RgvPGQmzozj8,Sailing Teddy,-36.8353449,174.7459562,"181 Westhaven Drive, Westhaven, Auckland 1011, New Zealand",,"establishment,point_of_interest",4.9,10,,
ChIJ_fLAWQBHDW0RrywfyrCmq30,Stichbury terrace,-36.844829,174.7399765,"93 Jervois Road, Herne Bay, Auckland 1011, New Zealand",,"establishment,point_of_interest",,0,,
ChIJe64UDnE4DW0RrR4t9A2P6oU,Auckland Harbour Bridge,-36.8305715,174.745694,"Northcote Point, Auckland 2022, New Zealand",tourist attraction,"establishment,point_of_interest,tourist_attraction",4.5,1063,,
ChIJL9w8cARHDW0RLoQMR8x30Mc,Eagle Memorial,-36.8478523,174.7498819,"Corner of Gudgeon St and, Hargreaves Street, Freemans Bay, Auckland 1011, New Zealand",,"establishment,point_of_interest",5.0,2,,
ChIJ2zFsNgBHDW0R_0xW_CHUCkU,Evercreak House,-36.8549662,174.7271586,"6 Webber Street, Westmere, Auckland 1022, New Zealand",,"establishment,point_of_interest",,0,,
ChIJvzSeDABHDW0Rxg4dvqLjH-Y,Star mills and star Tannery Bridge,-36.8737482,174.7033295,"15A Cowley Street, Waterview, Auckland 1026, New Zealand",,"establishment,point_of_interest",5.0,1,,
ChIJPT8KVAA5DW0R0APj4lseD0g,Tweek and Craig Rock,-36.8195578,174.7396507,"Little Shoal Bay, Birkenhead, Auckland 0626, New Zealand",,"establishment,point_of_interest",5.0,2,,
ChIJmQwo6dI7DW0RV4_5OEK9m1g,Landmark Homes - North Shore/Rodney,-36.7417484,174.728364,"B1/63 Apollo Drive, Rosedale, Auckland 0632, New Zealand",,"establishment,general_contractor,point_of_interest",4.3,6,+64 9 478 9924,https://landmarkhomes.co.nz/franchise/auckland-north-shore-rodney
ChIJQYZ1MkxPDW0RHBIZCsLHDrE,Hard To Find Books,-36.8614469,174.7608716,"2 Saint Benedicts Street, Eden Terrace, Auckland 1010, New Zealand",,"book_store,establishment,home_goods_store,point_of_interest,store",4.7,673,+64 9 368 4898,https://www.hardtofind.co.nz/
ChIJhax3rZFHDW0RpLAUrnbTIe0,Ponsonby Manor,-36.8509433,174.7448902,"229 Ponsonby Road, Ponsonby, Auckland 1011, New Zealand",,"establishment,lodging,point_of_interest",4.6,149,+64 9 360 7977,http://www.ponsonbymanor.co.nz/
ChIJWXJVQX9HDW0R_co9H9PHibc,Cremorne Reserve,-36.84206640000001,174.7306776,"Cremorne Street, Herne Bay, Auckland 1011, New Zealand",park,"establishment,park,point_of_interest",4.1,38,+64 9 379 2020,http://www.aucklandcouncil.govt.nz/
ChIJoRGibPxHDW0RKDQAAUM1yxw,Stray Adventure Tours,-36.8561023,174.7461031,"Level 1/4 Brown Street, Ponsonby, Auckland 1011, New Zealand",,"establishment,point_of_interest,travel_agency",4.6,221,+64 9 526 2140,https://www.straytravel.com/?utm_source=google&utm_medium=organic&utm_campaign=gmb&utm_content=GMBStrayNZ
ChIJOxrkQ-lHDW0R29Mmo4t4UFo,Zou Zou Ltd,-36.8558067,174.7584877,"39 Pitt Street, Auckland Central, Auckland 1010, New Zealand",,"establishment,point_of_interest,travel_agency",5.0,5,+64 21 332 001,https://zouzou.co.nz/
ChIJJWqX-j5HDW0Rrf42zdGHF6A,Tarawa Tours,-36.8472344,174.7318643,"203A Jervois Road, Herne Bay, Auckland 1011, New Zealand",tourist attraction,"airport,establishment,point_of_interest,tourist_attraction,travel_agency",,0,+64 21 257 9021,https://www.tarawatours.com/
ChIJny3VA9lGDW0R6ujpzkOKNvc,Oakley Creek Waterfall,-36.8821602,174.7031555,"1520 Great North Road, Waterview, Auckland 1026, New Zealand",tourist attraction,"establishment,park,point_of_interest,tourist_attraction",4.2,1003,+64 9 301 0101,http://temp.aucklandcouncil.govt.nz/EN/parksfacilities/parksall/Pages/home2.aspx
ChIJ-XxXZ9H1ra0RtvELzQWki84,The Curtis Experience,-36.8518262,174.7392722,"76 Oneill Street, Ponsonby, Auckland 1011, New Zealand",,"establishment,point_of_interest,travel_agency",5.0,1,+64 21 477 490,
ChIJ-4Ali4xHDW0RVUTQNlJD1ms,Cooper Reserve,-36.867424,174.7447994,"28 Seddon Street, Grey Lynn, Auckland 1021, New Zealand",park,"establishment,park,point_of_interest",3.9,9,,https://www.aucklandcouncil.govt.nz/parks-recreation/Pages/park-details.aspx?Location=3063
ChIJCxO9455HDW0RQrIN937t6T4,Hakanoa Reserve,-36.8561694,174.7349484,"58 Hakanoa Street, Grey Lynn, Auckland 1021, New Zealand",park,"establishment,park,point_of_interest",4.1,7,+64 9 301 0101,http://www.aucklandcouncil.govt.nz/
ChIJo1-zHgBHDW0RUOEL_ltgPeU,North Western Cycleway,-36.8643029,174.7527541,"10 Takau Street, Eden Terrace, Auckland 1021, New Zealand",tourist attraction,"establishment,point_of_interest,tourist_attraction",3.0,2,,
ChIJt2lh1ApHDW0RhpY3TbZ2ztw,Francis Reserve,-36.8589295,174.7298164,"4 Warnock Street, Grey Lynn, Auckland 1021, New Zealand",park,"establishment,park,point_of_interest",4.9,7,+64 9 301 0101,https://www.aucklandcouncil.govt.nz/parks-recreation/Pages/park-details.aspx?Location=1
ChIJ-XCDIlBBDW0Rybt9IcvRgog,Te Toi Uku - Crown Lynn & Clayworks Museum,-36.9111089,174.6802832,"8 Ambrico Place, New Lynn, Auckland 0600, New Zealand",tourist attraction,"establishment,museum,point_of_interest,tourist_attraction",4.4,72,+64 9 827 7349,http://www.tetoiuku.org.nz/
ChIJ-WYvF55HDW0RHkeLI__y-_Y,Balmoral Village Green,-36.8898561,174.7466097,"680 Dominion Road, Balmoral, Auckland 2105, New Zealand",,"establishment,point_of_interest",,0,,
ChIJI32CYgBBDW0RBe6MFcDQnNE,Swift Corner,-36.91337680000001,174.6796423,"12 Margan Avenue, New Lynn, Auckland 0600, New Zealand",,"establishment,point_of_interest",,0,,
ChIJSfj3KLVHDW0R_m1Ew-DAtnU,Auckland Guide Centre,-36.8808137,174.7500242,"132 Grange Road, Balmoral, Auckland 1024, New Zealand",,"establishment,point_of_interest",4.5,11,,
ChIJnQkJUc1HDW0RRwKJLhMUzMw,Cucksey's Building,-36.8814495,174.7621644,"Mount Eden Road, Mount Eden, Auckland 1024, New Zealand",tourist attraction,"establishment,point_of_interest,tourist_attraction",,0,,
ChIJh5cpKQBDDW0RlXDOwVHepco,Pipeline route,-36.9401256,174.6303527,"Titirangi, Auckland 0604, New Zealand",,"establishment,point_of_interest",4.5,2,,
ChIJTYgIG6VHDW0RvxUcv-yfK-U,Arch Hill Scenic Reserve,-36.8680455,174.7402077,"89 Ivanhoe Road, Grey Lynn, Auckland 1021, New Zealand",park,"establishment,park,point_of_interest",4.0,21,,
ChIJBZGTFeBDDW0RCXkx3g7ooSA,West Lynn Garden & Butterfly House,-36.9218383,174.6700771,"73 Parker Avenue, New Lynn, Auckland 0600, New Zealand",tourist attraction,"establishment,park,point_of_interest,tourist_attraction",4.4,529,+64 9 827 7045,http://westlynngarden.org.nz/
ChIJVaUhIWJqDW0RyuiYml2xQqk,Crystal Mountain,-36.8743011,174.5909712,"80 Candia Road, Swanson, Auckland 0614, New Zealand",tourist attraction,"cafe,establishment,food,museum,point_of_interest,store,tourist_attraction",4.1,2545,+64 9 833 5033,http://www.crystalmountain.co.nz/
ChIJr6tb2QhHDW0R3Tl5AKLsQp8,Sir Keith Park Memorial Aviation Collection,-36.8596024,174.7161884,"98 Motions Road, Western Springs, Auckland 1022, New Zealand",,"establishment,museum,point_of_interest",4.7,58,+64 9 815 5800,
ChIJefUJ7RRHDW0RNOATkM_d_3s,MOTAT Aviation Hall,-36.85980199999999,174.715713,"98 Motions Road, Western Springs, Auckland 1022, New Zealand",,"establishment,museum,point_of_interest",4.7,781,+64 9 815 5800,https://www.motat.nz/
ChIJq_-S_71HDW0RRxmV87Msb8Q,Grey,-36.8598521,174.7471347,"37 Scanlan Street, Grey Lynn, Auckland 1021, New Zealand",,"art_gallery,establishment,point_of_interest",4.8,16,+64 21 987 766,https://www.thegreyplace.nz/
ChIJu-1BsZhHDW0RCUWeIkqJ7Aw,Grey Lynn Pump Track,-36.8586666,174.7372396,"48 Dryden Street, Grey Lynn, Auckland 1021, New Zealand",,"establishment,point_of_interest",4.8,126,,https://www.bikeauckland.org.nz/rides/grey-lynn-pump-track/
ChIJZwXDD4FHDW0RySfMe0d2N4w,Sentinel Beach Reserve,-36.8412689,174.7347803,"Herne Bay, Auckland 1011, New Zealand",park,"establishment,park,point_of_interest",4.3,39,,
ChIJvf23bwBHDW0RUVsn7j8ZjH8,Franklin Road Xmas Lights Display,-36.8511838,174.7492919,"Franklin Road, Freemans Bay, Auckland 1011, New Zealand",tourist attraction,"establishment,point_of_interest,tourist_attraction",4.3,54,,
ChIJKeyrcQA_DW0R8UCtEHoJGFU,Island Bay Wharf,-36.8104457,174.6883863,"134 Island Bay Road, Beach Haven, Auckland 0626, New Zealand",tourist attraction,"establishment,point_of_interest,tourist_attraction",4.3,8,,
ChIJdUVX_ttJDW0Rg7CZSo4i9Ao,Trevor Moss Davis Memorial Fountain,-36.8474767,174.8305211,"Tamaki Drive, Mission Bay, Auckland 1071, New Zealand",tourist attraction,"establishment,park,point_of_interest,tourist_attraction",4.5,548,+64 9 301 0101,https://www.aucklandcouncil.govt.nz/parks-recreation/Pages/default.aspx
ChIJ9z3tdABHDW0R8mIc0M7PoXQ,听不见广场,-36.8438965,174.7670458,"12 Queen Street, Auckland Central, Auckland 1010, New Zealand",tourist attraction,"establishment,point_of_interest,tourist_attraction",5.0,3,,https://www.mfa.gov.cn/ziliao_674904/zt_674979/dnzt_674981/qtzt/twwt/stflgf/202206/t20220606_10699015.html
ChIJbY3XP5NHDW0RcbZ4yg0Bybo,Freemans Bay Community Centre,-36.8531514,174.7510951,"52 Hepburn Street, Freemans Bay, Auckland 1011, New Zealand",,"establishment,point_of_interest",4.3,348,+64 9 378 4474,https://bookings.aucklandcouncil.govt.nz/facilities/facility/freemans-bay-community-hall
ChIJxcFJa-JHDW0R8UwJ43nFebg,Freemans Park,-36.8533506,174.7525513,"Waiatarau Place, Freemans Bay, Auckland 1011, New Zealand",,"establishment,point_of_interest",,0,,https://www.freemanspark.co.nz/
ChIJjaXhRwBHDW0Rw-_7WQtmmgY,2XS Charters and Fishing Trips,-36.84157829999999,174.7460145,"Westhaven Drive, St Marys Bay, Auckland 1011, New Zealand",tourist attraction,"establishment,point_of_interest,tourist_attraction",,0,+64 21 599 684,
ChIJSUhhFtJHDW0RXdFKvthTzag,Maungawhau / Mount Eden,-36.8775792,174.7640517,"Maungawhau / Mount Eden, Mount Eden, Auckland 1024, New Zealand",,"establishment,natural_feature",4.8,208,,
ChIJySn5-EtGDW0R7IAQ_-ZsH-o,Mount Eden War Memorial Hall,-36.8860153,174.7473365,"489 Dominion Road, Mount Eden, Auckland 1024, New Zealand",,"establishment,point_of_interest",4.3,436,+64 9 379 2030,https://bookings.aucklandcouncil.govt.nz/facilities/facility/mt-eden-war-memorial-hall
ChIJ5XmHawBBDW0REyqYTm7ak2s,Glen Eden Valley,-36.9175099,174.6513129,"6 John F Kennedy Place, Glen Eden, Auckland 0602, New Zealand",,"establishment,point_of_interest",5.0,1,,
ChIJz4d67ctHDW0R_LrJkC8Dl24,Former Mt Eden Borough Council Chamber & Fire Station,-36.8776507,174.7570138,"62-64 Valley Road, Mount Eden, Auckland 1024, New Zealand",,"establishment,point_of_interest",3.3,3,+64 9 301 0101,https://www.aucklandcouncil.govt.nz/parks-recreation/Pages/default.aspx
ChIJRQnuPwBHDW0R06IJMA6ZH50,The Brixton,-36.8856182,174.7464949,"8 Brixton Road, Mount Eden, Auckland 1024, New Zealand",,"establishment,point_of_interest",,0,,
ChIJ_63V-MpDDW0R_RahFOqPIYg,Mt Atkinson,-36.9389573,174.6503736,"2 The Drive, Titirangi, Auckland 0604, New Zealand",tourist attraction,"establishment,point_of_interest,tourist_attraction",4.4,53,,https://www.aucklandcouncil.govt.nz/parks-recreation/Pages/default.aspx
ChIJT3AUhJ5JDW0Rrbd31VJAEYs,养心殿🫶,-36.8843173,174.7847465,"Dunkerron Avenue, Epsom, Auckland 1051, New Zealand",,"establishment,point_of_interest",5.0,1,,
ChIJswI_CABHDW0R-WKPBRtDvmk,Mount eden lookout,-36.8721908,174.7633394,"Tahaki Reserve 8 Normanby Road, Mount Eden, Auckland 1024, New Zealand",park,"establishment,park,point_of_interest",5.0,2,,
ChIJT7orjNtHDW0RYY0_X0Ht_bI,Old Mount Eden Prison,-36.8669401,174.7667621,"17 Boston Road, Grafton, Auckland 1024, New Zealand",,"establishment,point_of_interest",1.5,6,,
ChIJsWNy7wlJDW0Rm2e_kFu0kEM,Sir John Logan Campbell's statue,-36.8975189,174.7854373,"Greenlane, Auckland 1051, New Zealand",,"establishment,point_of_interest",4.5,4,,
ChIJ8SniUQM3DW0RdDVILas4FYU,Tainui Landing Memorial,-36.8283615,174.8091544,"63 King Edward Parade, Devonport, Auckland 0624, New Zealand",,"establishment,point_of_interest",3.7,3,+64 20 4106 8820,http://tainuiiwi.com/
ChIJpWVtxT9GDW0RQNqcJGLvAA8,Big King Reserve,-36.9027136,174.7547328,"113A Duke Street, Mount Roskill, Auckland 1042, New Zealand",tourist attraction,"establishment,park,point_of_interest,tourist_attraction",4.6,359,,https://www.aucklandcouncil.govt.nz/parks-recreation/Pages/park-details.aspx?Location=60
ChIJI15c3zBGDW0R3yDvvtxRAm8,Balmoral Heights Reserve,-36.8898923,174.7586522,"58-70 Balmoral Road, Mount Eden, Auckland 1024, New Zealand",tourist attraction,"establishment,park,point_of_interest,tourist_attraction",4.1,62,+64 9 301 0101,http://www.aucklandcouncil.govt.nz/
ChIJ1cQtMABHDW0RAmgdFyx3q9Y,Mt. Eden Park,-36.8842907,174.7610828,"Mount Eden Road, Mount Eden, Auckland 1024, New Zealand",park,"establishment,park,point_of_interest",5.0,5,,
ChIJObaNu5tHDW0Rxwj7FDuovrs,Maungawhau Visitor Experience Centre,-36.8748172,174.763803,"250 Mount Eden Road, Mount Eden, Auckland 1024, New Zealand",,"establishment,point_of_interest,travel_agency",4.7,3,,https://www.maunga.nz/maunga/maungawhau/
ChIJH0fR_w9GDW0R36l1-gLmgz4,Monte Cecilia Park,-36.9136883,174.7644386,"72A Hillsborough Road, Royal Oak, Auckland 1023, New Zealand",tourist attraction,"establishment,park,point_of_interest,tourist_attraction",4.7,996,+64 9 301 0101,https://www.aucklandcouncil.govt.nz/parks-recreation/Pages/park-details.aspx?Location=3059
ChIJXXF2d3pJDW0RQNScJGLvAA8,Maungarei / Mount Wellington,-36.8919114,174.8474745,"32/66 Mountain Road, Mount Wellington, Auckland 6011, New Zealand",tourist attraction,"establishment,park,point_of_interest,tourist_attraction",4.6,1174,+64 9 301 0101,https://www.aucklandcouncil.govt.nz/parks-recreation/Pages/park-details.aspx?Location=101
ChIJmUf8LQBJDW0RnfAXNbQgcuo,The Easter Show,-36.892554,174.7811843,"217 Green Lane West, Epsom, Auckland 1051, New Zealand",tourist attraction,"establishment,point_of_interest,tourist_attraction",1.0,2,,http://www.eastershow.co.nz/
ChIJceyphIhIDW0RwJQ7Tq8IbAw,Huia Lodge,-36.8976077,174.783646,"Cornwall Park Green Lane West, Epsom, Auckland 1051, New Zealand",tourist attraction,"establishment,point_of_interest,tourist_attraction,travel_agency",4.5,39,+64 9 630 8485,http://www.cornwallpark.co.nz/
ChIJXen0soFIDW0RWophfJn0CTY,Marivare Reserve,-36.8854102,174.7753217,"245 Manukau Road, Epsom, Auckland 1023, New Zealand",park,"establishment,park,point_of_interest",4.2,12,,
ChIJY0aoGdhHDW0RZTD-yP2vYo8,Rannoch,-36.87111549999999,174.7722139,"77 Almorah Road, Epsom, Auckland 1023, New Zealand",tourist attraction,"establishment,point_of_interest,tourist_attraction",4.5,12,+64 9 639 2010,
ChIJxS8lLYJIDW0RGJt-IH9y05A,Cornwall Park,-36.8883798,174.7757459,"2 Puriri Drive, Epsom, Auckland 1051, New Zealand",park,"establishment,park,point_of_interest",4.8,43,,
ChIJ77n-cYFIDW0R-k2GmJAxhD0,Griffin Reserve,-36.8869952,174.7765134,"11 Griffin Avenue, Epsom, Auckland 1023, New Zealand",park,"establishment,park,point_of_interest",3.9,7,,
ChIJGUdnn1NHDW0RdUBfoeP_Knc,d,-36.8969434,174.77071,"Lurline Avenue, Epsom, Auckland 5177, New Zealand",tourist attraction,"establishment,point_of_interest,tourist_attraction",,0,+64 21 713 458,
ChIJe_9OGQBHDW0RjhkRgNZv-U8,The Emerald Epsom,-36.9000537,174.7730891,"581 Manukau Road, Epsom, Auckland 1023, New Zealand",restaurant,"bar,establishment,food,point_of_interest,restaurant",4.6,184,+64 9 624 0363,https://www.theemerald.co.nz/
ChIJjcIStpNJDW0Rn5zrH-QTSp4,"Sir John’s Burial Site, Obelisk",-36.9000878,174.7831906,"4846365, One Tree Hill, Auckland 1051, New Zealand",tourist attraction,"establishment,park,point_of_interest,tourist_attraction",4.8,39,,https://www.aucklandcouncil.govt.nz/parks-recreation/Pages/default.aspx
ChIJd5ePDp5IDW0RDjEv0rJ0F88,4WD Tours - NZ 4x4 Treks Ltd,-36.8990178,174.7742533,"3 Golf Road, Epsom, Auckland 1023, New Zealand",,"establishment,point_of_interest,travel_agency",5.0,2,+64 9 630 0936,http://www.4wdtours.co.nz/
ChIJ5QftQgBGDW0RqJ1J5VVuGZw,Taumanu Reserve,-36.9245582,174.7719575,"30 Seacliffe Road, Hillsborough, Auckland 1061, New Zealand",tourist attraction,"establishment,park,point_of_interest,tourist_attraction",4.5,390,+64 9 301 0101,https://www.aucklandcouncil.govt.nz/parks-recreation/Pages/park-details.aspx?Location=1361
ChIJiz4SeBdGDW0R5LZJB_neArs,Rowan Reserve,-36.9061113,174.7623039,"Epsom, Auckland 1023, New Zealand",park,"establishment,park,point_of_interest",4.3,4,,http://www.aucklandcouncil.govt.nz/
ChIJ7xNoNNZHDW0RQMycJGLvAA8,Withiel Thomas Reserve,-36.87481940000001,174.7721905,"5 Withiel Drive, Epsom, Auckland 1023, New Zealand",park,"establishment,park,point_of_interest",4.2,85,+64 9 301 0101,https://www.aucklandcouncil.govt.nz/parks-recreation/Pages/default.aspx
ChIJwQZKJk5PDW0RDzc0yfszD2M,Tours by Starlight,-36.9782143,174.8508904,"Coronation Road, Manukau, Auckland 2025, New Zealand",tourist attraction,"establishment,point_of_interest,tourist_attraction",5.0,2,+64 22 060 8513,
ChIJhXslC75HDW0R3lPegokCxJ0,Watling Reserve,-36.8957214,174.762667,"4944742, Epsom, Epsom, Auckland 1023, New Zealand",park,"establishment,park,point_of_interest",4.6,38,+64 9 301 0101,https://www.aucklandcouncil.govt.nz/parks-recreation/Pages/default.aspx
ChIJn-MPTUFHDW0RtVrbafQlpCk,Morvern Reserve,-36.8931181,174.765294,"81 Saint Andrews Road, Epsom, Auckland 1023, New Zealand",park,"establishment,park,point_of_interest",4.0,2,,
ChIJMS5P7ytGDW0RwNGcJGLvAA8,Melville Park,-36.8868478,174.7691372,"249-259 Gillies Avenue, Epsom, Auckland 1023, New Zealand",park,"establishment,park,point_of_interest",4.3,256,+64 9 301 0101,https://www.aucklandcouncil.govt.nz/parks-recreation/Pages/park-details.aspx?Location=185
ChIJY4qL9UlIDW0RLnfd9edF8p8,Orakei Basin,-36.8698993,174.8103133,"249 Orakei Road, Remuera, Auckland 1050, New Zealand",tourist attraction,"establishment,park,point_of_interest,tourist_attraction",4.7,504,+64 9 301 0101,https://www.aucklandcouncil.govt.nz/parks-recreation/Pages/park-details.aspx?Location=136
ChIJ59j2zttBDW0RsY9TI2k2JR4,NZ Motorcycle Show,-36.890241,174.7810092,"217 Green Lane West, Epsom, Auckland 1051, New Zealand",tourist attraction,"establishment,point_of_interest,tourist_attraction",4.2,22,,https://nzmotorcycleshow.co.nz/
ChIJ2wEdL_FPDW0RAj5GmeVxtgc,Gloucester reserves,-36.9288208,174.7862587,"70 Onehunga Mall, Onehunga, Auckland 1061, New Zealand",tourist attraction,"establishment,point_of_interest,tourist_attraction",,0,,
ChIJP2senE1PDW0R9c-WycX1xlQ,Gloucester Park,-36.9289229,174.7862115,"62-70 Onehunga Mall, Onehunga, Auckland 1061, New Zealand",tourist attraction,"establishment,park,point_of_interest,tourist_attraction",4.2,55,+64 9 301 0101,http://www.aucklandcouncil.govt.nz/EN/parksfacilities/sportsfields/Pages/Home.aspx
ChIJ37wE7VBPDW0R9i2Y3yq0wq4,Manukau Foreshore Walkway,-36.9311034,174.7883495,"37M Onehunga Mall, Onehunga, Auckland 1061, New Zealand",tourist attraction,"establishment,point_of_interest,tourist_attraction",4.5,10,,
ChIJe_fiEuhHDW0R7B9CVEbvJtI,Waikowhai Coastal Boardwalk,-36.9242068,174.7713604,"Taumanu Reserve 30 Seacliffe Rd Hillsborough, Onehunga, Auckland 1061, New Zealand",tourist attraction,"establishment,point_of_interest,tourist_attraction",4.1,9,,
ChIJ9a8JjstIDW0RHfIbxw4LzxM,Captain Springs Reserve,-36.922669,174.8004819,"Captain Springs Road, Onehunga, Auckland 1061, New Zealand",park,"establishment,park,point_of_interest",3.8,8,+64 9 301 0101,http://www.aucklandcouncil.govt.nz/
ChIJ7ZMC3KpIDW0RBL8pghlwJ_k,Onehunga Bay Reserve,-36.9242687,174.7756817,"71-91 Beachcroft Avenue, Onehunga, Auckland 1061, New Zealand",park,"establishment,park,point_of_interest",4.5,1021,+64 9 301 0101,https://www.aucklandcouncil.govt.nz/parks-recreation/Pages/park-details.aspx?Location=143
ChIJJ7HzLg5JDW0RWkG92YBwCdE,Horns Reserve,-36.9230057,174.7762628,"1 Normans Hill Road, Onehunga, Auckland 1061, New Zealand",park,"establishment,park,point_of_interest",4.0,6,,
ChIJd4G6gMlJDW0R9YidGdDVMaQ,John Park Memorial Fountain,-36.9181698,174.7795153,"80 Quadrant Road, Onehunga, Auckland 1061, New Zealand",park,"establishment,park,point_of_interest",4.5,97,,
ChIJOWjVJNBFDW0R7C_fpkyA_ds,Grannys Bay Reserve,-36.9298596,174.7521209,"2 Clifton Road, Hillsborough, Auckland 1042, New Zealand",tourist attraction,"establishment,point_of_interest,tourist_attraction",4.2,6,,https://www.aucklandcouncil.govt.nz/parks-recreation/Pages/park-details.aspx?Location=1801
ChIJLR2-FrBIDW0R73zaToIP7ko,Tin Tacks Reserve,-36.9161785,174.7846866,"371-373 Onehunga Mall, Onehunga, Auckland 1061, New Zealand",park,"establishment,park,point_of_interest",,0,,
ChIJl6504q5IDW0R0OOcJGLvAA8,Jellicoe Public Park,-36.9179371,174.7808359,"Onehunga, Auckland 1061, New Zealand",park,"establishment,park,point_of_interest",4.5,662,+64 9 301 0101,https://www.aucklandcouncil.govt.nz/parks-recreation/Pages/park-details.aspx?Location=129
ChIJR7KKeBRFDW0R3R0oBmzaDc8,Ōtuataua Stonefields Reserve,-36.9822263,174.7518396,"56 Ihumatao Quarry Road, Māngere, Auckland 2022, New Zealand",tourist attraction,"establishment,point_of_interest,tourist_attraction",4.4,99,+64 9 301 0101,https://www.aucklandcouncil.govt.nz/parks-recreation/Pages/park-details.aspx?Location=2910
ChIJhYjfdLZIDW0RdOS3nEfuzbg,Buchanan Park,-36.92064,174.7928305,"Onehunga, Auckland 1061, New Zealand",park,"establishment,park,point_of_interest",4.5,56,+64 9 301 0101,https://www.aucklandcouncil.govt.nz/parks-recreation/Pages/default.aspx
ChIJpzTaeLhIDW0RrJcj8kw21tg,Paihia Reserve,-36.9132071,174.7940703,"Onehunga, Auckland 1061, New Zealand",park,"establishment,park,point_of_interest",3.9,16,+64 9 301 0101,https://www.aucklandcouncil.govt.nz/Pages/default.aspx
ChIJw3q8qMhIDW0RsAH78c6is2A,Fong Reserve,-36.9159652,174.7990458,"216 Captain Springs Road, Onehunga, Auckland 1061, New Zealand",park,"establishment,park,point_of_interest",3.3,9,,
ChIJuwch7TtHDW0RF__zZQvhoZI,Sutties Reserve,-36.9204886,174.7724948,"Onehunga, Auckland 1061, New Zealand",park,"establishment,park,point_of_interest",,0,,
ChIJLxE3AC9JDW0RYstrAY6haIs,Hochstetter Pond,-36.9199385,174.7970704,"36 Grotto Street, Onehunga, Auckland 1061, New Zealand",park,"establishment,park,point_of_interest",3.8,8,,https://www.tiakitamakimakaurau.nz/discover-tamaki-makaurau/learn-about-your-area/bfa-hochstetter-pond/
ChIJryCE7L1PDW0RHHRChlp4TNM,Alfred Street Reserve,-36.928468,174.7951174,"2/22 Alfred Street, Onehunga, Auckland 1061, New Zealand",park,"establishment,park,point_of_interest",,0,,
ChIJBbg2l7BIDW0RFqbozrrcxxQ,Jordan Park,-36.9159804,174.7873852,"5A Jordan Avenue, Onehunga, Auckland 1061, New Zealand",park,"establishment,park,point_of_interest",4.0,5,,
ChIJqc8YMgBPDW0RVE6HwJ7_8GM,Original Mangere Bridge,-36.9354359,174.7862854,"Runfree Timber Trail, Onehunga, Auckland 2022, New Zealand",park,"establishment,park,point_of_interest",,0,,
ChIJHWxnhzVJDW0RVVgQoKdJ4t0,Taiere reserve,-36.9121382,174.7903212,"19 Taiere Terrace, Onehunga, Auckland 1061, New Zealand",park,"establishment,park,point_of_interest",3.8,4,,
ChIJySgFCgBPDW0RO9HSe5zcD-I,Ambury Regional park,-36.9523488,174.7781025,"Wallace Road, Māngere Bridge, Auckland 2022, New Zealand",tourist attraction,"establishment,point_of_interest,tourist_attraction",5.0,5,,
ChIJAwiKnDBJDW0RT1PqyEAEPvE,Bycroft Reserve,-36.9252131,174.7902051,"Onehunga, Auckland 1061, New Zealand",park,"establishment,park,point_of_interest",4.0,2,,
ChIJ-frCEAJJDW0RM_Urv0pjHvE,Rowe Reserve East,-36.9241057,174.7899159,"Onehunga, Auckland 1061, New Zealand",park,"establishment,park,point_of_interest",3.8,4,,
ChIJL0_L9qdFDW0ROHliO8HfsWo,Ambury Regional Park,-36.943896,174.761157,"43 Ambury Road, Māngere Bridge, Auckland 2022, New Zealand",tourist attraction,"establishment,point_of_interest,tourist_attraction",4.9,61,,https://www.aucklandcouncil.govt.nz/parks-recreation/Pages/park-details.aspx?Location=202#activities
ChIJl86a-HRJDW0RmnQjUFa9WXE,Onehunga Blockhouse,-36.9185729,174.7802555,"80 Quadrant Road, Onehunga, Auckland 1061, New Zealand",,"establishment,point_of_interest",,0,,
ChIJib5hPaZPDW0R_fR6XHIq1AM,Firstpeopleofthelight.com,-36.92825870000001,174.7949545,"Alfred Street, Onehunga, Auckland 1061, New Zealand",,"establishment,point_of_interest",,0,+64 22 198 5010,https://wa.me/+64221985010
ChIJ573yTuFODW0RkOIl8AT_Abk,Blake Road Reserve,-36.9538592,174.8199892,"81r Blake Road, Māngere East, Auckland 2024, New Zealand",,"establishment,point_of_interest",3.9,12,+64 9 301 0101,https://www.aucklandcouncil.govt.nz/parks-recreation/Pages/default.aspx
ChIJQbKUWqpJDW0RO85XI-uH5Rk,Sir John Logan Campbell KT,-36.9002297,174.7831732,"3QWP+8W, One Tree Hill, Auckland 1051, New Zealand",,"establishment,point_of_interest",5.0,3,,
ChIJxdj95VVODW0R4Hh_lBaNkyI,Massey Homestead,-36.9651682,174.8256969,"Massey Road, Māngere East, Auckland 2024, New Zealand",,"establishment,point_of_interest",3.9,27,,
ChIJAc3xO8dJDW0REm53htTfrMU,Eaglehurst House,-36.9021937,174.8189065,"36a Eaglehurst Road, Ellerslie, Auckland 1060, New Zealand",,"establishment,point_of_interest",4.5,6,,
ChIJVZBVBgBJDW0RYlvsr2v4P_c,Royal Oak International Football Field,-36.9154253,174.7737124,"Royal Oak, Auckland 1061, New Zealand",,"establishment,point_of_interest",5.0,1,,
ChIJifqMvcZJDW0Rw_XSKnqqVeg,Journeys End (Fencible Cottage),-36.9185745,174.7798711,"80 Quadrant Road, Onehunga, Auckland 1061, New Zealand",,"establishment,point_of_interest",,0,,
ChIJx9dm-s9FDW0RZ_Z_IKndHkY,Fraser Forest (Ecological Reserve),-36.92981049999999,174.7540642,"Filgate Street, Hillsborough, Auckland 1042, New Zealand",,"establishment,point_of_interest",4.5,4,,
ChIJeRNmLQBLDW0RUVcn8wGceps,Historic Dock and Stock Yard,-36.9071638,174.8605914,"12 Dayspring Way, Pakuranga, Auckland 2010, New Zealand",,"establishment,point_of_interest",4.0,3,,
ChIJnfSwBwtPDW0RNOKM_xNFvws,Boyd's Tree,-36.9734599,174.8236462,"21 Winthrop Way, Māngere East, Auckland 2024, New Zealand",,"establishment,point_of_interest",5.0,2,,
ChIJ8YQJWgBJDW0RJ4lD6bDPHNk,MyWellington,-36.8947861,174.8471469,"10 Homestead Drive, St Johns, Auckland 1072, New Zealand",,"establishment,point_of_interest",4.0,2,,
ChIJucqYPrJIDW0RSHGOFq2fTJ0,The Bray Building,-36.9215056,174.7853158,"237 Onehunga Mall, Onehunga, Auckland 1061, New Zealand",,"establishment,point_of_interest",,0,,
ChIJGdzAdQBJDW0R37_1PbcvLhY,maori garden site,-36.9017242,174.7830379,"One Tree Hill, Auckland 1051, New Zealand",,"establishment,point_of_interest",,0,,
ChIJt0dBDwBLDW0RrdojvzHZIRE,Flag Pole,-36.8714973,174.913029,"Auckland 2012, New Zealand",,"establishment,point_of_interest",5.0,13,,
ChIJXcU7fgBLDW0RBoQUFGGa7y4,Musick Point Tunnel,-36.8456459,174.9014264,"Musick Point Road, Bucklands Beach, Auckland 2012, New Zealand",,"establishment,point_of_interest",1.0,1,,
ChIJ36O9G3VFDW0R1fay_Q13lq8,Puketutu Island Lookout,-36.9696021,174.7541909,"Māngere, Auckland 2022, New Zealand",tourist attraction,"establishment,point_of_interest,tourist_attraction",4.3,43,+64 9 301 0101,https://www.aucklandcouncil.govt.nz/parks-recreation/Pages/default.aspx
ChIJ14AA5TZJDW0RMOOcJGLvAA8,Mutukaroa / Hamlins Hill Regional Park,-36.9198964,174.8339958,"1014 Great South Road, Penrose, Auckland 1060, New Zealand",tourist attraction,"establishment,park,point_of_interest,tourist_attraction",4.4,213,+64 9 366 2000,https://www.aucklandcouncil.govt.nz/parks-recreation/Pages/park-details.aspx?Location=221
ChIJezRCBWlGDW0RapuQd3ej02g,TT Shuttles - TT Tours,-36.9573925,174.8130701,"35 Bukem Place, Favona, Auckland 2024, New Zealand",tourist attraction,"establishment,point_of_interest,tourist_attraction",5.0,1,+64 210 305 522,https://tttours.co.nz/
ChIJ0bu6wFRPDW0RO4rjdtflUdA,Mangere Bridge Bike Ride Start,-36.9265355,174.7772033,"Orpheus Drive, Onehunga, Auckland 1061, New Zealand",park,"establishment,park,point_of_interest",4.2,10,,https://www.aucklandcouncil.govt.nz/parks-recreation/Pages/default.aspx
ChIJE5WdgSc0DW0RetfgTg50uyk,Rangitoto Summit,-36.7877077,174.8581387,"Auckland 1010, New Zealand",tourist attraction,"establishment,point_of_interest,tourist_attraction",4.8,576,,http://doc.govt.nz/
ChIJoRwBdGZHDW0Rrw4mj6rCT-k,The Student Tours,-36.908612,174.800764,"8 Houpara Street, One Tree Hill, Auckland 1061, New Zealand",,"establishment,point_of_interest,travel_agency",5.0,11,+64 27 625 6220,http://www.thestudenttours.com/
ChIJ59BgKABJDW0RvfjgvZtw3Ds,Canon Park,-36.8894085,174.8259538,"31 Pohutukawa Place, Ellerslie, Auckland 1051, New Zealand",park,"establishment,park,point_of_interest",4.0,1,,
ChIJOxAtLwRJDW0Rqe51W4OGook,Celtic Crescent Reserve,-36.8902981,174.8223723,"Celtic Crescent, Ellerslie, Auckland 1051, New Zealand",park,"establishment,park,point_of_interest",4.3,3,,
ChIJnQBHJNBJDW0RysBjNLCfLpI,Marei Reserve,-36.9031345,174.8042705,"14 Rockfield Road, Ellerslie, Auckland 1061, New Zealand",park,"establishment,park,point_of_interest",4.7,3,,
ChIJR_2ZIANJDW0RINWcJGLvAA8,Michaels Avenue Reserve,-36.894123,174.8170844,"46 Michaels Avenue, Ellerslie, Auckland 1051, New Zealand",park,"establishment,park,point_of_interest",4.3,473,+64 9 301 0101,https://www.aucklandcouncil.govt.nz/parks-recreation/Pages/park-details.aspx?Location=193
ChIJ5a5tRuFIDW0R_5MX5pL_cwM,Cawley Street Reserve,-36.9012245,174.8105952,"Cawley Street, Ellerslie, Auckland 1051, New Zealand",park,"establishment,park,point_of_interest",3.0,1,,
ChIJw43qbQFJDW0RsNKcJGLvAA8,Liston Park,-36.88874690000001,174.8185369,"Michaels Avenue, Ellerslie, Auckland 1051, New Zealand",park,"establishment,park,point_of_interest",3.9,62,+64 9 301 0101,https://www.facebook.com/pages/Liston-Park/250599038363551
ChIJO8el_b1NDW0Rs8quFlhHI9M,Rainbow's End,-36.9935538,174.8846224,"2 Clist Crescent, Manukau City Centre, Auckland 2104, New Zealand",tourist attraction,"amusement_park,establishment,point_of_interest,tourist_attraction",4.3,7108,+64 9 262 2030,http://www.rainbowsend.co.nz/
ChIJcfwqPHxJDW0RYxwWT6jSX4w,Waipuna Minature Trains,-36.9085541,174.8489131,"Peterson Road, Mount Wellington, Auckland 1060, New Zealand",tourist attraction,"establishment,point_of_interest,tourist_attraction",4.9,22,,https://asme.org.nz/train-rides/
ChIJX6pjevxIDW0RUT9UgHbqSiA,Derby Downs Domain,-36.8914962,174.8104322,"20 Lonsdale Street, Ellerslie, Auckland 1051, New Zealand",park,"establishment,park,point_of_interest",4.0,2,,
ChIJkZCKIbRLDW0Rt2m6I6LChpY,Snakes and Ladders Park,-36.8918215,174.8816183,"Bramley Drive, Farm Cove, Auckland 2012, New Zealand",tourist attraction,"establishment,point_of_interest,tourist_attraction",4.6,380,+64 9 301 0101,http://www.aucklandcouncil.govt.nz/
ChIJH119qN5JDW0RoL-cJGLvAA8,Selwyn Reserve (Mission Bay),-36.8476639,174.8310852,"101 Tamaki Drive, Mission Bay, Auckland 1071, New Zealand",tourist attraction,"establishment,park,point_of_interest,tourist_attraction",4.6,4595,+64 9 301 0101,https://www.aucklandcouncil.govt.nz/parks-recreation/Pages/park-details.aspx?Location=46
ChIJee728ONIDW0REMSjSsnKYMY,Leicester Hall,-36.8990775,174.8100404,"Corner Findlay Street and Ramsgate Streets, Ellerslie, Auckland 1051, New Zealand",,"establishment,point_of_interest",4.3,43,+64 9 379 2030,https://bookings.aucklandcouncil.govt.nz/facilities/facility/leicester-hall
ChIJHYHse-RIDW0R6KKgSYGkwXs,Union Post,-36.8978106,174.8095625,"124 Main Highway, Ellerslie, Auckland 1051, New Zealand",restaurant,"bar,establishment,food,point_of_interest,restaurant",4.3,939,+64 9 579 2303,https://goodspiritshospitality.co.nz/venues/union-post
ChIJaTBO-e5IDW0RjnRfolK6Cp0,Greenlane Manor Motel,-36.8972574,174.8018171,"353 Great South Road, Ellerslie, Auckland 1051, New Zealand",,"establishment,lodging,point_of_interest",4.7,154,+64 800 766 648,http://www.greenlanemanor.co.nz/
ChIJH_4-U0hJDW0RsQVd6BWAMIM,Stonefields Pumphouse,-36.8899285,174.8348071,"Barbarich Drive, Stonefields, Auckland 1072, New Zealand",,"establishment,point_of_interest",5.0,1,,
ChIJc97mUgBJDW0R-0DsEtn1sF8,St William’s Jetty,-36.8696775,174.8114916,"Orakei Basin 249 Orakei Road, Remuera, Auckland 1050, New Zealand",,"establishment,point_of_interest",4.5,2,,
ChIJf38Mx_ZIDW0RLoID9lJNDfQ,Ellerslie Racecourse,-36.8900852,174.8025313,"100 Ascot Avenue, Remuera, Auckland 1051, New Zealand",,"establishment,point_of_interest",4.4,335,+64 9 524 4069,http://www.ellerslie.co.nz/
ChIJFdEVBx5JDW0RGDRj2nbOLhk,Ellerslie International,-36.9002899,174.8155931,"2 Wilkinson Road, Ellerslie, Auckland 1542, New Zealand",restaurant,"car_rental,establishment,food,lodging,point_of_interest,restaurant",4.1,415,+64 9 525 1909,http://www.eimi.co.nz/
ChIJddlnYhpJDW0RnUavgAwD27I,Shell Heritage Park,-36.8981422,174.824655,"301 Ellerslie Panmure Highway, Mount Wellington, Auckland 1060, New Zealand",park,"establishment,park,point_of_interest",4.0,4,+64 9 525 2689,http://www.shell.co.nz/
ChIJFepbNaRyDW0RDvLGgyittYY,MoaTrek New Zealand Tours,-36.9028633,174.8097378,"Central Park Level 2 Building 5/666 Great South Road, Ellerslie, Auckland 1051, New Zealand",,"establishment,point_of_interest",5.0,119,+64 9 575 6063,https://www.moatrek.com/?utm_source=google-my-business&utm_medium=organic
ChIJVftkhh1RDW0RohBSCy4cjXQ,Stairs of Empowerment,-37.0383807,174.8564475,"135 Palmers Road, Clendon Park, Auckland 2103, New Zealand",tourist attraction,"establishment,point_of_interest,tourist_attraction",4.3,56,,
ChIJFw9c4EVHDW0RZEFcXIxfbZA,MoaTours New Zealand,-36.9028339,174.8097619,"Central Park Level 2 Building 5/666 Great South Road, Ellerslie, Auckland 1051, New Zealand",,"establishment,point_of_interest,travel_agency",4.8,73,+64 800 662 462,https://www.moatours.co.nz/?utm_source=google-my-business&utm_medium=organic
ChIJqyEQwzhJDW0RaRknbgipkiE,Horsham Playground,-36.8954744,174.8249838,"Ellerslie, Auckland 1051, New Zealand",park,"establishment,park,point_of_interest",3.5,2,,
ChIJs-yIespNDW0RCd3xoykWfDg,Point View Summit,-36.949841,174.9250373,"39 Gracechurch Drive, Flat Bush, Auckland 2016, New Zealand",tourist attraction,"establishment,point_of_interest,tourist_attraction",4.7,125,,
ChIJkWfSMbJJDW0R_u-U25E-QB4,Waiatarua Rd Footbridge,-36.8715148,174.8196063,"Orakei Basin, Auckland 1050, New Zealand",park,"establishment,park,point_of_interest",4.3,36,,https://www.aucklandcouncil.govt.nz/parks-recreation/Pages/default.aspx
ChIJz-s-xvlJDW0RP51J5MM9RGo,Sheep view point,-36.8980938,174.7890211,"Twin Oak Drive, Greenlane, Auckland 1051, New Zealand",park,"establishment,park,point_of_interest",4.4,10,,
ChIJuVzTEOxIDW0Rc5Wf1kugAr4,Massey Reserve,-36.8986115,174.7986345,"21 Massey Avenue, Greenlane, Auckland 1061, New Zealand",park,"establishment,park,point_of_interest",4.2,21,+64 9 301 0101,http://www.aucklandcouncil.govt.nz/
ChIJp4ui35BIDW0RjQZVwvxLNCo,"Kauri Steps, Cornwall Park",-36.8979616,174.7855815,"Greenlane, Auckland 1051, New Zealand",tourist attraction,"establishment,park,point_of_interest,tourist_attraction",4.7,35,,https://www.aucklandcouncil.govt.nz/parks-recreation/Pages/default.aspx
ChIJQ1ww7pBIDW0Rqj3i0MDbsRI,Cornwall Park Big Lawn,-36.8970789,174.785531,"Greenlane, Auckland 1051, New Zealand",park,"establishment,park,point_of_interest",4.6,17,,https://www.aucklandcouncil.govt.nz/parks-recreation/Pages/default.aspx
ChIJKWOV1GZJDW0Rh3t8fY0M5SE,Campbell Park,-36.8908489,174.7854856,"108A Wheturangi Road, Greenlane, Auckland 1051, New Zealand",park,"establishment,park,point_of_interest",5.0,10,,
ChIJ57vRuSZJDW0RW5PBDfxL4KU,Edit Auckland Greenlane,-36.8875136,174.7894439,"149 Great South Road, Greenlane, Auckland 1051, New Zealand",,"establishment,lodging,point_of_interest",4.2,5,+64 9 529 4106,https://www.edithotelsandresorts.com/hotels/edit-auckland-greenlane/
ChIJ4YtfI5tIDW0RRZ6Zz_yM0q4,Greenlane Clinical Centre,-36.8942528,174.7805829,"214 Green Lane West, Epsom, Auckland 1051, New Zealand",,"establishment,health,hospital,point_of_interest",3.7,328,+64 9 367 0000,http://www.adhb.health.nz/
ChIJITQEAPNJDW0RcRNrTyeb6tg,Native Arboretum,-36.8959927,174.7855188,"One Tree Hill, Auckland 1051, New Zealand",park,"establishment,park,point_of_interest",4.0,3,,
ChIJVWmdh1FIDW0RB4ca0rVlLis,Little Rangitoto Reserve,-36.87561549999999,174.8095355,"71 Upland Road, Remuera, Auckland 1050, New Zealand",park,"establishment,park,point_of_interest",4.6,52,+64 210 872 6913,
ChIJqT9lAEJIDW0RfE2OQIsOSbg,Whārua Reserve,-36.8668865,174.7939147,"4 Wharua Road, Remuera, Auckland 1050, New Zealand",park,"establishment,park,point_of_interest",4.2,21,+64 9 301 0101,http://www.aucklandcouncil.govt.nz/
ChIJR7dEXzJJDW0RwM2QS4nGb8o,Kaikawe Kau Pond,-36.885074,174.8252059,"Remuera, Auckland 1050, New Zealand",park,"establishment,park,point_of_interest",4.7,3,,
ChIJh6KjQ0JIDW0RMX_MMhPBza4,Portland Reserve,-36.8691158,174.795743,"135A Portland Road, Remuera, Auckland 1050, New Zealand",park,"establishment,park,point_of_interest",4.4,53,+64 9 301 0101,https://www.aucklandcouncil.govt.nz/parks-recreation/Pages/default.aspx
ChIJX6apea1JDW0RjfFr6qptgkU,Kelvin Rd Reserve,-36.8741277,174.8174958,"Remuera, Auckland 1050, New Zealand",park,"establishment,park,point_of_interest",4.2,17,,http://www.aucklandcouncil.govt.nz/
ChIJz_yFMItJDW0RffXKZ5OMs8g,Ascot Park,-36.8859595,174.8016365,"61 Green Lane East, Remuera, Auckland 1050, New Zealand",park,"establishment,park,point_of_interest",2.8,4,,
ChIJq6qqnklIDW0RPrZNrQ1cE6U,Orakei Basin West Reserve,-36.8638298,174.8093843,"217/219 Orakei Road, Remuera, Auckland 1050, New Zealand",park,"establishment,park,point_of_interest",4.8,18,+64 9 301 0101,http://www.aucklandcouncil.govt.nz/
ChIJo9sirV9IDW0RwaWNhEDNfJQ,REMUERA MALL,-36.8808353,174.796406,"319 Remuera Road, Remuera, Auckland 1050, New Zealand",shopping mall,"establishment,point_of_interest,shopping_mall",4.1,43,,https://wego.here.com/new-zealand/auckland/shopping-centre/remuera-mall--554rckq3-db99291b1f554560ac03d380044c1f3e
ChIJlQ3s2VhIDW0RjPFgHvBVjEM,Remuera Library,-36.8811772,174.8001311,"Remuera Library 429 Remuera Road, Remuera, Auckland 1050, New Zealand",,"establishment,library,point_of_interest",4.7,129,+64 9 377 0209,https://www.aucklandlibraries.govt.nz/pages/library.aspx?library=42
ChIJfb46ywFJDW0RUeibf9I6F4o,Koraha Reserve,-36.8867845,174.8163611,"48-50 & 70-74 Abbotts Way, Remuera, Auckland 1072, New Zealand",park,"establishment,park,point_of_interest",4.4,21,+64 9 301 0101,http://www.aucklandcity.govt.nz/whatson/places/parksonline/detail2.asp?pParkId=1040
ChIJNVm37FdIDW0RFpC9AgYYVIM,Wairua Reserve,-36.882482,174.8057266,"477 Remuera Road, Remuera, Auckland 1050, New Zealand",park,"establishment,park,point_of_interest",4.0,6,,
ChIJjcGlUlpIDW0RcMycJGLvAA8,Waiata Reserve,-36.8764742,174.8014502,"17 Waimea Lane, Remuera, Auckland 1050, New Zealand",park,"establishment,park,point_of_interest",4.5,142,+64 9 301 0101,https://www.aucklandcouncil.govt.nz/parks-recreation/Pages/park-details.aspx?Location=1908
ChIJL751pEhIDW0RZdurRWrFpag,Martyn Wilson Field,-36.8667631,174.8059335,"Remuera, Auckland 1050, New Zealand",park,"establishment,park,point_of_interest",4.3,69,+64 9 301 0101,http://www.aucklandcouncil.govt.nz/
ChIJ5YpA7r1JDW0RoCywAb5SWKs,Rutherford Reserve,-36.8706699,174.8361659,"21 Archdall Street, Meadowbank, Auckland 1072, New Zealand",tourist attraction,"establishment,park,point_of_interest,tourist_attraction",4.6,189,+64 9 301 0101,http://www.aucklandcity.govt.nz/whatson/places/parksonline/detail2.asp?pParkId=1805
ChIJ-ZvaR5FJDW0RImTC-QQrWYI,St Johns Bush Walk,-36.8705444,174.8415761,"133 Gowing Drive, Meadowbank, Auckland 1072, New Zealand",tourist attraction,"establishment,park,point_of_interest,tourist_attraction",4.5,99,+64 274 637 072,https://www.aucklandcouncil.govt.nz/parks-recreation/get-outdoors/aklpaths/Pages/path-detail.aspx?ItemId=298
ChIJ09exgh9JDW0R5QqXbCveRgs,St John's Forest & Bird,-36.8720976,174.8408793,"3 Keretene Place, Meadowbank, Auckland 1072, New Zealand",park,"establishment,park,point_of_interest",5.0,2,,
ChIJndVzorFJDW0R01BqUte3kpw,Bonnie Brae Reserve,-36.8715523,174.821628,"Meadowbank, Auckland 1072, New Zealand",park,"establishment,park,point_of_interest",4.6,11,,https://www.aucklandcouncil.govt.nz/parks-recreation/Pages/default.aspx
ChIJ6cyVbkJKDW0RcMacJGLvAA8,Tahuna Torea,-36.8719426,174.8817756,"West Tamaki Road, Glen Innes, Auckland 1072, New Zealand",tourist attraction,"establishment,park,point_of_interest,tourist_attraction",4.5,465,+64 9 301 0101,https://www.aucklandcouncil.govt.nz/parks-recreation/Pages/park-details.aspx?Location=2047
ChIJDT3q_DtLDW0R7vrhwHjo8Vs,Point England Beach,-36.8828442,174.8733544,"Kiano Place, Auckland 1072, New Zealand",tourist attraction,"establishment,point_of_interest,tourist_attraction",4.7,16,,
ChIJacu3BABLDW0RbXlq8onBFD4,Auckland's Best Waterfall,-36.8767156,174.904264,"31A Takutai Avenue, Bucklands Beach, Auckland 2012, New Zealand",tourist attraction,"establishment,point_of_interest,tourist_attraction",4.1,7,,
ChIJt5WhzmpKDW0RD5xN4V1W_dY,Roberta Reserve,-36.86325009999999,174.8793057,"Roberta Reserve 194 Riddell Road, Glendowie, Auckland 1071, New Zealand",tourist attraction,"establishment,park,point_of_interest,tourist_attraction",4.6,303,+64 9 301 0101,http://www.aucklandcity.govt.nz/whatson/places/parksonline/detail2.asp?pParkId=1765
ChIJD24bRTFKDW0RYMucJGLvAA8,Point England Reserve,-36.8829979,174.8716864,"254 Point England Road, Point England, Auckland 1072, New Zealand",park,"establishment,park,point_of_interest",4.4,663,+64 9 301 0101,https://www.aucklandcouncil.govt.nz/parks-recreation/Pages/park-details.aspx?Location=98
ChIJF7P1IVRLDW0Ra0TtUbH932c,Glen Orchard House,-36.8549534,174.8594814,"91 Saint Heliers Bay Road, St Heliers, Auckland 1071, New Zealand",,"establishment,point_of_interest",,0,,https://kura.aucklandlibraries.govt.nz/digital/collection/photos/id/66766/
ChIJM-j2DdVJDW0RMMiFa4rWLAU,Rutherford Reserve Playground,-36.8702536,174.8352319,"21 Archdall Street, Meadowbank, Auckland 1072, New Zealand",,"establishment,point_of_interest",4.8,28,,
ChIJH1ykPHlJDW0RdCTSGFsVJhQ,Risland,-36.8763387,174.8254704,"6 Meadowbank Road, Meadowbank, Auckland 1072, New Zealand",,"establishment,point_of_interest",1.0,1,,
ChIJ-z2SfltJDW0R1nP1lC1esMs,Historic Anti-Aircraft Emplacements,-36.84678900000001,174.8200091,"Orakei, Auckland 1071, New Zealand",,"establishment,point_of_interest",3.5,2,,
ChIJNXgzJDtJDW0R9On-XPNREoI,Historical Fortifications - Fort Bastion,-36.8448953,174.8249088,"27 Tamaki Drive, Orakei, Auckland 1071, New Zealand",,"establishment,point_of_interest",5.0,4,,
ChIJZ7ccTu5JDW0R4L-dJGLvAA8,Madills Farm Recreation Reserve,-36.8559877,174.8448921,"6 Baddeley Avenue, Kohimarama, Auckland 1071, New Zealand",park,"establishment,park,point_of_interest",4.5,672,+64 9 301 0101,https://www.aucklandcouncil.govt.nz/parks-recreation/Pages/park-details.aspx?Location=188
ChIJYycXMQA5DW0RfbNhIxJ6aZU,Ship's grab sculpture,-36.8173051,174.7233492,"60 Colonial Road, Birkenhead, Auckland 0626, New Zealand",tourist attraction,"establishment,point_of_interest,tourist_attraction",5.0,1,,
ChIJs06efQdKDW0R59Pr2IumiJo,Achilles Point,-36.8441388,174.8642259,"St Heliers, Auckland 1071, New Zealand",,"establishment,point_of_interest",4.6,1229,+64 9 301 0101,https://www.aucklandcouncil.govt.nz/parks-recreation/Pages/park-details.aspx?Location=2019
ChIJ_3V2hghKDW0RUL-cJGLvAA8,Glover Park,-36.8470152,174.8678476,"32 Glover Road, St Heliers, Auckland 1071, New Zealand",tourist attraction,"establishment,park,point_of_interest,tourist_attraction",4.5,431,+64 9 301 0101,https://www.aucklandcouncil.govt.nz/parks-recreation/Pages/park-details.aspx?Location=79
ChIJN2heWfhJDW0RcQC44DSlX0w,Vellenoweth Green,-36.8509935,174.854985,"355 Tamaki Drive, St Heliers, Auckland 1071, New Zealand",park,"establishment,park,point_of_interest",4.5,284,+64 9 301 0101,https://www.aucklandcouncil.govt.nz/parks-recreation/Pages/park-details.aspx?Location=117
ChIJAXC8yKpLDW0R-y5g0j_in1g,Ladies Bay,-36.8443019,174.8627976,"61 Cliff Road, St Heliers, Auckland 1071, New Zealand",park,"establishment,park,point_of_interest",4.6,34,,https://www.aucklandcouncil.govt.nz/parks-recreation/Pages/park-details.aspx?Location=2076
ChIJq6qqGvZJDW0Rmsv2VfBtrxE,Dingle Dell Reserve,-36.8583815,174.8560739,"29 Dingle Road, St Heliers, Auckland 1071, New Zealand",park,"establishment,park,point_of_interest",4.5,214,+64 9 301 0101,https://www.aucklandcouncil.govt.nz/parks-recreation/Pages/park-details.aspx?Location=30
ChIJBwvb1xpKDW0R_ZxvLjLKwfo,Maskell Reserve,-36.8547546,174.8646426,"St Heliers, Auckland 1071, New Zealand",park,"establishment,park,point_of_interest",4.4,10,+64 9 301 0101,http://www.aucklandcouncil.govt.nz/EN/Pages/default.aspx
ChIJZ6iw1jFJDW0RbVx29PO0Iow,Kohimarama Reserve,-36.8654118,174.8446541,"326 Kohimarama Road, St Heliers, Auckland 1071, New Zealand",park,"establishment,park,point_of_interest",4.3,3,,
ChIJWzgEHQdKDW0R6VacJ9FjSJE,Beautiful Nature Tours Auckland,-36.845969,174.863822,"15 Springcombe Road, St Heliers, Auckland 1071, New Zealand",,"establishment,point_of_interest,travel_agency",,0,+64 210 282 8637,https://www.beautifulnaturetoursauckland.com/
ChIJgeyiyRxLDW0RDQU5xGGAXRg,Sacred Soil,-36.84810179999999,174.8615647,"27 Cliff Road, St Heliers, Auckland 1071, New Zealand",park,"establishment,park,point_of_interest",,0,,https://sacredsoil.myshopify.com/
ChIJhRvizdVJDW0R295PuCg8Rrc,Kohimarama Forest,-36.86217060000001,174.8458653,"19 Pamela Place, St Heliers, Auckland 1071, New Zealand",park,"establishment,park,point_of_interest",4.8,25,,http://kohiforest.com/
ChIJcUMqG3hJDW0R2kK-m69wHNw,Te Tauoma | Purchas Hill,-36.8873845,174.8478262,"100 Morrin Road, St Johns, Auckland 1072, New Zealand",tourist attraction,"establishment,point_of_interest,tourist_attraction",5.0,1,+64 800 651 133,https://www.aucklandcouncil.govt.nz/Pages/default.aspx
ChIJ359AFgBJDW0RCtV7WVsdsUU,TAKAPARAWHAU,-36.8500459,174.8240011,"1 Atareta Street, Orakei, Auckland 1071, New Zealand",tourist attraction,"establishment,point_of_interest,tourist_attraction",,0,,
ChIJQRsZb843DW0RypW1R4pkiQc,Torpedo Bay Navy Museum,-36.8288179,174.8090347,"64 King Edward Parade, Devonport, Auckland 0624, New Zealand",tourist attraction,"establishment,museum,point_of_interest,tourist_attraction",4.6,1317,+64 9 445 5186,http://navymuseum.co.nz/
ChIJdR6Kz8U3DW0RLxcUFoJA7nk,Devonport Museum,-36.8249544,174.8024729,"33 Vauxhall Road, Devonport, Auckland 0624, New Zealand",tourist attraction,"establishment,museum,point_of_interest,tourist_attraction",4.5,79,+64 9 445 2661,http://www.devonportmuseum.org.nz/
ChIJzxGeDABLDW0RWSCPFHl9T64,Bottom of Earth sandwich,-36.86377,174.90031,"19 The Parade, Bucklands Beach, Auckland 2012, New Zealand",tourist attraction,"establishment,point_of_interest,tourist_attraction",4.7,3,,
ChIJn1PsLHtJDW0Rct-Tt68iCoA,St Heliers Bay,-36.8508058,174.8552325,"384 Tamaki Drive, St Heliers, Auckland 1071, New Zealand",,"establishment,point_of_interest",4.8,16,,
ChIJ0Z9eaQJKDW0RDo_BLkyDYuU,La Vista Cafe & Restaurant,-36.8502289,174.857834,"417 Tamaki Drive, St Heliers, Auckland 1071, New Zealand",restaurant,"cafe,establishment,food,point_of_interest,restaurant",4.6,958,+64 9 575 8093,http://www.lavista.nz/
ChIJ5W9IYAA3DW0Rn9aOG8OA4hw,Fort Takapuna Historic Reserve,-36.8151589,174.8058717,"3 Gillespie Place, Narrow Neck, Auckland 0624, New Zealand",,"establishment,point_of_interest",5.0,2,,https://www.doc.govt.nz/parks-and-recreation/places-to-go/auckland/places/fort-takapuna-historic-reserve/
ChIJ8YclCg5KDW0RGiL4vQfM41A,Scout Hall,-36.8534706,174.8722648,"19 Kinsale Avenue, Glendowie, Auckland 1071, New Zealand",,"establishment,point_of_interest",4.8,15,,http://www.aucklandcouncil.govt.nz/EN/Pages/default.aspx
ChIJ79kmagJKDW0RweAesbkr9RM,Bayleys St Heliers,-36.8502078,174.8579832,"421 Tamaki Drive, St Heliers, Auckland 1071, New Zealand",,"establishment,point_of_interest,real_estate_agency",4.8,4,+64 9 575 0760,https://www.bayleys.co.nz/franchises/bayleys-real-estate-ltd/180/st-heliers
ChIJt_OnpDdKDW0RfSbMvKzye6I,Point England Walk,-36.8835907,174.8718739,"4 Marion Place, Glen Innes, Auckland 1072, New Zealand",park,"establishment,park,point_of_interest",4.6,98,+64 9 301 0101,http://www.aucklandcouncil.govt.nz/EN/parksfacilities/walkingtracks/Pages/tahunatoreawalkingtrails.aspx#tahuna
ChIJtxOpoN5JDW0RECTQkjeNgVY,Mission Bay Beach,-36.84732169999999,174.8317541,"72 Tamaki Drive, Mission Bay, Auckland 1071, New Zealand",,"establishment,point_of_interest",4.7,871,+64 9 301 0101,http://www.missionbay.co.nz/
ChIJnVdJaQJKDW0RQn_5RSqCpYg,NZWINEPRO®,-36.8502687,174.8577869,"417A Tamaki Drive, St Heliers, Auckland 1071, New Zealand",,"establishment,point_of_interest",4.9,83,+64 21 464 469,https://www.nzwinepro.co.nz/
ChIJi6nC4-RJDW0RAIVB8zf1Lt4,Kohimarama Beach Reserve,-36.8504394,174.8446973,"253 Tamaki Drive, Kohimarama, Auckland 1071, New Zealand",park,"establishment,park,point_of_interest",4.8,85,,
ChIJUZoH8kxJDW0RLu4Lc8QH9h8,St Heliers Art & Craft Market,-36.8509982,174.8549183,"353 Tamaki Drive, St Heliers, Auckland 1071, New Zealand",,"establishment,point_of_interest",5.0,2,,
ChIJ8YiGA8tHDW0RZN6mVJgelfc,Auckland Sea Kayaks,-36.8507647,174.8554482,"384 Tamaki Drive, St Heliers, Auckland 1071, New Zealand",,"establishment,point_of_interest,travel_agency",4.9,280,+64 9 213 4545,http://www.aucklandseakayaks.co.nz/
ChIJkeunF_RLDW0RUZ6MqaZAQ7A,St Heliers Bay Pigeon Racing Club,-36.8501661,174.8586048,"429 Tamaki Drive, St Heliers, Auckland 1071, New Zealand",,"bar,establishment,point_of_interest",4.8,52,,
ChIJhRu-82JJDW0RdHDyHQUngB0,Glen Innes to Tamaki Drive Shared Path,-36.8679403,174.8451336,"333 Kohimarama Road, St Heliers, Auckland 1071, New Zealand",park,"establishment,park,point_of_interest",4.9,7,,
ChIJ8SECod5JDW0RXWKwMbxxgdg,Mission bay Auckland,-36.84732169999999,174.8317541,"Mission bay Auckland, Auckland 1071, New Zealand",,"establishment,natural_feature",4.6,858,,
ChIJxT3wANxJDW0RV6SHSmJsk5k,Selwyn Domain,-36.8478114,174.8311578,"48-56 Tamaki Drive, Mission Bay, Auckland 1071, New Zealand",park,"establishment,park,point_of_interest",4.6,485,+64 9 301 0101,http://www.aucklandcouncil.govt.nz/EN/Pages/default.aspx
ChIJc_E3yltJDW0R6UNReudZrqY,Mission Bay Promenade,-36.8463563,174.8286957,"Selwyn Domain, Mission Bay, Auckland 1071, New Zealand",park,"establishment,park,point_of_interest",5.0,7,,
ChIJWzKSZmBJDW0R7aBRIhwbClo,The Seafood Collective Mission Bay,-36.8482783,174.8311455,"55 Tamaki Drive, Mission Bay, Auckland 1071, New Zealand",restaurant,"establishment,food,point_of_interest,restaurant",4.4,356,+64 9 521 3532,https://theseafoodcollective.co.nz/
ChIJJ4tOSDVJDW0RpwmYudRjd0U,Mission Bay Tap Room - Good George,-36.8484371,174.8314913,"71 Tamaki Drive, Mission Bay, Auckland 1071, New Zealand",restaurant,"bar,establishment,food,point_of_interest,restaurant",4.4,1001,+64 9 974 0006,https://www.missionbaytaproom.co.nz/
ChIJJXuUegBJDW0RUqrB28g1MOQ,ARAMARAMARA MILLENNIUM FOOTBRIDGE,-36.84629109999999,174.8285159,"Selwyn Domain, Orakei, Auckland 1071, New Zealand",,"establishment,point_of_interest",,0,,
ChIJa5V7j-Y2DW0RhApLJYLi0xU,Rangitoto Lighthouse,-36.7819302,174.8223412,"Auckland, New Zealand",,"establishment,point_of_interest",4.5,22,,
ChIJLTBK9wFLDW0Rm_yT9CZZg7U,Ohuiarangi / Pigeon Mountain,-36.88937689999999,174.9024237,"50 Glennandrew Drive, Half Moon Bay, Auckland 2012, New Zealand",park,"establishment,park,point_of_interest",4.2,150,+64 9 301 0101,https://www.aucklandcouncil.govt.nz/parks-recreation/Pages/park-details.aspx?Location=283
ChIJv6sr0yU3DW0RFEBfCZgTE54,Moreton Bay Fig,-36.8311495,174.797801,"2 Victoria Road, Devonport, Auckland 0624, New Zealand",,"establishment,point_of_interest",5.0,6,,https://register.notabletrees.org.nz/tree/view/774
ChIJ-Y9WOdxJDW0RK1ctz0nHM3g,Berkeley Mission Bay,-36.8484087,174.8323092,"85 Tamaki Drive, Mission Bay, Auckland 1071, New Zealand",,"establishment,movie_theater,point_of_interest",4.3,676,+64 9 488 6000,https://www.hoyts.co.nz/cinemas/berkeley-mission-bay
ChIJue042dtJDW0RkZ6dgLGKkpo,Tamaki Yacht Club,-36.8442059,174.8243015,"30 Tamaki Drive, Orakei, Mission Bay 1071, New Zealand",,"establishment,point_of_interest",4.3,244,,https://tyc.org.nz/
ChIJ6XWNQcRJDW0RW6dN00wB_6w,Patteson Reserve,-36.8563253,174.8292182,"87 Patteson Avenue, Mission Bay, Auckland 1071, New Zealand",park,"establishment,park,point_of_interest",4.2,43,,https://www.aucklandcouncil.govt.nz/parks-recreation/Pages/default.aspx
ChIJv-vhUcdJDW0RLvCQxugiXrw,Kepa Bush Reserve,-36.8627603,174.830073,"9 Colenso Place, Mission Bay, Auckland 1071, New Zealand",park,"establishment,park,point_of_interest",4.5,96,+64 9 301 0101,https://www.aucklandcouncil.govt.nz/parks-recreation/Pages/park-details.aspx?Location=3089
ChIJd0-BKsQ3DW0RvrC8VKPGLyE,Mt. Cambria Reserve,-36.8248681,174.8019576,"47A Vauxhall Road, Devonport, Auckland 0624, New Zealand",tourist attraction,"establishment,park,point_of_interest,tourist_attraction",4.5,47,,https://www.aucklandcouncil.govt.nz/parks-recreation/Pages/default.aspx
ChIJF1EN6edJDW0RhEUr1OtsZOY,Mary Atkin Reserve,-36.85208009999999,174.837041,"Kohimarama, Auckland 1071, New Zealand",park,"establishment,park,point_of_interest",4.8,12,,http://www.aucklandcouncil.govt.nz/
ChIJsVkp9ZxJDW0RwV8kknHsD_Q,Selwyn Forest & Bird,-36.8646213,174.8355916,"44E Kempthorne Crescent, Mission Bay, Auckland 1071, New Zealand",park,"establishment,park,point_of_interest",5.0,1,,
ChIJ5YNnV-RJDW0RPBsPAhOLdXI,Kohimarama Beach,-36.850351,174.8432513,"255 Tamaki Drive, Kohimarama, Auckland 1071, New Zealand",,"establishment,point_of_interest",4.6,348,,
ChIJHWxzu3VJDW0RdiHRg0QlklY,Historic Boat Sheds,-36.9945368,174.8971713,"38 Everglade Drive, Goodwood Heights, Auckland 2105, New Zealand",,"establishment,point_of_interest",4.4,18,,
ChIJHRUkM-RJDW0RQ-e4KNalPzI,Kohi Beach Eatery & Store,-36.8498982,174.8420711,"237 Tamaki Drive, Kohimarama, Auckland 1071, New Zealand",restaurant,"bakery,cafe,establishment,food,meal_takeaway,point_of_interest,restaurant,store",4.2,1298,+64 9 528 8335,http://www.kohibeach.co.nz/
ChIJ67mWpOVJDW0RWsBd5ja_lWk,Kohimarama Lodge,-36.8515244,174.8432089,"11 Speight Road, Kohimarama, Auckland 1071, New Zealand",,"establishment,lodging,point_of_interest",5.0,11,+64 21 666 203,https://kohimaramalodge.co.nz/
ChIJ3f_UW680DW0Ri2nDnXhYvKI,Reid Homestead,-36.7665532,174.9300563,"Auckland 1010, New Zealand",,"establishment,point_of_interest",4.6,13,,
ChIJycQ8luVJDW0RMOfNIqA79wI,Speight Rd Reserve,-36.8518728,174.8439284,"Kohimarama, Auckland 1071, New Zealand",park,"establishment,park,point_of_interest",,0,,
ChIJ4VnH8s1JDW0R8MCcJGLvAA8,Orakei Domain,-36.8513958,174.8188509,"Tamaki Drive, Orakei, Auckland 1071, New Zealand",park,"establishment,park,point_of_interest",4.4,1096,+64 9 301 0101,https://www.aucklandcouncil.govt.nz/parks-recreation/Pages/park-details.aspx?Location=4
ChIJD8LNGgBJDW0RUFjBoLqYp5w,冯小刚电影《只有芸知道》拍摄地点,-36.8457642,174.825355,"5R3G+M4, Orakei, Auckland 1071, New Zealand",tourist attraction,"establishment,point_of_interest,tourist_attraction",4.3,9,,
ChIJuzBFgDVIDW0RZRitbKebdKc,Orakei Bay,-36.8624572,174.8124847,"231 Orakei Road, Remuera, Auckland 1050, New Zealand",,"establishment,point_of_interest",4.5,137,+64 9 520 0006,http://www.orakeibay.co.nz/
ChIJi2MgeC1IDW0RkfXMkFqTeH0,The Landing - Okahu Bay Hardstand,-36.8505425,174.8112447,"8 Tamaki Drive, Orakei, Auckland 1071, New Zealand",,"establishment,point_of_interest",4.2,50,+64 9 520 3638,http://www.thelanding.org.nz/
ChIJpftDJMVJDW0R-TY9N8Zt_Qw,Aotea Reserve,-36.8534308,174.8276284,"110 Aotea Street, Orakei, Auckland 1071, New Zealand",park,"establishment,park,point_of_interest",4.4,7,,
ChIJnfz0GahJDW0RJwVmwZTqqq0,Scenic View Point,-36.8443958,174.8236781,"Orakei, Auckland 1071, New Zealand",,"establishment,point_of_interest",4.9,14,,
ChIJ7UeJg0ZJDW0R1crXEYWsv7M,Hill to Mill,-36.8563789,174.8224723,"17A Ngake Street, Orakei, Auckland 1071, New Zealand",,"establishment,point_of_interest",,0,,
ChIJy4nMjNRJDW0RZK9J73QsNWo,Okahu Bay Wharf,-36.8452066,174.8170217,"18 Tamaki Dr, Okahu Street, Orakei, Auckland 1071, New Zealand",,"establishment,point_of_interest",4.7,192,,https://www.aucklandcouncil.govt.nz/parks-recreation/Pages/park-details.aspx?Location=2087
ChIJ-QnbTEZGDW0R8tLlj79vX5g,Pacific Mermaid Charters,-36.851096,174.8129811,"Orakei Marina, 12 Tamaki Drive, Orakei, Auckland 1010, New Zealand",,"establishment,point_of_interest,travel_agency",,0,+64 210 278 6757,http://www.pacificmermaid.co.nz/
ChIJV0rMj2hJDW0RBiW9Ucuyorw,Panmure Basin,-36.9037192,174.8455674,"106A Ireland Road, Mount Wellington, Auckland 1060, New Zealand",park,"establishment,park,point_of_interest",4.6,388,+64 9 301 0101,https://www.aucklandcouncil.govt.nz/parks-recreation/Pages/park-details.aspx?Location=10
ChIJr4gnqMRLDW0RlL2cYvfTNBM,Panmure Wharf Reserve,-36.90261270000001,174.8677539,"104 Kings Road, Panmure, Auckland 1072, New Zealand",park,"establishment,park,point_of_interest",4.3,76,,http://www.aucklandcity.govt.nz/whatson/places/parksonline/detail2.asp?pParkId=1615
ChIJGXbcrtpLDW0R2_8Yi0m4Gbc,Mount Wellington War Memorial Park,-36.8998436,174.8670175,"14-50 Dunkirk Road, Panmure, Auckland 1072, New Zealand",park,"establishment,park,point_of_interest",4.5,544,+64 9 301 0101,https://www.aucklandcouncil.govt.nz/parks-recreation/Pages/park-details.aspx?Location=181
ChIJ____fNBLDW0Rc4MWP-VcWeM,Johnson Reserve,-36.8970198,174.8631349,"Johnson Reserve, Panmure, Auckland 1072, New Zealand",park,"establishment,park,point_of_interest",4.0,7,+64 9 301 0101,https://www.aucklandcouncil.govt.nz/parks-recreation/Pages/default.aspx
ChIJq6qqF9xLDW0RcMcOPHPBVnk,Allenby Reserve,-36.9037917,174.8628811,"Panmure, Auckland 1072, New Zealand",park,"establishment,park,point_of_interest",4.2,23,,http://www.aucklandcouncil.govt.nz/EN/Pages/default.aspx
ChIJGw8TbV1JDW0RMqxVCjpROb4,Peterson Reserve Tamaki River,-36.908362,174.8482323,"10 Peterson Road, Mount Wellington, Auckland 1060, New Zealand",park,"establishment,park,point_of_interest",4.5,256,+64 9 301 0101,http://www.aucklandcity.govt.nz/whatson/places/parksonline/detail2.asp?pParkId=1640
ChIJVVVVuNtLDW0Ri1o4gxk6Clw,Mauinaina Reserve,-36.9005854,174.8634712,"Panmure, Auckland 1072, New Zealand",park,"establishment,park,point_of_interest",4.0,2,+64 9 301 0101,http://www.aucklandcouncil.govt.nz/
ChIJ37esUipJDW0Rk0047k-WCAM,Alison’s Creek,-36.8887148,174.8561313,"145 Pilkington Road, Panmure, Auckland 1072, New Zealand",park,"establishment,park,point_of_interest",,0,,
ChIJRxlUj3VJDW0RwJ75PylUxFc,Bluestone Park,-36.885643,174.8392146,"14-20 Styak Street, Mount Wellington, Auckland 1072, New Zealand",tourist attraction,"establishment,park,point_of_interest,tourist_attraction",4.6,56,,https://www.aucklandcouncil.govt.nz/parks-recreation/Pages/park-details.aspx?Location=1566#about
ChIJ9c39GeVLDW0Rn4touQMhbbU,James Park,-36.895505,174.8568491,"6 Court Crescent, Panmure, Auckland 1072, New Zealand",park,"establishment,park,point_of_interest",5.0,1,,
ChIJpQZvo4hJDW0R9O1LutmlV3Q,Martin Reserve,-36.892461,174.856266,"Corner of Pilkington Rd and Jellicoe Rd with Dickson Homeware Signage. (Entrance at LAPERLA on Jellicoe Rd, Gate on the Right Hand Side, Panmure, Auckland 1072, New Zealand",park,"establishment,park,point_of_interest",4.0,1,,
ChIJpynZH3FLDW0RMtrRmrGL-Os,The Leith Menzies Pontoon,-36.9057724,174.8726111,"3VVF+M2, Auckland 1072, New Zealand",tourist attraction,"establishment,point_of_interest,tourist_attraction",4.3,10,,
ChIJi5-4SQBLDW0R-c1wwsgoONg,Dunkirk Reserve,-36.8939059,174.8674608,"110 Dunkirk Road, Panmure, Auckland 1072, New Zealand",park,"establishment,park,point_of_interest",5.0,2,+64 9 300 1010,https://www.aucklandcouncil.govt.nz/parks-recreation/Pages/park-details.aspx?Location=1633
ChIJcS3LFwBLDW0ROwLFdorYAW0,Boundary East reserve,-36.8966569,174.8662913,"Dunkirk Road, Panmure, Auckland 1072, New Zealand",park,"establishment,park,point_of_interest",,0,,
ChIJ7eewjUxLDW0RVvugXlAPAho,Mangemangeroa Reserve,-36.9196616,174.9343904,"108 Somerville Road, Somerville, Auckland 2014, New Zealand",tourist attraction,"establishment,park,point_of_interest,tourist_attraction",4.6,500,+64 9 301 0101,https://www.aucklandcouncil.govt.nz/parks-recreation/Pages/park-details.aspx?Location=403
ChIJkV9jWApLDW0RsNmcJGLvAA8,Lloyd Elsmore Park,-36.9044985,174.9007458,"Pakuranga Heights, Auckland 2010, New Zealand",tourist attraction,"establishment,park,point_of_interest,tourist_attraction",4.4,3037,+64 9 535 5502,
ChIJr0HYEtRLDW0Rgee4u90DRIQ,Boundary West Reserve,-36.8904159,174.8608652,"61-33 Torino Street, Point England, Auckland 1072, New Zealand",park,"establishment,park,point_of_interest",4.0,6,,
ChIJ-acdCmJJDW0R6nfpTBwEDSE,The Corner Bar and Eatery,-36.9010673,174.8568355,"163 Queens Road, Panmure, Auckland 1072, New Zealand",restaurant,"bar,establishment,food,point_of_interest,restaurant",4.4,144,+64 9 570 1722,https://www.cornerbarpanmure.co.nz/
ChIJIRUOKgBNDW0RtU2ehssPOc0,Greenmount,-36.9358561,174.8955761,"Harris Road, East Tāmaki, Auckland 2013, New Zealand",,"establishment,point_of_interest",,0,,
ChIJnxEpKQBLDW0RaVXmNwN6uyU,Landmark Consultants Limited (LCL),-36.8805191,174.9112005,"233 Bucklands Beach Road, Bucklands Beach, Auckland 2012, New Zealand",,"establishment,point_of_interest",5.0,2,+64 22 199 6523,http://www.landmarkconsultants.co.nz/
ChIJp4G1amNJDW0RiMQuZc4Qfm0,Mount Wellington Panmure RSA,-36.8997065,174.8552916,"104 Queens Road, Panmure, Auckland 1072, New Zealand",restaurant,"bar,establishment,food,point_of_interest,restaurant",4.2,159,+64 9 570 5913,
ChIJb82t8nRJDW0RsGw_V7nuvj8,Maungarei Springs Wetlands,-36.8892375,174.8379258,"37 Tephra Boulevard, Mount Wellington, Auckland 1072, New Zealand",park,"establishment,park,point_of_interest",4.5,196,,https://www.aucklandcouncil.govt.nz/parks-recreation/Pages/park-details.aspx?Location=1540
ChIJ7YpMqv5LDW0RTeQMrtLhefU,Flat Rock Reserve,-36.924838,174.8614216,"Tamaki Strait, Mount Wellington, Auckland 1062, New Zealand",park,"establishment,park,point_of_interest",4.4,33,,http://www.aucklandcity.govt.nz/whatson/places/parksonline/detail2.asp?pParkId=595
ChIJkTZvAehLDW0RgCaTh24RrCY,Rotary Walk,-36.9081947,174.8674962,"Pakuranga, Auckland 1072, New Zealand",park,"establishment,park,point_of_interest",4.7,208,,https://www.aucklandcouncil.govt.nz/parks-recreation/Pages/default.aspx
ChIJr7rIcrFJDW0RZhBcaSqvqoc,Van Damme's Lagoon,-36.9044236,174.8427575,"Mount Wellington, Auckland 1060, New Zealand",park,"establishment,park,point_of_interest",4.5,12,,
ChIJJZzDHINLDW0REPMrtSI1udI,Burswood Park,-36.92149089999999,174.8959514,"170 Burswood Drive, Burswood, Auckland 2013, New Zealand",tourist attraction,"establishment,park,point_of_interest,tourist_attraction",4.2,105,,https://www.aucklandcouncil.govt.nz/parks-recreation/Pages/default.aspx
ChIJRzQ2NqpLDW0R_vw3F2ST1FM,Wakaaranga Creek Reserve,-36.8914849,174.8955336,"103 Prince Regent Drive, Half Moon Bay, Auckland 2012, New Zealand",tourist attraction,"establishment,park,point_of_interest,tourist_attraction",4.5,66,+64 9 301 0101,https://www.aucklandcouncil.govt.nz/parks-recreation/Pages/park-details.aspx?Location=769
ChIJP9x4MbJLDW0ROGLgegDqDIA,Bramley Reserve - Rotary Walkway,-36.8918165,174.8858046,"92 Bramley Drive, Farm Cove, Auckland 2012, New Zealand",tourist attraction,"establishment,park,point_of_interest,tourist_attraction",4.6,191,+64 9 301 0101,http://www.aucklandcouncil.govt.nz/EN/Pages/default.aspx
ChIJ_wcWnylKDW0R04D-LzZJwh8,Maybury Reserve,-36.8795503,174.8591575,"Glen Innes, Auckland 1072, New Zealand",park,"establishment,park,point_of_interest",4.0,40,,https://www.aucklandcouncil.govt.nz/parks-recreation/Pages/default.aspx
ChIJMVc-dCVKDW0RYfWIXvVfFUU,Wimbledon Reserve,-36.8751471,174.8644484,"129A Taniwha Street, Glen Innes, Auckland 1072, New Zealand",park,"establishment,park,point_of_interest",5.0,3,,
ChIJq6qqdjdKDW0R7dGcfs34LCY,Waiotaiki Nature Reserve,-36.8773256,174.8747163,"Waiotaiki Nature Reserve 1 Fernwood Place, Glen Innes, Auckland 1072, New Zealand",park,"establishment,park,point_of_interest",4.5,115,+64 9 301 0101,https://www.aucklandcouncil.govt.nz/parks-recreation/Pages/park-details.aspx?Location=1627
ChIJXwfpZgxLDW0R_xarJ7BdMCw,Taniwha Reserve,-36.8773155,174.8579944,"Glen Innes, Auckland 1072, New Zealand",park,"establishment,park,point_of_interest",4.2,21,,
ChIJ266OajxKDW0RHyVQXNfJkFo,West Tamaki Reserve,-36.8693114,174.8710442,"42 Leybourne Circle, Glen Innes, Auckland 1072, New Zealand",park,"establishment,park,point_of_interest",,0,,
ChIJ_5iMazxKDW0Rluh6O12xFks,Leybourne Reserve,-36.8710582,174.8701481,"42 Leybourne Circle, Glen Innes, Auckland 1072, New Zealand",park,"establishment,park,point_of_interest",2.0,2,+64 9 301 0101,https://www.aucklandcouncil.govt.nz/parks-recreation/Pages/default.aspx
ChIJjY9enCZKDW0RovN4SIAsh4A,Paddington Reserve,-36.87201659999999,174.8618425,"West Tamaki Road, Glen Innes, Auckland 1072, New Zealand",park,"establishment,park,point_of_interest",2.0,1,,
ChIJnUfbiY5JDW0Rd89S0LSklZY,Apirana Reserve,-36.8699373,174.8486481,"Glen Innes, Auckland 1072, New Zealand",park,"establishment,park,point_of_interest",4.3,12,,
ChIJcV2FO2JLDW0RpZePk9iNejU,Mermaid Pool,-36.8642214,174.9156619,"4WP8+87, Auckland, New Zealand",tourist attraction,"establishment,point_of_interest,tourist_attraction",4.7,3,,
ChIJwYD1cohJDW0RT3jLvdb1TVs,Eastview Reserve,-36.8749138,174.8551642,"Glen Innes, Auckland 1072, New Zealand",park,"establishment,park,point_of_interest",4.7,6,,https://www.aucklandcouncil.govt.nz/parks-recreation/Pages/park-details.aspx?Location=3134
ChIJ9zXbI25LDW0RhiObco-rN1M,Wai-o-taiki Bay,-36.8731267,174.8854757,"Wai O Taiki Bay, Auckland 1072, New Zealand",park,"establishment,park,point_of_interest",4.7,6,,
ChIJ-xz9USZLDW0RUtp0CP8-zYg,Stockade Hill,-36.8922664,174.9278511,"34 Ridge Road, Howick, Auckland 2014, New Zealand",park,"establishment,park,point_of_interest",4.7,111,+64 9 301 0101,https://www.aucklandcouncil.govt.nz/parks-recreation/Pages/default.aspx
ChIJCdGtX7q1cm0RTKx5stqlv7M,Beachlands Wharf,-36.879658,174.9946657,"29 Ealing Crescent, Beachlands 2018, New Zealand",,"establishment,point_of_interest",4.5,237,+64 9 301 0101,https://www.aucklandcouncil.govt.nz/parks-recreation/Pages/default.aspx
ChIJYWCDNrhLDW0RPYlSmgMHwfM,Taurere Pa,-36.8646331,174.8698303,"46 Crossfield Road, Glendowie, Auckland 1071, New Zealand",,"establishment,point_of_interest",3.8,5,,
ChIJPbNuUwA1DW0Rns47-_VyaYQ,Signal and water tower site,-36.8025792,174.9333839,"Auckland - Motuihe Island, Auckland 1010, New Zealand",,"establishment,point_of_interest",5.0,2,,https://www.motuihe.org.nz/
ChIJ22EZEw1LDW0RhWi4Lq0hkKA,Mount Taylor,-36.8643128,174.8698813,"Farms Parks 46 Crossfield Road, Glendowie, Auckland 1071, New Zealand",park,"establishment,park,point_of_interest",4.3,7,,
ChIJWQ9jpBtLDW0RBJaREUoqbj0,Pakini Hepi Pond,-36.8725107,174.8833563,"Glendowie, Auckland 1071, New Zealand",park,"establishment,park,point_of_interest",4.6,5,,
ChIJVa3ADco5DW0R_oq7FidqzfY,Smiths Bush,-36.7913598,174.752999,"Northcote, Auckland 0627, New Zealand",tourist attraction,"establishment,park,point_of_interest,tourist_attraction",4.6,282,,https://www.aucklandcouncil.govt.nz/parks-recreation/get-outdoors/aklpaths/Pages/path-detail.aspx?ItemId=269
ChIJv0DZfiNJDW0R0qkyjJseCZI,Sir Woolf Fisher Park,-36.8989471,174.8407697,"Mount Wellington, Auckland 1060, New Zealand",park,"establishment,park,point_of_interest",4.2,22,,
ChIJMWGpSEdJDW0RsYSO8mG07cE,Savage Park,-36.9127632,174.8369986,"Longford Street, Mount Wellington, Auckland 1060, New Zealand",park,"establishment,park,point_of_interest",4.2,6,,
ChIJodVUBVxJDW0RaLDiwzb_0Q4,Bertrand Reserve,-36.9119436,174.8509394,"33 Allright Place, Mount Wellington, Auckland 1060, New Zealand",park,"establishment,park,point_of_interest",3.3,7,,
ChIJK6hplDtJDW0Rvw4tKz1TepU,Auckland Skinner Rd Reserve,-36.9127495,174.8292053,"Skinner Road, Mount Wellington, Auckland 1060, New Zealand",park,"establishment,park,point_of_interest",3.3,11,,
ChIJNWMpRQBJDW0Rj9uGd5H6FSI,Mount Wellington Summit,-36.8929298,174.8465585,"Mount Wellington, Auckland 1072, New Zealand",park,"establishment,park,point_of_interest",4.9,27,,
ChIJJ9k_V_tMDW0R4Txz91fnl60,Barry Curtis Park,-36.9662561,174.9068049,"163 Chapel Road, Flat Bush, Auckland 2016, New Zealand",tourist attraction,"establishment,park,point_of_interest,tourist_attraction",4.5,1278,+64 9 301 0101,https://www.aucklandcouncil.govt.nz/parks-recreation/Pages/park-details.aspx?Location=379
ChIJAyi1nEBJDW0RcN6cJGLvAA8,Hamlin Park,-36.9104305,174.835691,"39 Hamlin Road, Mount Wellington, Auckland 1060, New Zealand",park,"establishment,park,point_of_interest",4.2,110,+64 9 301 0101,http://www.aucklandcity.govt.nz/whatson/places/parksonline/detail2.asp?pParkId=760
ChIJQ167Rk9JDW0Rh4JjaE2A_GM,HOYTS Cinemas Sylvia Park,-36.9148086,174.841875,"Sylvia Park Shopping Centre, 286 Mount Wellington Highway, Mount Wellington, Auckland 1060, New Zealand",,"establishment,movie_theater,point_of_interest",4.0,3485,+64 508 446 987,https://www.hoyts.co.nz/cinemas/sylvia-park
ChIJS_-80UdJDW0RAVGCfFNcWgo,Sylvia Park Lifestyle,-36.9170435,174.838082,"393 Mount Wellington Highway, Mount Wellington, Auckland 1060, New Zealand",shopping mall,"establishment,point_of_interest,shopping_mall",4.3,489,+64 9 570 3777,https://www.sylviapark.com/
ChIJQ167Rk9JDW0RZx3PciUH3GE,The Warehouse Sylvia Park,-36.9188416,174.8422254,"286 Mount Wellington Highway, Mount Wellington, Auckland 1060, New Zealand",,"clothing_store,department_store,establishment,home_goods_store,point_of_interest,store",3.9,894,+64 9 985 0510,https://www.thewarehouse.co.nz/stores/sylviapark.html?utm_source=organic&utm_medium=gmb&utm_campaign=store_location
ChIJfz9uh1pJDW0Rt_yJypsGn18,Warehouse Stationery Sylvia Park,-36.9179252,174.8424447,"286 Mount Wellington Highway, Mount Wellington, Auckland 1060, New Zealand",,"electronics_store,establishment,furniture_store,home_goods_store,point_of_interest,store",2.5,114,+64 9 985 0510,https://www.warehousestationery.co.nz/store?StoreID=186&utm_source=google-my-business&utm_medium=organic&utm_campaign=store-location-sylvia-park
ChIJYXsRrFJJDW0Rp9W7W5nxiC0,The Outlet Mt Wellington,-36.9153276,174.8386701,"Sylvia Park Lifestyle 315-375 Mount Wellington Highway, Mount Wellington, Auckland 1060, New Zealand",,"establishment,point_of_interest,store",2.9,9,+64 9 969 9326,http://www.theoutlet.co.nz/
ChIJ6fEGokZJDW0RQzcf0j_Opio,Walker & Hall Sylvia Park,-36.9169756,174.841478,"Shop 13A/286 Mount Wellington Highway, Mount Wellington, Auckland 1644, New Zealand",,"establishment,jewelry_store,point_of_interest,store",4.7,152,+64 9 573 1561,https://www.walkerandhall.co.nz/pages/store-sylvia-park?utm_source=google&utm_medium=organic&utm_campaign=gbp
ChIJ-2xd1UVJDW0R925UpuuZR0Y,Timberland Sylvia Park,-36.913978,174.8412652,"Sylvia Park Shopping Centre, Shop 69/286 Mount Wellington Highway, Mount Wellington, Auckland 1060, New Zealand",,"clothing_store,establishment,point_of_interest,shoe_store,store",4.3,61,+64 9 579 6154,http://www.timberland.co.nz/
ChIJdwvkAZhJDW0RytlUca_pbmI,MECCA Sylvia Park,-36.9159911,174.8414341,"Sylvia Park, 286 Mount Wellington Highway, Mount Wellington, Auckland 1060, New Zealand",,"establishment,point_of_interest,store",4.2,199,+64 9 242 1644,https://www.mecca.com/en-nz/stores/mecca-sylvia-park-L114/?utm_source=google&utm_medium=organic&utm_campaign=places&utm_content=mecca-sylvia-park
ChIJAZGr1P1LDW0RF5zpedu9RYM,Ian Shaw Park,-36.9233164,174.8587608,"Mount Wellington, Auckland 1060, New Zealand",park,"establishment,park,point_of_interest",4.5,45,,
ChIJ96BQzLVODW0RcOmcJGLvAA8,Ōtāhuhu/Mount Richmond,-36.932881,174.8391984,"1110 Great South Road, Mount Wellington, Auckland 1060, New Zealand",park,"establishment,park,point_of_interest",4.3,143,+64 9 301 0101,https://www.aucklandcouncil.govt.nz/parks-recreation/Pages/park-details.aspx?Location=2008
ChIJNYTn63hJDW0RCOP2jW_5dWI,Gravity NZ Trampoline Park,-36.8872988,174.8503106,"77B Morrin Road, St Johns, Auckland 1072, New Zealand",,"amusement_park,establishment,point_of_interest",4.4,923,+64 9 527 0524,http://www.gravitynz.co.nz/
ChIJb7goOABJDW0RuE3OUtUMHDA,Ireland Road Tree Grove,-36.906411,174.842936,"148 Ireland Road, Mount Wellington, Auckland 1060, New Zealand",park,"establishment,park,point_of_interest",4.5,2,,
ChIJh0MhwwZMDW0ReEqMtMjvGf4,Seaside Park,-36.93259270000001,174.8626853,"Ōtāhuhu, Auckland 1062, New Zealand",park,"establishment,park,point_of_interest",4.5,127,,
ChIJJVc6zs5JDW0RWp_L1s049WU,Mount Wellington Children's Park,-36.9140469,174.8291952,"Mount Wellington, Auckland 1060, New Zealand",park,"establishment,park,point_of_interest",4.4,33,,
ChIJV5hbYCk5DW0R8AAL0TLcLyw,Auckland & Beyond Tours,-36.7530791,174.717209,"43 Barbados Drive, Unsworth Heights, Auckland 0632, New Zealand",,"establishment,point_of_interest,travel_agency",4.9,1519,+64 22 047 4575,http://www.aucklandandbeyond.co.nz/
ChIJt1TdcR5BDW0RaksgZzMaUy4,Saunders Reserve,-36.8794038,174.6641772,"26 Saunders Place, Avondale, Auckland 1026, New Zealand",tourist attraction,"establishment,park,point_of_interest,tourist_attraction",4.5,42,+64 9 301 0101,http://www.aucklandcouncil.govt.nz/
ChIJsZNZWQBHDW0RlX4ZMuV-Px4,Avondale Sign,-36.8959,174.6970971,"Avondale, Stop A, Avondale, Auckland 1026, New Zealand",tourist attraction,"establishment,point_of_interest,tourist_attraction",5.0,1,,
ChIJ8WmIty9BDW0Rvbzs5Ikl4ks,Fonteyn Reserve,-36.8877099,174.6812962,"Avondale, Auckland 1026, New Zealand",park,"establishment,park,point_of_interest",4.2,26,+64 9 301 0101,http://www.aucklandcouncil.govt.nz/
ChIJHfs2urhGDW0RUg93NgcnkkU,Arthur Currey Reserve,-36.9017645,174.7046428,"Avondale, Auckland 0600, New Zealand",park,"establishment,park,point_of_interest",4.2,21,+64 9 301 0101,http://www.aucklandcouncil.govt.nz/
ChIJl_pYh9xADW0RL1UJxvGt-hc,Pollen Island Marine Reserve,-36.8623335,174.6695096,"SH 16, Avondale, Auckland 1026, New Zealand",tourist attraction,"establishment,park,point_of_interest,tourist_attraction",4.5,19,,http://www.doc.govt.nz/parks-and-recreation/places-to-go/auckland/places/motu-manawa-pollen-island-marine-reserve/
ChIJqzjfyzxBDW0RSD-n894Ku9s,Avondale Rd Reserve,-36.8890009,174.6725284,"Avondale, Auckland 1026, New Zealand",park,"establishment,park,point_of_interest",3.8,28,+64 9 301 0101,http://www.aucklandcouncil.govt.nz/
ChIJrwYqFMxGDW0R9_aoXBT_-Uc,Tait Park,-36.89370419999999,174.6937189,"Avondale, Auckland 1026, New Zealand",park,"establishment,park,point_of_interest",4.3,24,+64 9 301 0101,https://www.aucklandcouncil.govt.nz/parks-recreation/Pages/default.aspx
ChIJ11tKtM9GDW0RQUQ2VP-yhuo,Henry Reserve,-36.8914444,174.6978085,"Avondale, Auckland 1026, New Zealand",park,"establishment,park,point_of_interest",4.3,27,+64 9 301 0101,http://www.aucklandcouncil.govt.nz/
ChIJv-WYulJADW0R5JCjxemVkOw,Tui Glen Reserve,-36.87338769999999,174.6359339,"2 Claude Brookes Drive, Henderson, Auckland 0612, New Zealand",tourist attraction,"establishment,park,point_of_interest,tourist_attraction",4.5,1257,+64 9 301 0101,https://www.aucklandcouncil.govt.nz/parks-recreation/Pages/park-details.aspx?Location=672
ChIJJQuCALVBDW0R8S0TbiVwc2c,Opanuku Reserve,-36.878687,174.6294102,"Henderson, Auckland 0612, New Zealand",tourist attraction,"establishment,park,point_of_interest,tourist_attraction",4.5,18,+64 9 301 0101,http://www.aucklandcouncil.govt.nz/
ChIJbbRUpJNBDW0RsNqcJGLvAA8,Parrs Park,-36.9051414,174.6299843,"Oratia Drive, Glen Eden, Auckland 0602, New Zealand",tourist attraction,"establishment,park,point_of_interest,tourist_attraction",4.5,2286,+64 9 301 0101,https://www.aucklandcouncil.govt.nz/parks-recreation/Pages/park-details.aspx?Location=587
ChIJt9ZSuuxGDW0RJ76oWiFglhc,Te Whitinga,-36.9004017,174.7163993,"State Highway 20, Mount Albert, Auckland 1025, New Zealand",tourist attraction,"establishment,point_of_interest,tourist_attraction",4.6,12,,
ChIJ_4wiMwBHDW0RFA8yw1lEDnI,Blockhouse Bay Butterfly Habitat,-36.9193718,174.7049284,"32 Rathlin Street, Blockhouse Bay, Auckland 0600, New Zealand",tourist attraction,"establishment,point_of_interest,tourist_attraction",,0,+64 274 814 811,https://www.facebook.com/groups/1981186225479667
ChIJi_X6kkVHDW0RnM72Gv1w7N0,Chalmers Reserve,-36.9019527,174.6991028,"Blockhouse Bay Road, Avondale, Auckland 0600, New Zealand",park,"establishment,park,point_of_interest",4.6,34,,
ChIJlRWC9vdBDW0RREGufLRylzg,Orchard Reserve,-36.8900314,174.6808734,"4893606/33C Orchard Street, Avondale, Auckland 1026, New Zealand",park,"establishment,park,point_of_interest",3.4,7,+64 9 301 0101,https://www.aucklandcouncil.govt.nz/parks-recreation/Pages/park-details.aspx?Location=87
ChIJmye6gtxGDW0RrTO4amJYf2k,Harbutt Reserve,-36.8879254,174.7057207,"Newcastle Tcr, Auckland 1025, New Zealand",tourist attraction,"establishment,point_of_interest,tourist_attraction",4.4,102,,
ChIJLTdTMy5HDW0RsMqcJGLvAA8,Eric Armishaw Park,-36.8692078,174.697964,"117 Walker Road, Point Chevalier, Auckland 1022, New Zealand",tourist attraction,"establishment,park,point_of_interest,tourist_attraction",4.5,472,+64 9 301 0101,https://www.aucklandcouncil.govt.nz/parks-recreation/Pages/park-details.aspx?Location=134
ChIJmbCNKbBGDW0Rmgm3UWW-HNs,Miranda Reserve,-36.9110696,174.6980993,"32A Miranda Street, Avondale, Auckland 0600, New Zealand",park,"establishment,park,point_of_interest",4.1,58,+64 9 301 0101,https://www.aucklandcouncil.govt.nz/parks-recreation/Pages/park-details.aspx?Location=1852
ChIJOVWeGwBHDW0R8oVuxeTwetU,Mount Albert Summit,-36.891343,174.7202774,"Mount Albert, Auckland 1025, New Zealand",tourist attraction,"establishment,point_of_interest,tourist_attraction",5.0,2,,
ChIJ1fNP9YJBDW0RbXM7y4wLxt8,The Kurt Brehmer Walkway,-36.8794385,174.6646477,"Parking lot 26 Saunders Place, Avondale, Auckland 1026, New Zealand",park,"establishment,park,point_of_interest",3.5,2,,https://www.aucklandcouncil.govt.nz/parks-recreation/Pages/park-details.aspx?Location=1915
ChIJnaR9RgBBDW0RM8Yjkoo-wwM,Fonteyn park,-36.8874529,174.6812523,"85 Fonteyn Street, Avondale, Auckland 1026, New Zealand",park,"establishment,park,point_of_interest",5.0,1,,
ChIJefhhkzBBDW0Rh8uFg_HEdHg,Riversdale Reserve,-36.8927126,174.6804982,"Avondale, Auckland 1026, New Zealand",park,"establishment,park,point_of_interest",4.5,175,+64 9 301 0101,https://www.aucklandcouncil.govt.nz/parks-recreation/Pages/park-details.aspx?Location=187
ChIJj_venLdGDW0RpWaK7lUDiu4,"BAPS Shri Swaminarayan Hindu Mandir, Auckland",-36.9031029,174.6995222,"21 Barrhead Place, Avondale, Auckland 0600, New Zealand",tourist attraction,"establishment,hindu_temple,place_of_worship,point_of_interest,tourist_attraction",4.9,544,+64 9 828 2277,http://www.baps.org/Global-Network/Asia-Pacific/Auckland.aspx
ChIJYzNjBT1BDW0RRJem8pu_MBs,Eastdale Reserve,-36.8873886,174.6877585,"46A Eastdale Road, Avondale, Auckland 1026, New Zealand",park,"establishment,park,point_of_interest",4.4,226,,https://www.aucklandcouncil.govt.nz/parks-recreation/Pages/park-details.aspx?Location=34
ChIJQV-Zz8lGDW0Ro-tKLqDWBuk,The Hollywood Avondale,-36.8991689,174.6972216,"20 Saint Georges Road, Avondale, Auckland 0600, New Zealand",,"establishment,movie_theater,point_of_interest",4.6,590,,http://www.hollywoodavondale.nz/
ChIJsRYjEMlGDW0RJosKiYQKQMk,Giant Avondale Spider,-36.8967762,174.696802,"1975 Great North Road, Avondale, Auckland 1026, New Zealand",,"establishment,point_of_interest",4.6,5,,
ChIJ-RZ7YCJHDW0Rt66o66JGAW8,Avondale Sunday Market,-36.8955555,174.6893712,"23 Elm Street, Avondale, Auckland 1026, New Zealand",,"establishment,point_of_interest",4.4,1125,,http://www.avondalesundaymarkets.co.nz/
ChIJQ0Hkj5FBDW0Rq_ie9cURLhM,Gun Emplacements,-36.8425741,174.6558997,"Te Atatū Peninsula, Auckland 0610, New Zealand",,"establishment,point_of_interest",4.8,5,,https://nzhistory.govt.nz/media/photo/lancaster-memorial-te-atatu
ChIJfxvGDJtpDW0R1JTv-NIszyE,Rose Hellaby House,-36.9292047,174.5707378,"515 Scenic Drive, Waiatarua, Auckland 0612, New Zealand",tourist attraction,"establishment,point_of_interest,tourist_attraction",4.5,66,,
ChIJwcAHe7dDDW0RYss2QANGBgU,Exhibition Drive,-36.945214,174.6262298,"Exhibition Drive, Titirangi, Auckland 0604, New Zealand",,"establishment,point_of_interest",4.8,5,,
ChIJrRAzVwBBDW0Rg_HrPnn6Xh0,Elvis Presley Memorial Stone,-36.8736803,174.6335683,"55 Millstream Drive, Henderson, Auckland 0610, New Zealand",,"establishment,point_of_interest",,0,,
ChIJX6BIcQBBDW0RzcRVoxFSS7w,McAlpine Beach,-36.8765943,174.6664686,"35 Timothy Place, Avondale, Auckland 1026, New Zealand",,"establishment,point_of_interest",,0,,
ChIJ1wEAHuNGDW0Rh47mNQ3zKeE,New Zealand Nepal Society Incorporated,-36.8824065,174.7191765,"830 New North Road, Mount Albert, Auckland 1025, New Zealand",tourist attraction,"establishment,point_of_interest,tourist_attraction",4.5,115,,http://www.nznepalsociety.co.nz/
ChIJFfsbCQBBDW0Ry_4kEjcEY-c,The Pioneer Winemaker,-36.8770473,174.6334481,"Henderson, Auckland 0612, New Zealand",,"establishment,point_of_interest",,0,,
ChIJtSHMvbE_DW0RmkW_wdWSEXI,Mill House,-36.7864656,174.6641288,"Hobsonville, Chichester 0616, New Zealand",,"establishment,point_of_interest",4.4,40,,
ChIJQzGI1BVBDW0RodXquqJ23To,Pirrit's Dam,-36.8913298,174.6334222,"Millbrook Road, Henderson, Auckland 0612, New Zealand",,"establishment,point_of_interest",,0,+64 9 301 0101,https://www.aucklandcouncil.govt.nz/parks-recreation/Pages/default.aspx
ChIJUfj96sJBDW0RMoqfUl3RY-k,Swanson Stream Bridge,-36.8584296,174.609582,"35A Don Buck Road, Massey, Auckland 0614, New Zealand",,"establishment,point_of_interest",5.0,1,,
ChIJZfzhy9JBDW0Rc2J6JNbENMk,Te Rakau Macrocarpa o Te Wai (Significant Historical Tree),-36.881954,174.653671,"Te Atatū South, Auckland 0602, New Zealand",,"establishment,point_of_interest",3.0,2,,
ChIJaU4CfABBDW0RwamwfjpCS48,Historical Waterwheel,-36.87637900000001,174.6324904,"35 Sel Peacock Drive, Henderson, Auckland 0610, New Zealand",,"establishment,point_of_interest",,0,,
ChIJ8TXqG7FGDW0R4dFrYZg_bF0,Malaysian Noodles & Rice House,-36.9078451,174.6974472,"57D Wolverton Street, Avondale, Auckland 0600, New Zealand",restaurant,"establishment,food,meal_takeaway,point_of_interest,restaurant",4.3,432,+64 9 828 8938,
ChIJy3vAGPdDDW0RWTyINnAA2wg,Jacobsons Depot,-36.9474071,174.6149561,"280 Scenic Drive, Nihotupu, Auckland 0604, New Zealand",,"establishment,point_of_interest",4.8,4,,
ChIJgxEbbQBBDW0RWPtOlAiAHYc,Sunrise Vineyards Arch,-36.8811117,174.6389358,"289 Great North Road, Henderson, Auckland 0612, New Zealand",,"establishment,point_of_interest",,0,,https://www.westaucklandhistory.org.nz/
ChIJLx20NWxADW0R6bGJ8xsHZ7c,Toroa Preservation Society,-36.8461352,174.6312309,"2 Selwood Road, Henderson, Auckland 0610, New Zealand",,"establishment,point_of_interest",3.9,16,,https://www.steamferrytoroa.com/
ChIJo0qPOgtqDW0R-m-DQljIGGg,Kiwi Valley Farm Park,-36.8960321,174.6003572,"308 Henderson Valley Road, Henderson Valley, Auckland 0612, New Zealand",tourist attraction,"cafe,establishment,food,point_of_interest,school,tourist_attraction",4.7,314,+64 9 837 2952,https://www.kiwivalley.co.nz/?utm_source=Auckland&utm_medium=googleplaces
ChIJ7Y6we8lGDW0R87pSpT9Q1Go,Avondale Central Reserve,-36.897558,174.6951404,"Avondale, Auckland 1026, New Zealand",park,"establishment,park,point_of_interest",3.8,49,,
ChIJn3GgPclGDW0Rqfkujovze4I,Avondale Art Park,-36.8961498,174.6968631,"1913/1925 Great North Road, Avondale, Auckland 1026, New Zealand",,"art_gallery,establishment,point_of_interest",4.3,59,,https://www.facebook.com/avondaleartpark
ChIJc6-LFkpBDW0R-Ryf8vnD7LM,Rizal Reserve,-36.9011339,174.6854322,"New Lynn, Auckland 0600, New Zealand",park,"establishment,park,point_of_interest",4.1,12,,http://www.aucklandcouncil.govt.nz/
ChIJAVtfPkBBDW0RQHiSJdh41nc,Copley Street Reserve,-36.9007857,174.6699142,"New Lynn, Auckland 0600, New Zealand",park,"establishment,park,point_of_interest",4.4,14,+64 9 301 0101,http://www.aucklandcouncil.govt.nz/
ChIJDe1warRBDW0RYAN2qI_ah7U,Gardner Reserve,-36.910383,174.6823589,"New Lynn, Auckland 0600, New Zealand",park,"establishment,park,point_of_interest",3.0,1,,
ChIJSRskPVlBDW0RqMkNW5y2jw4,Lawson Park,-36.9175534,174.6753499,"38 Willerton Avenue, New Lynn, Auckland 0600, New Zealand",park,"establishment,park,point_of_interest",4.2,112,+64 9 301 0101,http://www.aucklandcouncil.govt.nz/
ChIJNYMeuE9BDW0RZCAxUkyTSIQ,Todd Triangle,-36.9091717,174.6811007,"3091 Great North Road, New Lynn, Auckland 0600, New Zealand",park,"establishment,park,point_of_interest",3.9,30,+64 9 301 0101,http://www.aucklandcity.govt.nz/whatson/places/parksonline/detail2.asp?pParkId=14506
ChIJcWiVUwZBDW0RJG_EfnZ9_1M,Queen Mary Reserve,-36.89883,174.6762909,"50 Queen Mary Avenue, New Lynn, Auckland 0600, New Zealand",park,"establishment,park,point_of_interest",4.0,7,,
ChIJGbZ1OGdBDW0RMLHaIttW7kU,Northall Park,-36.914413,174.6673639,"2 Westall Road, New Lynn, Auckland 0600, New Zealand",park,"establishment,park,point_of_interest",4.4,18,,
ChIJIwYw6gVBDW0RykQCWrhWzjM,Delta Triangle,-36.90794229999999,174.6825988,"5062706, New Lynn, Auckland 0600, New Zealand",park,"establishment,park,point_of_interest",4.0,3,,
ChIJYTdumqpGDW0Rja1Uj179r5g,Shadbolt Park,-36.9234585,174.6914928,"128 Portage Road, New Lynn, Auckland 0600, New Zealand",park,"establishment,park,point_of_interest",4.3,112,,https://www.aucklandcouncil.govt.nz/Pages/default.aspx
ChIJFWFoFkhBDW0R8NmcJGLvAA8,Ken Maunder Park,-36.9006361,174.6805832,"34 Binsted Road, New Lynn, Auckland 0600, New Zealand",park,"establishment,park,point_of_interest",4.3,349,+64 9 301 0101,https://www.aucklandcouncil.govt.nz/parks-recreation/Pages/park-details.aspx?Location=608
ChIJ95dBArxDDW0Rvcl8PqmuPIE,McCahon House,-36.9473441,174.663865,"67 Otitori Bay Road, Titirangi, Auckland 0604, New Zealand",tourist attraction,"establishment,museum,point_of_interest,tourist_attraction",4.7,26,,http://www.mccahonhouse.org.nz/
ChIJnRBk7pdBDW0R0xDnLgnC1Yg,Rewarewa Esplanade Reserve,-36.9044641,174.6803091,"New Lynn, Auckland 0600, New Zealand",park,"establishment,park,point_of_interest",4.5,2,,
ChIJPdnBfuFDDW0RSTSQ1HNWziw,Grandison Green,-36.9238326,174.6738191,"15 Grandison Crescent, New Lynn, Auckland 0600, New Zealand",park,"establishment,park,point_of_interest",5.0,3,,
ChIJoSgqzkZBDW0RVVFwUV93tZ8,Manuka Park,-36.90303979999999,174.6746361,"New Lynn, Auckland 0600, New Zealand",park,"establishment,park,point_of_interest",4.1,42,+64 9 301 0101,http://www.aucklandcouncil.govt.nz/
ChIJ1Z_P-HBBDW0RoK0FsW-TWH0,Manawa Wetland Reserve,-36.91220800000001,174.678579,"Trees for Babies 8 Margan Avenue, New Lynn, Auckland 0600, New Zealand",park,"establishment,park,point_of_interest",4.3,48,+64 22 397 6192,https://www.aucklandcouncil.govt.nz/environment/plants-animals/plant-for-your-ecosystem/Documents/guide-to-aucklands-wetlands.pdf
ChIJNzQ7mYRDDW0RidD2QXUcD9M,Bougainvillea Kauri viewing tree,-36.9410972,174.6601389,"Otitori Bay Road, Titirangi, Auckland 0604, New Zealand",tourist attraction,"establishment,point_of_interest,tourist_attraction",4.2,6,,
ChIJiVNv2_1DDW0Rv1T_jpstc60,Cutler Reserve,-36.9227353,174.6841428,"New Lynn, Auckland 0600, New Zealand",park,"establishment,park,point_of_interest",3.9,14,,http://www.aucklandcouncil.govt.nz/
ChIJeWAlXABEDW0Ra16PRHxdF3s,Tiakina / Sister Rene Shadbolt Park,-36.9258307,174.6902635,"130 Portage Road, Green Bay, Auckland 0600, New Zealand",park,"establishment,park,point_of_interest",4.3,262,+64 9 301 0101,https://www.aucklandcouncil.govt.nz/parks-recreation/Pages/park-details.aspx?Location=599
ChIJLd_yg-BBDW0RiXL6_TT_0ak,Margan Reserve,-36.9141779,174.68345,"Margan Avenue, New Lynn, Auckland 0600, New Zealand",park,"establishment,park,point_of_interest",5.0,1,,https://www.aucklandcouncil.govt.nz/parks-recreation/Pages/park-details.aspx?Location=1191
ChIJGVcL6HhBDW0Rrvy6Knla5OQ,Harold Moody Reserve,-36.9130426,174.6498547,"44 Glendale Road, Glen Eden, Auckland 0602, New Zealand",tourist attraction,"establishment,park,point_of_interest,tourist_attraction",4.4,22,,
ChIJyfqcLAdEDW0RAOecJGLvAA8,Craigavon Park,-36.9273351,174.6921358,"86 Kinross Street, Blockhouse Bay, Auckland 0600, New Zealand",park,"establishment,park,point_of_interest",4.6,958,+64 9 301 0101,https://www.aucklandcouncil.govt.nz/parks-recreation/Pages/park-details.aspx?Location=191
ChIJzXxeMQBBDW0Rn2__PSK3epY,Seths Corner,-36.9057227,174.6487997,"Acmena Avenue, Glen Eden, Auckland 0602, New Zealand",tourist attraction,"establishment,point_of_interest,tourist_attraction",,0,,
ChIJrZ0nntVDDW0RUOScJGLvAA8,Ōkaurirahi / Ceramco Park,-36.9200232,174.6504096,"122/112 Glendale Road, Glen Eden, Auckland 0602, New Zealand",tourist attraction,"establishment,park,point_of_interest,tourist_attraction",4.2,328,+64 9 301 0101,https://www.aucklandcouncil.govt.nz/parks-recreation/Pages/park-details.aspx?Location=676
ChIJORw-G49BDW0Rnb_VCoC3-Uc,Ambrico Reserve playground,-36.9115721,174.6807219,"6 Ambrico Place, New Lynn, Auckland 0600, New Zealand",park,"establishment,park,point_of_interest",4.2,10,,
ChIJbQwS9ExCDW0RP9ulCz_JrSE,Little Muddy Creek,-36.9500719,174.6463537,"Huia Road, Titirangi, Auckland 0604, New Zealand",tourist attraction,"establishment,point_of_interest,tourist_attraction",4.6,5,,https://www.aucklandcouncil.govt.nz/parks-recreation/Pages/default.aspx
ChIJ-Tk-32dBDW0Rp20DbIod28c,Mason Park,-36.9108215,174.6680913,"New Lynn, Auckland 0600, New Zealand",park,"establishment,park,point_of_interest",4.2,39,,http://www.aucklandcouncil.govt.nz/
ChIJdYl_SlNBDW0RLJFwPbR74KM,Bob Hill Reserve,-36.9149048,174.6895795,"New Lynn, Auckland 0600, New Zealand",park,"establishment,park,point_of_interest",4.7,17,,http://www.aucklandcouncil.govt.nz/
ChIJw-bADvhDDW0R11taaRASvE8,Green Bay Beach,-36.9312127,174.6909698,"235A Portage Road, Green Bay, Auckland 0604, New Zealand",tourist attraction,"establishment,park,point_of_interest,tourist_attraction",4.3,200,+64 9 301 0101,https://www.aucklandcouncil.govt.nz/parks-recreation/Pages/default.aspx
ChIJET80LRtEDW0RfzC5m7rSWN8,Blockhouse Bay Beach Reserve,-36.930052,174.7001357,"69-79 Endeavour Street, Blockhouse Bay, Auckland 0600, New Zealand",park,"establishment,park,point_of_interest",4.5,1064,+64 9 301 0101,https://www.aucklandcouncil.govt.nz/parks-recreation/Pages/park-details.aspx?Location=174
ChIJM--SOEtADW0RZm9NTlniI_U,Mill Cottage,-36.8762985,174.6321515,"17 Sel Peacock Drive, Henderson, Auckland 0610, New Zealand",tourist attraction,"establishment,museum,point_of_interest,tourist_attraction",4.4,8,+64 83 65917,https://www.facebook.com/westhistory2016/
ChIJE3g3HCxADW0Rov7zlvcEoiI,Paremuka Lakeside,-36.8708328,174.61233,"58/62 Munroe Road, Henderson, Auckland 0612, New Zealand",tourist attraction,"establishment,park,point_of_interest,tourist_attraction",4.4,250,,https://www.aucklandcouncil.govt.nz/parks-recreation/Pages/park-details.aspx?Location=2235
ChIJ36E15bBBDW0RBK8JsfjQTZY,Hart Domain,-36.88484710000001,174.6341668,"Henderson, Auckland 0612, New Zealand",tourist attraction,"establishment,point_of_interest,tourist_attraction",4.4,118,,https://www.aucklandcouncil.govt.nz/parks-recreation/Pages/default.aspx
ChIJb-5gIDhADW0RjcqqMHw-Q-s,Fairdene Reserve,-36.8648034,174.6256931,"Henderson, Auckland 0610, New Zealand",park,"establishment,park,point_of_interest",4.4,29,,http://www.aucklandcouncil.govt.nz/
ChIJrUWststBDW0RcM2cJGLvAA8,Henderson Park,-36.8783848,174.6251045,"41A Wilsher Crescent, Henderson, Auckland 0612, New Zealand",tourist attraction,"establishment,park,point_of_interest,tourist_attraction",4.5,641,+64 9 301 0101,https://www.aucklandcouncil.govt.nz/parks-recreation/Pages/park-details.aspx?Location=635
ChIJy6UrLMVBDW0RKvQh14H_GJU,Palomino Esplanade,-36.8902471,174.614855,"72 Border Road, Henderson, Auckland 0612, New Zealand",park,"establishment,park,point_of_interest",4.6,22,,
ChIJ3VY5rbxBDW0R6gnfSbqDVY0,Harrington Road Xmas lights,-36.8596361,174.6190647,"28 Harrington Road, Henderson, Auckland 0610, New Zealand",tourist attraction,"establishment,point_of_interest,tourist_attraction",5.0,2,,
ChIJkSa39XVqDW0RPOTC6IVYxNU,Kensington Park,-36.8921396,174.6059131,"2 South Kensington Way, Henderson, Auckland 0612, New Zealand",park,"establishment,park,point_of_interest",4.4,27,,https://www.aucklandcouncil.govt.nz/parks-recreation/Pages/default.aspx
ChIJtUJ2-mpADW0Rfw3GIW7yU_M,Daytona Reserve,-36.8525163,174.6291644,"Henderson, Auckland 0610, New Zealand",park,"establishment,park,point_of_interest",4.0,7,+64 9 301 0101,http://www.aucklandcouncil.govt.nz/
ChIJH3LJZstBDW0R0AOzl0rwOZs,Vintage Reserve,-36.877579,174.6228883,"51 Vintage Drive, Henderson, Auckland 0612, New Zealand",park,"establishment,park,point_of_interest",5.0,2,,
ChIJoebptm5BDW0RdpmoFPAv8SE,Henderson Valley Green,-36.894932,174.6091067,"45 Misty Valley Drive, Henderson, Auckland 0612, New Zealand",park,"establishment,park,point_of_interest",4.8,12,,
ChIJEU2W8TlADW0RzqpvxJ7zlFw,Glen Norman Reserve,-36.8642849,174.6224301,"Henderson, Auckland 0610, New Zealand",park,"establishment,park,point_of_interest",4.1,9,,http://www.aucklandcouncil.govt.nz/
ChIJA4zORwBBDW0RNNUBmS96tD4,River Lookout,-36.8736106,174.6351015,"55 Chilcott Road, Henderson, Auckland 0612, New Zealand",park,"establishment,park,point_of_interest",4.0,1,,
ChIJydLpy9drDW0R3q2vv6IrvNY,Lower Fairy Falls,-36.9144812,174.5560116,"Henderson Valley, Auckland 0612, New Zealand",tourist attraction,"establishment,park,point_of_interest,tourist_attraction",4.5,50,,https://www.aucklandcouncil.govt.nz/Pages/default.aspx
ChIJqdaFr0RADW0RwWIyVffJThY,Central Park,-36.8602797,174.6371333,"65/67 Central Park Drive, Henderson, Auckland 0610, New Zealand",park,"establishment,park,point_of_interest",4.3,158,,
ChIJTekFT3hqDW0RsqtbCGD7FIg,Lake Panorama,-36.8840663,174.6039406,"56 Sapperton Drive, Henderson, Auckland 0612, New Zealand",park,"establishment,park,point_of_interest",4.5,294,+64 9 301 0101,https://www.aucklandcouncil.govt.nz/parks-recreation/Pages/park-details.aspx?Location=1754
ChIJx5HvQy5BDW0R6SZFSQVdsO4,George Ward Park,-36.8764731,174.6180311,"1b Harvest Drive, Henderson, Auckland 0612, New Zealand",park,"establishment,park,point_of_interest",4.6,8,,
ChIJt0zclp1BDW0Rv4W0eua8jEY,Forest Hill Park,-36.8961879,174.6178539,"5017734, Henderson, Henderson, Auckland 0612, New Zealand",park,"establishment,park,point_of_interest",3.8,4,,https://www.aucklandcouncil.govt.nz/parks-recreation/Pages/default.aspx
ChIJH8XMIsdBDW0RZt9f5i70K2Y,Catherine Esplanade Reserve,-36.882881,174.6339963,"Catherine Street, Henderson, Auckland 0612, New Zealand",park,"establishment,park,point_of_interest",4.0,1,,https://www.aucklandcouncil.govt.nz/parks-recreation/Pages/default.aspx
ChIJQVApthRqDW0RWJYdec67Ipk,Henderson Valley Scenic Reserve,-36.8962691,174.5883729,"397 Henderson Valley Road, Waitākere, Auckland 0612, New Zealand",park,"establishment,park,point_of_interest",5.0,1,,
ChIJQyu2F6RBDW0RcUlmfBpPTyQ,Kaikoura Reserve,-36.891463,174.6416529,"Henderson, Auckland 0612, New Zealand",park,"establishment,park,point_of_interest",4.0,27,+64 9 301 0101,http://www.aucklandcouncil.govt.nz/
ChIJR0FdlO0_DW0RRXqsn18Vgnw,Flaunty Reserve,-36.8209754,174.6232576,"West Harbour, Auckland 0618, New Zealand",tourist attraction,"establishment,park,point_of_interest,tourist_attraction",4.0,22,,http://www.aucklandcouncil.govt.nz/
ChIJ-4wZDc9BDW0RNpsXE2YTFs8,Shona Reserve,-36.8842236,174.6198949,"16 Chardon Place, Henderson, Auckland 0612, New Zealand",park,"establishment,park,point_of_interest",3.9,10,+64 9 301 0101,https://www.aucklandcouncil.govt.nz/parks-recreation/Pages/default.aspx
ChIJ1zV7ooZBDW0RIiwOeqlrEgI,Juryclock Memorial Park,-36.8825051,174.624838,"36 Smythe Road, Henderson, Auckland 0612, New Zealand",park,"establishment,park,point_of_interest",5.0,1,,
ChIJub7p_TJBDW0Rhwy3CjaJBfI,Featherstone Park,-36.8709478,174.6212382,"4725273, Henderson, Henderson, Auckland 0610, New Zealand",park,"establishment,park,point_of_interest",4.0,25,,
ChIJT7rel2BBDW0R5dJxvsGs-LE,Rhinevale Close Reserve,-36.8863202,174.6163877,"5193594, Henderson, Henderson, Auckland 0612, New Zealand",park,"establishment,park,point_of_interest",4.5,4,,https://www.aucklandcouncil.govt.nz/parks-recreation/Pages/default.aspx
ChIJ3cM4Y7ZBDW0RqspUhOBlJIA,Landow Reserve,-36.8989201,174.6193865,"5174407, Henderson, Henderson, Auckland 0612, New Zealand",park,"establishment,park,point_of_interest",5.0,1,,
ChIJ58qyNABBDW0Ro04vhk191_s,oratia stream,-36.8751071,174.6275862,"Henderson, Auckland 0610, New Zealand",park,"establishment,park,point_of_interest",,0,,
ChIJd0S04OtBDW0Ry-PG6jpTSqY,Falls Park,-36.8767185,174.6351994,"22 Alderman Drive, Henderson, Auckland 0645, New Zealand",park,"establishment,park,point_of_interest",4.4,120,,
ChIJyVdpSwBBDW0RBsIAnHZ1U8Y,Water Tap,-36.8784722,174.6245426,"Henderson, Auckland 0612, New Zealand",park,"establishment,park,point_of_interest",,0,,
ChIJcY8gAoNpDW0Rbh9Bnv3tdUo,Parkinson Lookout,-36.9244421,174.5668604,"551 Scenic Drive, Waiatarua, Auckland 0612, New Zealand",tourist attraction,"establishment,point_of_interest,tourist_attraction",4.5,100,+64 9 301 0101,http://www.aucklandcouncil.govt.nz/
ChIJTT-m7ulBDW0R3c40-etaO00,Bruce Mclaren Memorial Park,-36.897913,174.6209309,"31 Farwood Drive, Henderson, Auckland 0612, New Zealand",park,"establishment,park,point_of_interest",4.3,6,,
ChIJa0nJz7VBDW0RKlPVuTkpFys,Japanese Garden,-36.8800191,174.6302471,"Te Ara Pūheke, Henderson, Auckland 0612, New Zealand",park,"establishment,park,point_of_interest",3.8,6,,
ChIJFby_jMVBDW0R6-iUo8dRomI,Opanuku Street Reserve,-36.886737,174.6203651,"Border Road Esplanade, Henderson, Auckland 0612, New Zealand",park,"establishment,park,point_of_interest",4.0,1,,
ChIJU3ZygXVqDW0RH4ISpUj8w2k,Howard Reserve,-36.8934877,174.6057474,"46 South Kensington Way, Henderson, Auckland 0612, New Zealand",park,"establishment,park,point_of_interest",,0,,
ChIJ1T_Oaq9BDW0RUqj7y2XojV8,Edgewood Way Reserve,-36.8859522,174.6412545,"Henderson, Auckland 0612, New Zealand",park,"establishment,park,point_of_interest",3.2,10,,http://www.aucklandcouncil.govt.nz/
ChIJkxmRP7NBDW0RuRr3lZzWixE,Pioneer Park,-36.8773463,174.6336166,"11 Alderman Drive, Henderson, Auckland 0612, New Zealand",park,"establishment,park,point_of_interest",5.0,2,,
ChIJP0fd3NxBDW0RjEdQ5r0DDY0,Henderson Valley Park,-36.8939916,174.6155331,"201A Henderson Valley Road, Henderson, Auckland 0612, New Zealand",park,"establishment,park,point_of_interest",4.3,42,+64 9 301 0101,https://www.aucklandcouncil.govt.nz/parks-recreation/Pages/park-details.aspx?Location=633
ChIJiz3PW99BDW0RDyuuPltpdHA,Robby's Pond,-36.8919291,174.6064284,"68-70 San Marino Drive West, Henderson, Auckland 0612, New Zealand",park,"establishment,park,point_of_interest",3.4,7,,https://www.aucklandcouncil.govt.nz/parks-recreation/Pages/default.aspx
ChIJbbQ7TE5ADW0RuQqeHic3lNY,Epping Esplanade,-36.8684961,174.6357314,"22 Jubaea Place, Henderson, Auckland 0610, New Zealand",park,"establishment,park,point_of_interest",4.0,16,,https://www.aucklandcouncil.govt.nz/parks-recreation/Pages/park-details.aspx?Location=1594
ChIJq6qqf5xADW0R82iRWQgZUps,Harbour View Beach Reserve,-36.8397441,174.6611728,"Harbour View Road, Te Atatū Peninsula, Auckland 0610, New Zealand",tourist attraction,"establishment,park,point_of_interest,tourist_attraction",4.5,435,+64 9 301 0101,https://www.aucklandcouncil.govt.nz/parks-recreation/Pages/default.aspx
ChIJLw_-2WBpDW0RV_dvGowmXCQ,Large Kauri walk,-36.9211552,174.5477061,"600 Scenic Drive, Waiatarua, Auckland 0612, New Zealand",tourist attraction,"establishment,point_of_interest,tourist_attraction",4.5,8,,
ChIJlx7D_z5ADW0RHyVqEGzRRrE,Kingdale Reserve,-36.8571773,174.6245292,"Henderson, Auckland 0610, New Zealand",park,"establishment,park,point_of_interest",4.1,19,,
ChIJT4Vxa01ADW0RK8wWoZFBmkE,Tui Glen Playground,-36.8746994,174.6362707,"Tui Glen Reserve, Henderson, Auckland 0612, New Zealand",park,"establishment,park,point_of_interest",4.7,201,+64 9 301 0101,https://www.aucklandcouncil.govt.nz/parks-recreation/Pages/default.aspx
ChIJE22os0pADW0RYBOdN9sugCU,Rotary Park,-36.8757616,174.6278381,"Henderson, Auckland 0610, New Zealand",park,"establishment,park,point_of_interest",4.6,7,,http://www.aucklandcouncil.govt.nz/
ChIJ_cLSusFBDW0R4EU1BArU5uE,Hindmarsh Green,-36.89527,174.6236297,"Henderson, Auckland 0612, New Zealand",park,"establishment,park,point_of_interest",3.0,3,,
ChIJj_CsvntBDW0RJUsZAWeDdrQ,Te Atatu Peninsula Shared Path,-36.8516492,174.6533037,"408A Te Atatu Road, Te Atatū Peninsula, Auckland 0610, New Zealand",tourist attraction,"establishment,point_of_interest,tourist_attraction",5.0,1,,
ChIJs0q6R7dBDW0RNL7tW2W3VX8,The Warehouse Henderson West City,-36.8816954,174.6315512,"30 Railside Avenue and Edsel Street Westcity, Henderson, Auckland 0612, New Zealand",,"clothing_store,department_store,establishment,home_goods_store,point_of_interest,store",3.8,328,+64 9 836 3892,https://www.thewarehouse.co.nz/stores/hendersonwestcity.html?utm_source=organic&utm_medium=gmb&utm_campaign=store_location
ChIJN66XcfFrDW0RbSLZOPGyMvs,Waitakere Dam,-36.8991999,174.5295419,"Waitākere, Auckland 0781, New Zealand",park,"establishment,park,point_of_interest",4.6,170,+64 9 301 0101,https://www.aucklandcouncil.govt.nz/parks-recreation/Pages/default.aspx
ChIJSZifQQBBDW0Rk0wRu4G0vrQ,Xena Way and Hercules Dr. Road Signs,-36.8838922,174.6072105,"30/4 Bibury Avenue, Henderson, Auckland 0612, New Zealand",,"establishment,point_of_interest",,0,,
ChIJ_Wl-I5ZrDW0RckmjMIdFkAo,Arataki Visitor Centre,-36.946889,174.606587,"300 Scenic Drive, Oratia, Waitakere 0604, New Zealand",tourist attraction,"establishment,point_of_interest,tourist_attraction,travel_agency",4.7,2297,+64 9 817 0077,https://www.aucklandcouncil.govt.nz/parks-recreation/Pages/park-details.aspx?Location=204
ChIJwWnXMoxpDW0Rlzf_pdGQVhk,The Nihotupu auxiliary dam,-36.9331173,174.5566654,"4893448, Waiatarua, Auckland 0612, New Zealand",,"establishment,point_of_interest",4.2,10,+64 9 301 0101,https://www.aucklandcouncil.govt.nz/parks-recreation/Pages/default.aspx
ChIJtW0tIEdADW0RXYl_wCERgy8,The Warehouse Henderson Lincoln Road,-36.8655257,174.6299012,"111/115 Lincoln Road, Henderson, Auckland 0610, New Zealand",,"clothing_store,department_store,establishment,home_goods_store,point_of_interest,store",3.8,782,+64 9 836 6011,https://www.thewarehouse.co.nz/stores/hendersonlincolnrd.html?utm_source=organic&utm_medium=gmb&utm_campaign=store_location
ChIJ18AOOgBDDW0RbHRX1b53Nxc,Janet's Point,-36.9636546,174.6424738,"64 Laingholm Drive, Laingholm, Auckland 0604, New Zealand",,"establishment,point_of_interest",,0,,
ChIJBXl5DQBpDW0RtTNZWjgDPNo,Upper Nihotupu Dam,-36.9515236,174.5643174,"Waiatarua, Auckland 0604, New Zealand",,"establishment,point_of_interest",5.0,4,+64 9 442 2222,http://www.watercare.co.nz/home/about-us/what-we-do/water-collection-treatment-and-monitoring/about-our-dams
ChIJt1ZKHXVDDW0RBsp9dWmW6aM,Titirangi Village Roundabout (Bush Markers),-36.9382929,174.6540599,"2 Huia Road, Titirangi, Auckland 0604, New Zealand",,"establishment,point_of_interest",,0,,
ChIJlYgWJdJrDW0RW5nHMFE3xso,Fairy Falls Trailhead,-36.91588369999999,174.5434514,"Henderson Valley Road, Henderson, Auckland 0612, New Zealand",park,"establishment,park,point_of_interest",4.6,152,,https://www.aucklandcouncil.govt.nz/Pages/default.aspx
ChIJZ7t_TpdrDW0RgxPRZLF7t_o,Pukematekeo Lookout,-36.8834374,174.5383054,"Waitākere, Auckland 0781, New Zealand",tourist attraction,"establishment,point_of_interest,tourist_attraction",4.7,247,+64 9 301 0101,https://www.aucklandcouncil.govt.nz/parks-recreation/Pages/default.aspx
ChIJa09DdoRADW0ReOG3OWvnFDA,Roby Reserve,-36.8397187,174.6548771,"Te Atatū Peninsula, Auckland 0610, New Zealand",tourist attraction,"establishment,park,point_of_interest,tourist_attraction",5.0,3,+64 9 301 0101,http://www.aucklandcouncil.govt.nz/
ChIJ7YsB7II_DW0RM5qS3Kfo5Qs,Te Atatu Walkway,-36.8248048,174.6462836,"829 Te Atatu Road, Te Atatū Peninsula, Auckland 0610, New Zealand",tourist attraction,"establishment,park,point_of_interest,tourist_attraction",4.4,230,+64 9 355 3553,https://www.aucklandcouncil.govt.nz/parks-recreation/Pages/default.aspx
ChIJsSGU1_NADW0Rv16nJXojPbs,Rotary Reserve,-36.8609681,174.6551722,"Te Atatū South, Auckland 0610, New Zealand",park,"establishment,park,point_of_interest",3.7,10,,http://www.aucklandcouncil.govt.nz/
ChIJkXrR2YZADW0RYuf8iArajSE,Kaumatua Reserve,-36.8402458,174.6506916,"580 Te Atatu Road, Te Atatū Peninsula, Auckland 0610, New Zealand",park,"establishment,park,point_of_interest",3.8,5,,
ChIJK_ttgIFADW0R5e46bbkugqk,Durham Green,-36.8366388,174.6531106,"28 Durham Street, Te Atatū Peninsula, Auckland 0610, New Zealand",park,"establishment,park,point_of_interest",4.7,15,,
ChIJp2HUKic_DW0RjeJIOB7trfY,Te Onekiritea Park,-36.7955115,174.6730094,"0616 Hobsonville Road, Hobsonville, Auckland 0616, New Zealand",tourist attraction,"establishment,park,point_of_interest,tourist_attraction",4.5,197,+64 9 301 0101,http://aucklandcouncil.govt.nz/
ChIJBfsiZWBADW0RAMOcJGLvAA8,Jack Colvin Park,-36.8542716,174.6456236,"44 Titoki Street, Te Atatū Peninsula, Auckland 0610, New Zealand",park,"establishment,park,point_of_interest",4.1,92,+64 9 301 0101,https://www.aucklandcouncil.govt.nz/parks-recreation/Pages/park-details.aspx?Location=628
ChIJfVhzeAZBDW0R6llNwRIhDDU,Ramlea Park,-36.8426996,174.648777,"4941299, Te Atatū Peninsula, Auckland 0610, New Zealand",park,"establishment,park,point_of_interest",4.1,25,,https://www.aucklandcouncil.govt.nz/parks-recreation/Pages/default.aspx
ChIJDQyqmH5ADW0RYL2cJGLvAA8,Te Atatu Peninsula Park,-36.8384434,174.6463943,"39 Neil Avenue, Te Atatū Peninsula, Auckland 0610, New Zealand",park,"establishment,park,point_of_interest",4.4,239,+64 9 301 0101,https://www.aucklandcouncil.govt.nz/parks-recreation/Pages/park-details.aspx?Location=661
ChIJFS7yJZ8_DW0RgLecJGLvAA8,Luckens Reserve,-36.8156984,174.6423127,"Marina View Drive, West Harbour, Auckland 0618, New Zealand",tourist attraction,"establishment,park,point_of_interest,tourist_attraction",4.5,238,+64 9 301 0101,https://www.aucklandcouncil.govt.nz/
ChIJa5adltA_DW0RD1Tl6cCf8vo,Waimanu Bay Reserve,-36.8336269,174.6605379,"64-72 Spinnaker Drive, Te Atatū Peninsula, Auckland 0610, New Zealand",park,"establishment,park,point_of_interest",4.4,30,,https://www.aucklandcouncil.govt.nz/parks-recreation/Pages/default.aspx
ChIJ52_WHP1ADW0RMMycJGLvAA8,McLeod Park,-36.8748771,174.6564214,"200 McLeod Road, Te Atatū South, Auckland 0610, New Zealand",tourist attraction,"establishment,park,point_of_interest,tourist_attraction",4.3,447,+64 9 301 0101,https://www.aucklandcouncil.govt.nz/parks-recreation/Pages/park-details.aspx?Location=685
ChIJ91YO0TtBDW0RSzuZkeYvWK4,Jack Pringle Village Green,-36.84114599999999,174.6526254,"591 Te Atatu Road, Te Atatū Peninsula, Auckland 0610, New Zealand",park,"establishment,park,point_of_interest",4.5,11,,
ChIJn21cTHg_DW0R9WzsfPYvWA0,Whau West Walkway,-36.8250691,174.6503384,"Te Atatū Peninsula, Auckland 0610, New Zealand",park,"establishment,park,point_of_interest",4.3,19,+64 9 301 0101,https://www.aucklandcouncil.govt.nz/parks-recreation/Pages/default.aspx
ChIJH50ZDoBADW0RN4K1lat86yQ,Kervil Park,-36.8347762,174.6484029,"Te Atatū Peninsula, Auckland 0610, New Zealand",park,"establishment,park,point_of_interest",3.6,7,,
ChIJz9csWQBBDW0RE0oPgGE3CKs,Roto kāmera matikara,-36.8428198,174.6581153,"Te Atatū Peninsula, Auckland 0610, New Zealand",park,"establishment,park,point_of_interest",5.0,1,,
ChIJX5R-o2NADW0R3youE3JmMpQ,Gloria Park,-36.8475487,174.6441983,"48 Gloria Avenue, Te Atatū Peninsula, Auckland 0610, New Zealand",park,"establishment,park,point_of_interest",4.5,12,,http://www.aucklandcouncil.govt.nz/
ChIJwaT1wPI_DW0RL6jr6_-Igyk,Tawa Esplanade,-36.8333302,174.644968,"17 Matipo Road, Te Atatū Peninsula, Auckland 0610, New Zealand",park,"establishment,park,point_of_interest",,0,,
ChIJnf1pbT5uDW0Rb6KeihHlyhs,Te Waha Point Lookout,-36.9344368,174.4546331,"236 Anawhata Road, Waitākere, Anawhata 0772, New Zealand",tourist attraction,"establishment,point_of_interest,tourist_attraction",4.9,66,+64 9 301 0101,http://www.doc.govt.nz/
ChIJcbmuUgxBDW0RRIYVLZvu0ds,Lancaster Memorial,-36.8423015,174.6552158,"Te Atatū Peninsula, Auckland 0610, New Zealand",park,"establishment,park,point_of_interest",4.5,2,,https://nzhistory.govt.nz/media/photo/lancaster-memorial-te-atatu
ChIJVT4icKVBDW0Roewx1fMwSzk,Whau river bridge lookout,-36.860471,174.6590966,"Patiki Road, Auckland 0610, New Zealand",park,"establishment,park,point_of_interest",4.7,20,,
ChIJcQJtUHdADW0RsLycJGLvAA8,Taipari Strand,-36.838376,174.6373441,"53 Taipari Road, Te Atatū Peninsula, Auckland 0610, New Zealand",park,"establishment,park,point_of_interest",4.4,198,+64 9 301 0101,https://www.aucklandcouncil.govt.nz/parks-recreation/Pages/park-details.aspx?Location=643
ChIJxyZK2IhADW0Rq-B-xZhJ-5M,Landmark Drive,-36.8471641,174.6524359,"Landmark Drive, Te Atatū Peninsula, Auckland 0610, New Zealand",,route,,0,,
ChIJsZvgBV9ADW0Rc6Ry14PfVPM,Marlene Glade,-36.8583207,174.6458706,"Te Atatū South, Auckland 0610, New Zealand",park,"establishment,park,point_of_interest",4.6,16,+64 9 301 0101,http://www.aucklandcouncil.govt.nz/
ChIJuZMKvBBADW0R2EkHyWKS0bo,Sarajevo Reserve,-36.8475876,174.6174268,"Massey, Auckland 0614, New Zealand",park,"establishment,park,point_of_interest",3.8,17,,http://www.aucklandcouncil.govt.nz/
ChIJ4xGHyqtqDW0RSOWBkHxBJ_k,Triangle Park,-36.8360429,174.6032236,"Triangle Park 385 Don Buck Road, Massey, Auckland 0614, New Zealand",park,"establishment,park,point_of_interest",4.2,105,,http://www.aucklandcouncil.govt.nz/
ChIJW-NpEPw_DW0REQCSZaYlMLM,Royal Reserve,-36.8278535,174.6110405,"11 Carnelian Court, Massey, Auckland 0614, New Zealand",park,"establishment,park,point_of_interest",4.5,271,,
ChIJm-5wZwBADW0ROaK_MUdOK9Q,Cyclarama Reserve,-36.83345389999999,174.608443,"Massey, Auckland 0614, New Zealand",park,"establishment,park,point_of_interest",3.3,4,,https://www.aucklandcouncil.govt.nz/parks-recreation/Pages/default.aspx
ChIJXeXMeKpqDW0R06eJ8qxz6Es,McClintock Reserve,-36.8352092,174.605906,"Massey, Auckland 0614, New Zealand",park,"establishment,park,point_of_interest",3.9,10,,http://www.aucklandcouncil.govt.nz/
ChIJ-YrCQ3VADW0RFFDAfuyWkps,Tatyana Park,-36.8341667,174.6281023,"Massey, Auckland 0614, New Zealand",park,"establishment,park,point_of_interest",4.2,20,+64 9 301 0101,http://www.aucklandcouncil.govt.nz/
ChIJ1Rdjxj1BDW0Rhl5NfnnlgX4,Emerald Valley Park,-36.8389953,174.6065613,"Unnamed Road, Massey, Auckland 0614, New Zealand",park,"establishment,park,point_of_interest",4.2,11,,https://www.aucklandcouncil.govt.nz/parks-recreation/get-outdoors/aklpaths/Pages/path-detail.aspx?ItemId=346
ChIJtWCapQdADW0RXJ-n8wVrp8k,Kemp Park,-36.83418229999999,174.6146392,"Massey, Auckland 0614, New Zealand",park,"establishment,park,point_of_interest",3.9,27,,http://www.aucklandcouncil.govt.nz/
ChIJYeQERBNBDW0RRMdufysvZ18,Raelene Reserve,-36.8400788,174.6088652,"4743093, Massey, Massey, Auckland 0614, New Zealand",park,"establishment,park,point_of_interest",2.8,9,+64 9 301 0101,https://www.aucklandcouncil.govt.nz/parks-recreation/Pages/default.aspx
ChIJ4br7PIw_DW0RIkslHr79x8c,Moire Park,-36.8262683,174.6314257,"Moire Park 23 Granville Drive, Massey, Auckland 0614, New Zealand",park,"establishment,park,point_of_interest",4.4,191,,
ChIJc6vrXwxADW0R8_R0iYoJ2HQ,Lowtherhurst Reserve,-36.8403921,174.6244031,"Massey, Auckland 0614, New Zealand",park,"establishment,park,point_of_interest",3.9,40,,http://www.aucklandcouncil.govt.nz/
ChIJ9fcZJ5g_DW0RZdfOlsawqxA,Trees For Babies,-36.8247661,174.6249809,"5082797/91 Moire Road, Massey, Auckland 0614, New Zealand",park,"establishment,park,point_of_interest",4.2,17,+64 27 501 8548,
ChIJu50QIhJADW0R5Xv3c4TCHnM,Keegan Park,-36.8450011,174.6222394,"75 Keegan Drive, Massey, Auckland 0614, New Zealand",park,"establishment,park,point_of_interest",4.0,8,,
ChIJHQJvltZrDW0RRLE1jxarN8E,Gallony Park,-36.84007220000001,174.604383,"5147120, Massey, Massey, Auckland 0614, New Zealand",park,"establishment,park,point_of_interest",4.6,7,,https://www.aucklandcouncil.govt.nz/parks-recreation/Pages/default.aspx
ChIJMbVEaQA_DW0RIl3MRCjkh7k,Fairyz Point,-36.79451,174.6713888,"Bomb Point Drive, Hobsonville, Auckland 0616, New Zealand",tourist attraction,"establishment,point_of_interest,tourist_attraction",5.0,11,,
ChIJia9xFYg_DW0RpVq9xg5b7Jc,Spargo Reserve,-36.8321805,174.6361938,"25 Spargo Road, Massey, Auckland 0614, New Zealand",park,"establishment,park,point_of_interest",3.7,43,+64 9 301 0101,https://www.aucklandcouncil.govt.nz/parks-recreation/Pages/default.aspx
ChIJs3vzwwRADW0R7IuG2vS3riI,Horoeka/Lincoln Park,-36.8423767,174.6127982,"3 Sunpark Place, Massey, Auckland 0614, New Zealand",park,"establishment,park,point_of_interest",4.5,2,,https://www.aucklandcouncil.govt.nz/parks-recreation/Pages/park-details.aspx?Location=641#about
ChIJHUMy2QVADW0Rn9a0SgPbBjY,Cartmel Park,-36.8379531,174.6147152,"115 Triangle Road, Massey, Auckland 0614, New Zealand",park,"establishment,park,point_of_interest",3.5,2,,
ChIJsQS1eRlADW0R25mSobVw930,Zita Maria Park,-36.8497772,174.6143666,"40 Zita Maria Drive, Massey, Auckland 0614, New Zealand",park,"establishment,park,point_of_interest",3.8,66,,http://www.aucklandcouncil.govt.nz/
ChIJdY2ENhBBDW0RaWHQgfA7fAI,Reynella Reserve,-36.8427264,174.6086692,"4863057, Massey, 81 Reynella Drive, Massey, Auckland 0614, New Zealand",park,"establishment,park,point_of_interest",4.0,9,,https://www.aucklandcouncil.govt.nz/parks-recreation/Pages/default.aspx
ChIJIRt_xvo_DW0R_lDPZwD2IXY,Westgate pedestrian link,-36.822517,174.6148872,"22 Westgate Drive, Westgate, Auckland 0614, New Zealand",park,"establishment,park,point_of_interest",4.4,14,,
ChIJe0d_WVVrDW0RpH3hhtAyJ0Y,Massey Birdwood Settlers Association Inc,-36.8370845,174.600869,"cnr Don Buck and, 2 Red Hills Road, Massey, Auckland 0614, New Zealand",,"establishment,point_of_interest",4.8,4,+64 9 833 6972,http://masseybirdwoodsettlers.org/
ChIJy5v4S4w_DW0RKxqf2JN7u2o,Rifle Range (heritage site),-36.795566,174.6698971,"67 Bomb Point Drive, Hobsonville, Auckland 0616, New Zealand",,"establishment,point_of_interest",4.9,8,,http://hlc.co.nz/
ChIJvxy5b7s5DW0R41VoCw4Gjag,Smales Quarry site,-36.7849852,174.7572839,"2C Northcote Road, Takapuna, Auckland 0622, New Zealand",,"establishment,point_of_interest",5.0,3,,
ChIJ4xKwEAA7DW0RAkeycu6-nXw,Scenic U-Turn,-36.7245122,174.6962468,"3/12 Oteha Valley Road Extension, Albany, Auckland 0632, New Zealand",,"establishment,point_of_interest",5.0,2,,
ChIJDzSfAvBBDW0RoMYE_1Ri8wo,Mazebank Tower,-36.85624019999999,174.61539,"60 Woodside Road, Massey, Auckland 0614, New Zealand",,"establishment,point_of_interest",1.0,1,,
ChIJP1C3OgA7DW0RnkuKdKzzLKM,Mackle Hill,-36.73456,174.722087,"7P8C+5R, Pinehill, Auckland 0632, New Zealand",,"establishment,point_of_interest",,0,,
ChIJx-ugMBE9DW0RreAaimdRCfQ,Lucas Creek (wai o kahukura),-36.7336298,174.6875366,"Albany, Auckland 0632, New Zealand",,"establishment,point_of_interest",5.0,1,,
ChIJJ3P5u5xADW0RFeb9LBGKHsY,Amazing Seaside House,-36.8388035,174.6594471,"8 Parani Court, Te Atatū Peninsula, Auckland 0610, New Zealand",,"establishment,lodging,point_of_interest",3.9,17,+64 21 281 3881,https://rashikarecommends.com/the-world-39-s-last-pure-land-new-zealand
ChIJkZC4EJI_DW0RYcUGmCFaB4M,Pahi Park,-36.8214905,174.6314825,"West Harbour, Auckland 0618, New Zealand",park,"establishment,park,point_of_interest",4.4,8,+64 9 301 0101,http://www.aucklandcouncil.govt.nz/
ChIJH59Eafs_DW0RO6ORSFF20IA,Westgate Walking Trails,-36.8231863,174.6122149,"19 Lazurite Drive, Westgate, Auckland 0614, New Zealand",park,"establishment,park,point_of_interest",5.0,2,,
ChIJrb-jY4RHDW0RbNIqP9rEQq4,Social Nature Movement,-36.823409,174.609369,"8/6 Westgate Drive, Massey, Auckland 0610, New Zealand",,"establishment,point_of_interest,travel_agency",5.0,387,+64 800 766 266,https://socialnaturemovement.nz/
ChIJbbgj2uM_DW0RGd-aEw7I8oA,Te Hauauru Park,-36.816438,174.6094118,"Maki Street, Whenuapai, Auckland 0814, New Zealand",park,"establishment,park,point_of_interest",4.3,63,,https://isthmus.co.nz/project/te-hauauru-reserve/
ChIJs3jlnPs_DW0RYudJTitvz80,Observation Green Park,-36.80338,174.6662728,"Observation Green, Hobsonville, Auckland 0616, New Zealand",park,"establishment,park,point_of_interest",4.5,15,,https://akhaveyoursay.aucklandcouncil.govt.nz/observation-green
ChIJa8BR54A_DW0RLOWp-X7KDHI,Hobsonville Point Coastal Walkway,-36.7900646,174.6727963,"Boundary Road, Hobsonville, Auckland 0616, New Zealand",,"establishment,point_of_interest",4.6,172,,https://hobsonvillepoint.co.nz/visit/the-coastal-walkway/
ChIJkxWFa6c_DW0RPQ1d646RO7o,Whakahuia Park,-36.790638,174.6711805,"1 Boundary Road, Hobsonville, Auckland 0616, New Zealand",park,"establishment,park,point_of_interest",5.0,2,,
ChIJzdgqJII_DW0RhrxkMP5b1GA,Picnic Area,-36.806399,174.6669943,"Picnic Point Road, Hobsonville, Auckland 0616, New Zealand",park,"establishment,park,point_of_interest",4.6,5,,
ChIJK3lpmeI-DW0Rln69BD3_Q4U,Hobsonville Point Park,-36.7915198,174.6599885,"1 Buckley Avenue, Hobsonville, Auckland 0616, New Zealand",park,"establishment,park,point_of_interest",4.5,367,,http://aucklandcouncil.govt.nz/
ChIJd45vP3k_DW0R5ztnqeH2O40,Western Park,-36.7975202,174.6548188,"Hobsonville, Auckland 0616, New Zealand",park,"establishment,park,point_of_interest",4.1,7,,
ChIJUQHpuOY_DW0R47gxC29gDsk,Hobsonville Point Water Park,-36.7937654,174.667146,"7 Rangihina Road, Hobsonville, Auckland 0616, New Zealand",park,"establishment,park,point_of_interest",4.4,74,,
ChIJLfaxEgY_DW0R5dUOE2dJQ0Y,Limeburners Bay Reserve,-36.80119,174.6525776,"11 Brickworks Bay Road, Hobsonville, Auckland 0618, New Zealand",park,"establishment,park,point_of_interest",4.4,21,+64 9 301 0101,http://aucklandcouncil.govt.nz/
ChIJn6win6g_DW0RBtsZT-3jPQM,Starlight Park,-36.8012418,174.6441112,"29 Starlight Cove, Hobsonville, Auckland 0618, New Zealand",park,"establishment,park,point_of_interest",3.5,2,,
ChIJmaI5tXc_DW0RZtcvGiNE0TE,The Oval park,-36.7883046,174.6698108,"3 Marlborough Crescent, Hobsonville, Auckland 0616, New Zealand",park,"establishment,park,point_of_interest",4.5,6,,
ChIJMWaYq7k-DW0RkKicJGLvAA8,Wainoni Park,-36.7683061,174.6769977,"Churchouse Road, Greenhithe, Auckland 0632, New Zealand",tourist attraction,"establishment,park,point_of_interest,tourist_attraction",4.4,415,+64 9 301 0101,http://www.aucklanddesignmanual.co.nz/project-type/parks/hub/sport-and-active-recreation/case-studies/wainoni-park
ChIJF8P6ma0_DW0Rei7R1ZYI_3Q,Headquarters Park & Playground,-36.7878911,174.6666822,"Hudson Bay Rd near, Buckley Avenue, Hobsonville, Auckland 0616, New Zealand",park,"establishment,park,point_of_interest",4.3,4,,
ChIJT9Nm5gk_DW0Rkvzh--XuyAE,Scott Point Beach,-36.8041193,174.6706539,"Scott Road, Hobsonville, Auckland 0616, New Zealand",park,"establishment,park,point_of_interest",4.3,88,,
ChIJUUHLyQA_DW0RAy8320j8JEU,Hobsonville War Memorial Park,-36.7960746,174.6495472,"1 Memorial Park Lane, Hobsonville, Auckland 0618, New Zealand",park,"establishment,park,point_of_interest",4.3,46,,https://hobsonvillepoint.co.nz/visit/parks-playtime/
ChIJowqB858_DW0R7X9xaeRy3CI,Hobsonville Point Beach,-36.7936979,174.6725851,"Hobsonville Point (Bomb Point) Dog Park Boundary Road, Hobsonville, Auckland 0616, New Zealand",park,"establishment,park,point_of_interest",4.7,6,,
ChIJCSIcDAA_DW0RoenlDu06rzU,Te Onekiritea Point,-36.7957164,174.6713318,"Hobsonville, Auckland 0616, New Zealand",park,"establishment,park,point_of_interest",,0,,
ChIJAQCwJO4-DW0Rk7_lv47BkTE,Christmas Beach,-36.7770813,174.659059,"The Terrace, Herald Island, Auckland 0618, New Zealand",tourist attraction,"establishment,park,point_of_interest,tourist_attraction",4.4,227,+64 9 301 0101,http://www.aucklandcity.govt.nz/whatson/places/parksonline/detail2.asp?pParkId=10514
ChIJw6M3o-I-DW0RcmrQ3e76qdc,Catalina Community Garden,-36.7909472,174.6592879,"Hobsonville, Auckland 0616, New Zealand",park,"establishment,park,point_of_interest",4.6,5,+64 27 300 3143,https://www.hprs.co.nz/
ChIJ72yoiwc_DW0RddAEmCLFELg,Bannings Way Reserve,-36.8001159,174.6479941,"22 Wiseley Road, Hobsonville, Auckland 0618, New Zealand",park,"establishment,park,point_of_interest",,0,,
ChIJt6ZLhhY_DW0RVFySdQGouQ8,Kotuku Park,-36.7948955,174.6601439,"6 Kotuku Lane, Hobsonville, Auckland 0616, New Zealand",park,"establishment,park,point_of_interest",4.8,13,,
ChIJIbejP-s_DW0RnENtgLJUp9g,Kittyhawk Park,-36.7937354,174.6574027,"12 Kittyhawk Way, Hobsonville, Auckland 0616, New Zealand",park,"establishment,park,point_of_interest",4.0,1,,
ChIJZXFMJyM_DW0Rz4BXF2tM2ug,Te Kori Scott Point (Scott Point Sustainable Park),-36.7991944,174.6589759,"Hobsonville, Auckland 0616, New Zealand",park,"establishment,park,point_of_interest",5.0,1,,https://www.aucklandcouncil.govt.nz/plans-projects-policies-reports-bylaws/our-projects/projects-north-auckland/Pages/scott-point-sustainable-sports-park.aspx
ChIJW4faT7E_DW0RZx6YoVOuGS8,Onekiritea Thicket,-36.7929284,174.6692911,"Boundary Road, Hobsonville, Auckland 0616, New Zealand",park,"establishment,park,point_of_interest",,0,,
ChIJ_QQgkc8_DW0RmZP_mcmpOZA,Hobsonville Point (Bomb Point) Dog Park,-36.79415669999999,174.6739448,"Boundary Road, Hobsonville, Auckland 0616, New Zealand",park,"establishment,park,point_of_interest",4.2,97,,https://m.facebook.com/groups/1598650756875946
ChIJA1A9NwA5DW0RUpHtHP2TBns,Sunrise lookout,-36.7654942,174.719226,"Totara Vale, Auckland 0629, New Zealand",tourist attraction,"establishment,point_of_interest,tourist_attraction",,0,,
ChIJ8eglSc05DW0RaLukn7OAVqY,Takapuna Beach,-36.7879088,174.7756097,"The Strand, Takapuna, Auckland 0622, New Zealand",tourist attraction,"establishment,point_of_interest,tourist_attraction",4.7,438,+64 9 301 0101,https://www.aucklandcouncil.govt.nz/parks-recreation/Pages/park-details.aspx?Location=450
ChIJX64luz0_DW0RAEQo02D_E74,Meadow Clearing,-36.7927207,174.6700756,"29 Spotted Dove Road, Hobsonville, Auckland 0616, New Zealand",park,"establishment,park,point_of_interest",,0,,
ChIJh5KqMZ4_DW0RjoW5U_KcQKY,Old Wharf Lookout,-36.7864905,174.6683747,"Hobsonville, Auckland 0616, New Zealand",,"establishment,point_of_interest",4.8,42,,http://www.hobsonvillepoint.co.nz/
ChIJezWPTt0_DW0RKhj9NwTyRZE,Catalina Bay,-36.7891618,174.6721286,"Boundary Road, Hobsonville, Auckland 0616, New Zealand",shopping mall,"establishment,point_of_interest,shopping_mall",4.4,16,+64 9 301 0101,http://catalinabay.co.nz/
ChIJbxeWl-Q_DW0Rzh3T841ByiI,Little Creatures Brewing,-36.7892908,174.6721147,"2 Boundary Road, Hobsonville, Auckland 0616, New Zealand",,"establishment,food,point_of_interest",4.3,984,+64 9 416 4416,https://littlecreatures.co.nz/
ChIJV1u7t-c_DW0RVfSz39Ut-qY,East Sunderland Bridge,-36.7874907,174.6631346,"Airmens Lane, Hobsonville, Auckland 0616, New Zealand",,"establishment,point_of_interest",5.0,1,,https://hobsonvillepoint.co.nz/
ChIJCSEc0v4_DW0Rw9126NYjdUw,Hobsonville Larder,-36.7977117,174.6490672,"124 Hobsonville Road, Hobsonville, Auckland 0618, New Zealand",restaurant,"cafe,establishment,food,point_of_interest",4.5,439,+64 9 218 8536,https://hobsonvillelarder.co.nz/
ChIJ6WGo_wQ_DW0RZoUcHziGrLQ,Hobsonville Church and Settlers Cemetery,-36.8000943,174.655257,"1 Scott Road, Hobsonville, Auckland 0616, New Zealand",,"church,establishment,place_of_worship,point_of_interest",4.4,12,+64 21 688 164,http://hobsonvillechurch.co.nz/
ChIJazgKaeA_DW0R6NtRbjTldRo,West Bridge,-36.7890333,174.6607998,"Hobsonville, Auckland 0616, New Zealand",,"establishment,point_of_interest",5.0,2,,
ChIJ-6GWLwA_DW0R5hrAp9u-zlE,Herald Island Wharf,-36.7764561,174.6621363,"Pahiki Reserve Twin Wharf Road, Herald Island, Auckland 0618, New Zealand",,"establishment,point_of_interest",4.5,15,,
ChIJXT-xK1M_DW0RbGfAgFZigRU,Keith Park Retirement Village,-36.8009576,174.6563693,"3 Scott Road, Hobsonville, Auckland 0616, New Zealand",,"establishment,health,point_of_interest",4.8,5,+64 9 416 0751,https://www.rymanhealthcare.co.nz/retirement-villages/auckland/keith-park?utm_campaign=rynz_google_business_all_villages&utm_source=google_business&utm_medium=kpa_google_business_generic_url
ChIJm3DZB6U_DW0R27z_dPg5r-k,Siamese Doll,-36.7889406,174.6712691,"3 Boundary Road, Hobsonville, Auckland 0616, New Zealand",restaurant,"establishment,food,point_of_interest,restaurant",4.5,835,+64 9 416 0333,http://www.siamesedoll.co.nz/
ChIJlaVs4DA5DW0RlgwWwOmq8pA,Manuka Reserve Lookout,-36.7784022,174.6977455,"Manuka Road, Greenhithe, Auckland 0626, New Zealand",,"establishment,landmark,point_of_interest",4.6,152,+64 9 301 0101,http://www.aucklandcouncil.govt.nz/
ChIJh56_AR0_DW0RjmD_78w3mpk,Fabric Cafe Bistro,-36.7883875,174.671535,"8 Boundary Road, Hobsonville, Auckland 0616, New Zealand",restaurant,"cafe,establishment,food,point_of_interest,restaurant",4.1,1549,+64 9 416 8013,https://www.fabriccafebistro.co.nz/
ChIJNUiTq0s_DW0RddzhuJ0H0LU,Sunderland park,-36.7880189,174.6680903,"Hobsonville, Auckland 0616, New Zealand",,"establishment,point_of_interest",,0,,
ChIJP5z29ao_DW0RocOsKBoXczw,Hobsonville Point Apartment Showhome - Fletcher Living,-36.7976144,174.6508975,"7 Te Rito Road, Hobsonville, Auckland 0616, New Zealand",,"establishment,point_of_interest",1.0,1,+64 27 251 9047,https://www.fletcherliving.co.nz/find-your-home/auckland/west-auckland/hobsonville-point/hpsalessuite/
ChIJkV-14Fc_DW0RMPnOb6dKoKA,Clark's House,-36.7989428,174.6515864,"25/59 Clark Road, Hobsonville, Auckland 0616, New Zealand",,"establishment,point_of_interest",4.0,1,,
ChIJE2LjGykXDW0RohSsU-b4-HA,Bridge to terabithia,-36.72170759999999,174.5563445,"327 Ararimu Valley Road, Helensville 0882, New Zealand",,"establishment,point_of_interest",4.8,49,,https://www.imdb.com/title/tt0398808/
ChIJ2212MgA5DW0RVtotbnj6-48,The seed a symbol of hope,-36.78184480000001,174.7564205,"North Shore Hospital Drive, Takapuna, Auckland 0622, New Zealand",,"establishment,point_of_interest",5.0,2,,
ChIJyQ3mPwA_DW0RqlySXoe_Qi0,Jimmy's Point Apartments,-36.7875617,174.6698146,"12 Marlborough Crescent, Hobsonville, Auckland 0616, New Zealand",,"establishment,point_of_interest",,0,,
ChIJW8IwaQQ_DW0RqZcAChMjtl8,10 Nugget Ave,-36.7967014,174.6536969,"10 Nugget Avenue, Hobsonville, Auckland 0616, New Zealand",,"establishment,point_of_interest",3.0,2,,
ChIJlY0tr_c_DW0RNoYe7CiTuX4,Launch Bay lookout,-36.7871277,174.6697664,"Hobsonville, Auckland 0616, New Zealand",,"establishment,point_of_interest",4.8,5,,
ChIJc7Xb9l8_DW0RKjn1M9Rup10,La Vie Yacht Charter,-36.8104687,174.6450811,"Hobsonville Marina, Hobsonville, Auckland 0842, New Zealand",,"establishment,point_of_interest,travel_agency",,0,+64 21 744 332,
ChIJSY3EO6I_DW0ReaDruEJfFSY,Clearwater Cove Reserve,-36.8103794,174.6417484,"West Harbour, Auckland 0618, New Zealand",park,"establishment,park,point_of_interest",4.4,9,,
ChIJ52rgzd5r1mERAWCvw07rIxU,Barefoot Tours,-36.7754027,174.6416689,"24 Pohutukawa Road, Whenuapai, Auckland 0618, New Zealand",,"establishment,point_of_interest",5.0,18,+64 21 165 6414,http://www.barefoottours.co.nz/
ChIJz1ErIYk7DW0R_ffhJ5Kygg0,Gills Scenic Reserve,-36.719837,174.6943236,"270 Dairy Flat Highway, Albany, Auckland 0632, New Zealand",park,"establishment,park,point_of_interest",4.3,19,,http://greataucklandwalks.com/albany-trig-track
ChIJH0rk2Is7DW0Ryu-8tKbZGWw,Lucas Creek Waterfall,-36.7224368,174.6934613,"Albany Heights, Auckland 0632, New Zealand",tourist attraction,"establishment,point_of_interest,tourist_attraction",4.1,235,,http://waterfalls.co.nz/waterfalls-by-region/80-new-zealand-waterfalls/north-island/auckland/305-lucas-creek-waterfall
ChIJ_Wm_vYs7DW0REKOcJGLvAA8,Kell Park,-36.7250067,174.69348,"Albany, Auckland 0632, New Zealand",tourist attraction,"establishment,park,point_of_interest,tourist_attraction",4.5,367,,
ChIJFQGBUAA7DW0Rl6tNKPHdlv8,Juicyfest,-36.7269389,174.697984,"Albany, Auckland 0632, New Zealand",tourist attraction,"establishment,point_of_interest,tourist_attraction",,0,,
ChIJa13ZZQA7DW0RDYBLC5CPbxk,"Albany Village Community Anchor sculpture, by Margot Symes",-36.7248992,174.6943817,"1/4 Kell Drive, Albany, Auckland 0632, New Zealand",tourist attraction,"establishment,point_of_interest,tourist_attraction",,0,,
ChIJV-UcOQA7DW0RFg6IF_JG36E,Bronze Sculpture by Joannne Sullivan,-36.7254041,174.694903,"Unit 15/231 Dairy Flat Highway, Albany, Auckland 0632, New Zealand",tourist attraction,"establishment,point_of_interest,tourist_attraction",,0,,
ChIJ7_5Gd787DW0RarFkFQ1gO_Q,Public Reserve,-36.7286758,174.7136778,"Corinthian Drive, Albany, Auckland 0632, New Zealand",park,"establishment,park,point_of_interest",4.5,2,,
ChIJYy2ugro7DW0RK6pzsPg7YQI,The Rolling Meadow,-36.7218797,174.6935109,"270 Dairy Flat Highway, Albany, Auckland 0632, New Zealand",park,"establishment,park,point_of_interest",,0,,
ChIJSwXNovA7DW0R0-BV5HIqrzc,Brookfield Park,-36.7387392,174.6961693,"Obelin Close, Albany, Auckland 0632, New Zealand",park,"establishment,park,point_of_interest",4.4,13,,
ChIJEZ5s9gk8DW0Roh-XyWPNomw,Wharf Reserve,-36.73421030000001,174.6889327,"Wharf Road, Albany, Auckland 0632, New Zealand",park,"establishment,park,point_of_interest",3.4,5,,
ChIJtSqbK5E7DW0R2oFcy_Cj3AY,Hooton Reserve (Albany Skate Park),-36.7212327,174.7054651,"14 Mills Lane, Albany, Auckland 0632, New Zealand",park,"establishment,park,point_of_interest",4.2,264,+64 9 301 0101,http://www.aucklandcouncil.govt.nz/
ChIJvWdtM6c7DW0R5V6EcPUkskA,Kanuka Reserve,-36.7378565,174.7090082,"17 Bushlands Park Drive, Albany, Auckland 0632, New Zealand",park,"establishment,park,point_of_interest",4.5,36,+64 9 301 0101,https://www.aucklandcouncil.govt.nz/parks-recreation/Pages/park-details.aspx?Location=2530
ChIJl0nmzIo7DW0RXbkmGFP5sio,Park,-36.7287605,174.693309,"5 Wharepapa Place, Albany, Auckland 0632, New Zealand",park,"establishment,park,point_of_interest",4.9,7,,
ChIJ71H_wTY7DW0RIpmeZVA2t9Y,Game Over Auckland,-36.7439243,174.7224405,"35 Arrenway Drive, Albany, Auckland 0632, New Zealand",tourist attraction,"amusement_park,establishment,point_of_interest,tourist_attraction",4.4,1196,+64 508 426 368,https://www.gameoverauckland.co.nz/?utm_source=google&utm_medium=gmb
ChIJ-1xcOwA7DW0RbE_4woT8gl8,Albany Marathon,-36.7269565,174.708765,"North Shore, Albany, Auckland 0632, New Zealand",park,"establishment,park,point_of_interest",5.0,1,,
ChIJNwYoifk7DW0R0YBOrwslN4w,Brookfield Stream Reserve,-36.7411925,174.6947404,"11 Princeton Parade, Albany, Auckland 0632, New Zealand",park,"establishment,park,point_of_interest",4.0,1,,
ChIJn_asRAg8DW0RvqvuHfO4UMw,Recreation Reserve,-36.7371838,174.6877362,"10 Roanoke Way, Albany, Auckland 0632, New Zealand",park,"establishment,park,point_of_interest",4.3,3,,
ChIJMxl4cZU7DW0RH7pl4hRByPo,Albany Lakes Civic Park,-36.7267526,174.7088562,"Albany, Auckland 0632, New Zealand",park,"establishment,park,point_of_interest",4.5,61,,
ChIJ5_wwMfU7DW0R6QgMyER1wkA,The Landing Reserve,-36.7281922,174.6933435,"Albany, Auckland 0632, New Zealand",park,"establishment,park,point_of_interest",4.1,13,,
ChIJ7avinF46DW0RhMxPjOXP4yI,Browns Bay Beach Reserve,-36.714617,174.7496477,"Manly Esplanade, Browns Bay, Auckland 0630, New Zealand",tourist attraction,"establishment,park,point_of_interest,tourist_attraction",4.6,3673,+64 9 301 0101,https://www.aucklandcouncil.govt.nz/parks-recreation/Pages/park-details.aspx?Location=492
ChIJ0yvnZwA7DW0R-4ARdDPFEXc,Houhere Reserve,-36.7368028,174.7118859,"Albany, Auckland 0632, New Zealand",park,"establishment,park,point_of_interest",,0,,
ChIJg95Oz6hHDW0RVZHQZvv9YW0,WormsNZ,-36.7407419,174.7037414,"92 Bush Road, Albany, Auckland 0632, New Zealand",park,"establishment,park,point_of_interest",,0,+64 27 517 9826,https://www.trademe.co.nz/a/search?member_listing=7807829
ChIJtyc7sm49DW0R-u8YEtYFskE,Vinewood Drive Albany,-36.7385716,174.685934,"34 Vinewood Drive, Albany, Auckland 0632, New Zealand",park,"establishment,park,point_of_interest",,0,,
ChIJUwvll5Y7DW0RQaxbxeHa6aM,Go Local Kiwi,-36.728163,174.7297386,"1/670 East Coast Road, Pinehill, Auckland 0630, New Zealand",tourist attraction,"establishment,point_of_interest,tourist_attraction",,0,+64 21 438 222,
ChIJA7iIKQA7DW0R60KSQiW3BBY,Lucas Creek River,-36.7257424,174.6930255,"9B The Avenue, Albany, Auckland 0632, New Zealand",park,"establishment,park,point_of_interest",4.0,1,,
ChIJ-UQePvA7DW0R5HUgxXi4MVE,Northwood Reserve,-36.7380347,174.6993874,"42 Northwood Avenue, Albany, Auckland 0632, New Zealand",park,"establishment,park,point_of_interest",4.7,35,,
ChIJt9cLT9o7DW0RYmQiVK_fCRQ,Albany Village Path,-36.7251154,174.6938607,"North Shore, Albany, Auckland 0632, New Zealand",park,"establishment,park,point_of_interest",,0,,
ChIJC4aafVE6DW0RMrWYLPUIy3A,Sherwood Reserve,-36.71740250000001,174.736477,"145 Glencoe Road, Browns Bay, Auckland 0630, New Zealand",tourist attraction,"establishment,park,point_of_interest,tourist_attraction",4.6,380,+64 9 301 0101,https://www.aucklandcouncil.govt.nz/parks-recreation/Pages/park-details.aspx?Location=2392
ChIJu6ZUXqU9DW0R93WzT6LjvK0,Mincher Garden - Open By Appointment Only.,-36.7165809,174.6357753,"338 Coatesville Riverhead Highway, Coatesville 0793, New Zealand",tourist attraction,"establishment,point_of_interest,tourist_attraction",4.7,27,+64 21 853 518,https://www.facebook.com/MincherGarden/
ChIJkzLby487DW0RCZpmK0cAduY,Albany Domain,-36.7288944,174.6990601,"575 Albany Highway, Albany, Auckland 0632, New Zealand",park,"establishment,park,point_of_interest",4.3,42,,
ChIJEaSYahU6DW0RPyelWUF4DXM,Murrays Bay Beach,-36.7328052,174.7535809,"513A Beach Road, Murrays Bay, Auckland 0630, New Zealand",tourist attraction,"establishment,park,point_of_interest,tourist_attraction",4.6,877,+64 9 301 0101,https://www.aucklandcouncil.govt.nz/parks-recreation/Pages/park-details.aspx?Location=697
ChIJZRYZOgA7DW0RuKLhxxLqHYY,Rock Isle Beach,-36.7016738,174.7542585,"59 Rock Isle Road, Torbay, Auckland 0630, New Zealand",tourist attraction,"establishment,point_of_interest,tourist_attraction",5.0,1,,
ChIJ9-Lx8Rc7DW0RCymCuwZtweM,Albany Village,-36.72466319999999,174.6953892,"234-226 Dairy Flat Highway, Albany, Auckland 0632, New Zealand",shopping mall,"establishment,point_of_interest,shopping_mall",4.3,48,,
ChIJ3_AHa5E3DW0RGabJSUMUj2A,Alison Clock,-36.8324704,174.7966842,"2 Marine Square, Devonport, Auckland 0744, New Zealand",,"establishment,point_of_interest",5.0,3,,
ChIJ8WR7fAA5DW0RPzeoEkjUcMg,The birds of the four winds,-36.7972475,174.7482037,"10 Awataha Drive, Northcote, Auckland 0627, New Zealand",,"establishment,point_of_interest",5.0,1,,
ChIJDS4GwfE7DW0R707IeSROkMc,Fernhill Escarpment,-36.7361945,174.6995507,"Albany, Auckland 0632, New Zealand",park,"establishment,park,point_of_interest",4.6,22,,
ChIJ0UH6IAw7DW0RfxHw-Jx5mJ8,Dan Jones Bluff,-36.7188984,174.7511527,"41 Beechwood Road, Browns Bay, Auckland 0630, New Zealand",,"establishment,point_of_interest",5.0,2,,
ChIJJZsWI_w5DW0Rb8SIjpcRvF0,Rahopara Historic Pa Site,-36.7594604,174.7696498,"3/5 The Esplanade, Castor Bay, Auckland 0620, New Zealand",,"establishment,point_of_interest",4.8,4,,
ChIJU8cjUwA3DW0R7KiOw5kCPSc,Watson Memorial,-36.8299669,174.8039251,"10/29 King Edward Parade, Devonport, Auckland 0624, New Zealand",,"establishment,point_of_interest",,0,,
ChIJnXKvcwA3DW0RicXX_WjSO7Q,King Edward Parade Archway,-36.8300894,174.8037244,"King Edward Parade, Devonport, Auckland 0624, New Zealand",,"establishment,point_of_interest",,0,,
ChIJsYbQt4A5DW0RezzeH41NOww,The Gus Homestead,-36.8140727,174.7715782,"North Shore, Bayswater, Auckland 0622, New Zealand",,"establishment,point_of_interest",5.0,1,,
ChIJDRTsY5E7DW0RYIideME3c7g,Lone Star Albany,-36.7229037,174.704434,"1/270 Oteha Valley Road, Albany, Auckland 0632, New Zealand",restaurant,"establishment,food,point_of_interest,restaurant",4.0,1561,+64 9 414 4569,https://www.lonestar.co.nz/restaurants/albany/
ChIJ636tHwA5DW0R8AXgvVmqLgM,Camp Hillcrest,-36.7917742,174.7411749,"53 Hillcrest Avenue, Hillcrest, Auckland 0627, New Zealand",,"establishment,point_of_interest",5.0,1,,
ChIJkzn_O_03DW0R4aLHxonUdTg,Devonport War Memorial,-36.8315655,174.7973298,"Devonport, Auckland 0624, New Zealand",,"establishment,point_of_interest",4.5,4,,
ChIJK9lxjq05DW0RujqCoAlvSNI,Hillcrest Reserve,-36.791363,174.7415951,"51 Hillcrest Avenue, Hillcrest, Auckland 0627, New Zealand",park,"establishment,park,point_of_interest",5.0,2,,
ChIJkbuJpV04DW0RKoyp9wyBV28,Little Shoal Bay Reserve,-36.8156866,174.7414353,"Council Terrace, Birkenhead, Auckland 0627, New Zealand",park,"establishment,park,point_of_interest",4.5,221,+64 9 301 0101,https://www.aucklandcouncil.govt.nz/parks-recreation/Pages/park-details.aspx?Location=505
ChIJwcniTwA3DW0RdD_nKj7YSY0,Memorial for Service Animals,-36.8289259,174.8090069,"64 King Edward Parade, Devonport, Auckland 0624, New Zealand",,"establishment,point_of_interest",5.0,1,,
ChIJvxQPGJ07DW0RaQnoN-YlIR0,Historical Fortifications - Cliffside Bunker,-36.6792478,174.7471469,"Long Bay, Auckland 0630, New Zealand",,"establishment,point_of_interest",1.0,1,,
ChIJ90RxbrA7DW0RqVF_CwAX5zc,NewTourZealand,-36.7207481,174.7218657,"26 Ponderosa Drive, Oteha, Auckland 0632, New Zealand",park,"establishment,park,point_of_interest,travel_agency",,0,,
ChIJ2_d0UIk7DW0Rzm8jQ4OqHgk,Gills Reserve,-36.7223931,174.6951404,"Albany Heights, Auckland 0632, New Zealand",park,"establishment,park,point_of_interest",4.5,10,,
ChIJuyRQTAA7DW0Rb4i1zDLEKTE,Browns Bay,-36.7167859,174.7429872,"Browns Bay, Auckland 0630, New Zealand",tourist attraction,"establishment,point_of_interest,tourist_attraction",,0,,
ChIJJYFtOgA7DW0RPlSQx-7I1Rs,Coastal walk,-36.7240162,174.7528233,"135 Churchill Road, Rothesay Bay, Auckland 0630, New Zealand",tourist attraction,"establishment,point_of_interest,tourist_attraction",,0,,
ChIJjfC2evc7DW0R58idyLXFnx8,Oceania Helicopters Ltd,-36.7387136,174.693101,"Harvard Place, Albany, Auckland 0632, New Zealand",,"establishment,point_of_interest,travel_agency",,0,+64 9 296 2644,
ChIJjymmtl07DW0RO3oJXN0nApw,Saunders Reserve,-36.7509751,174.7324442,"Rosedale, Auckland 0632, New Zealand",park,"establishment,park,point_of_interest",,0,,https://www.aucklandcouncil.govt.nz/parks-recreation/Pages/park-details.aspx?Location=2233
ChIJDQ8bIwA5DW0RsGe-Cr4udj4,Omega Reserve,-36.7519971,174.7099247,"33 Omega Street, Rosedale, Auckland 0632, New Zealand",park,"establishment,park,point_of_interest",,0,,
ChIJ5zPNdwA5DW0RHW2--lkBr-M,View Point步道,-36.75606860000001,174.7667718,"Kennedy Park Beach Road, Castor Bay, Auckland 0620, New Zealand",tourist attraction,"establishment,point_of_interest,tourist_attraction",5.0,1,,
ChIJQ7UyNtM7DW0RjbOx2R0lQZk,Apollo Drive Reserve,-36.7451494,174.7310665,"32 Apollo Drive, Rosedale, Auckland 0632, New Zealand",park,"establishment,park,point_of_interest",1.0,1,,
ChIJhyPY7uA7DW0RYKWcJGLvAA8,Rosedale Park,-36.7457537,174.7089901,"2 Jack Hinton Drive, Rosedale, Auckland 0632, New Zealand",park,"establishment,park,point_of_interest",4.4,729,+64 9 301 0101,https://www.aucklandcouncil.govt.nz/parks-recreation/Pages/park-details.aspx?Location=432
ChIJPzL1fgA5DW0R65IQ4nqGfys,Pigeon Alley,-36.788424,174.7728765,"21 Hurstmere Road, Takapuna, Auckland 0622, New Zealand",tourist attraction,"establishment,point_of_interest,tourist_attraction",,0,,
ChIJg3qZv-M7DW0RL96oUKDDOas,Taylor of Old Bond Street,-36.745584,174.7029453,"Tarndale Grove, Rosedale, Auckland 0632, New Zealand",park,"establishment,park,point_of_interest",,0,+64 9 448 1380,
ChIJoTF1S7k3DW0RZsukU4sdtSI,Davis Reef,-36.7840318,174.7783779,"6Q8H+99, Auckland 0622, New Zealand",tourist attraction,"establishment,point_of_interest,tourist_attraction",5.0,5,,
ChIJW6z1obc5DW0RYHYJAURNxV8,Rahopara Pa Lookout,-36.759707,174.769882,"3/5 The Esplanade, Castor Bay, Auckland 0620, New Zealand",tourist attraction,"establishment,point_of_interest,tourist_attraction",5.0,3,,
ChIJNUf_Atg7DW0Rxq5qdlNer_Q,Rosedale South Park,-36.7509654,174.7220871,"60 Paul Matthews Road, Rosedale, Auckland 0632, New Zealand",park,"establishment,park,point_of_interest",4.0,9,,
ChIJcWS8TAA5DW0R5V3WNQSKiMs,Rook Reserve,-36.7540081,174.7140277,"12 Rook Place, Unsworth Heights, Auckland 0632, New Zealand",park,"establishment,park,point_of_interest",4.5,2,,https://www.aucklandcouncil.govt.nz/parks-recreation/Pages/park-details.aspx?Location=2518
ChIJf6Iodhw5DW0Rq9GHrDd8FsI,Killarney Park,-36.7861376,174.766193,"38b Killarney Street, Takapuna, Auckland 0622, New Zealand",park,"establishment,park,point_of_interest",4.6,267,+64 9 301 0101,https://www.aucklandcouncil.govt.nz/parks-recreation/Pages/park-details.aspx?Location=447
ChIJOXNA0Y05DW0RG5fU0KvOgF4,Blakeborough Reserve,-36.7609326,174.747746,"Forrest Hill, Auckland 0620, New Zealand",park,"establishment,park,point_of_interest",4.6,11,,https://www.aucklandcouncil.govt.nz/parks-recreation/Pages/default.aspx
ChIJmZ-IRbI5DW0R-lpDzNYHLlY,Unsworth Heights Stormwater Quality Pond,-36.759116,174.7170772,"Unsworth Reserve, Unsworth Heights, Auckland 0632, New Zealand",park,"establishment,park,point_of_interest",3.0,4,,
ChIJx34XTmQ5DW0RsWfe6I5JvfY,Unsworth Reserve,-36.75882259999999,174.7175152,"Unsworth Heights, Auckland 0632, New Zealand",park,"establishment,park,point_of_interest",4.7,88,,https://www.aucklandcouncil.govt.nz/parks-recreation/Pages/park-details.aspx?Location=2178
ChIJcSdhcuY7DW0RtwP9vdgraa4,Heletranz | Premier Helicopter Experiences,-36.7422997,174.7154646,"234 Rosedale Road, Rosedale, Auckland 0632, New Zealand",,"establishment,point_of_interest,travel_agency",4.9,139,+64 9 415 3550,https://www.heletranz.co.nz/
ChIJc13I_sk3DW0R-74PA6dGJMM,Cheltenham Beach,-36.8220178,174.8080604,"Bath Street, Devonport, Auckland 0624, New Zealand",tourist attraction,"establishment,point_of_interest,tourist_attraction",4.7,1433,+64 9 301 0101,http://www.aucklandcouncil.govt.nz/EN/parksfacilities/Pages/Home.aspx
ChIJK3vVGtc5DW0Rzu3-Q_Vl8_A,Takapuna Beach Sunday Market,-36.7877867,174.7722444,"Waiwharariki Anzac Square 38 Hurstmere Road, Takapuna, Auckland 0622, New Zealand",tourist attraction,"establishment,point_of_interest,tourist_attraction",4.4,1686,+64 274 102 170,http://www.takapunamarket.co.nz/
ChIJI9COi9c5DW0RoVV9V-RDLUc,Escape Rooms Takapuna,-36.7882922,174.7685811,"66 Anzac Street, Takapuna, Auckland 0622, New Zealand",tourist attraction,"establishment,point_of_interest,tourist_attraction",4.6,448,+64 9 929 4688,http://www.escaperoomsnewzealand.com/takapuna
ChIJj1N52tc5DW0R6ISVrpeghP4,Hurstmere Green,-36.7877683,174.7728643,"49 Hurstmere Road, Takapuna, Auckland 0622, New Zealand",park,"establishment,park,point_of_interest",4.2,64,,
ChIJCU5hSNE5DW0RULCcJGLvAA8,Auburn Reserve,-36.7897397,174.7676228,"Auburn Reserve 8 Auburn Street, Takapuna, Auckland 0622, New Zealand",park,"establishment,park,point_of_interest",4.3,37,,
ChIJo3r925c5DW0R1qYMxnmpFTE,Potters Park,-36.7871948,174.7711283,"4991525, 42 Anzac Street, Takapuna, Auckland 0622, New Zealand",park,"establishment,park,point_of_interest",4.6,16,,https://www.aucklandcouncil.govt.nz/parks-recreation/Pages/park-details.aspx?Location=1534
ChIJaTnmTcU3DW0RzmPoczFbp4o,Art By The Sea,-36.7834939,174.7735388,"162 Hurstmere Road, Takapuna, Auckland 0622, New Zealand",tourist attraction,"art_gallery,establishment,point_of_interest,tourist_attraction",4.6,62,+64 9 445 6665,http://www.artbythesea.co.nz/
ChIJpwmMKZk5DW0RvFdjdhNPWHM,Gloputt Mini Golf,-36.7927554,174.765466,"28 Barrys Point Road, Takapuna, Auckland 0622, New Zealand",tourist attraction,"establishment,point_of_interest,tourist_attraction",4.2,519,+64 9 489 1139,https://www.gloputt.co.nz/
ChIJ1cfqK9Y5DW0RqnUYFORQfNo,I Love Takapuna,-36.78921200000001,174.7699466,"Level 2/15 Huron Street, Takapuna, Auckland 0622, New Zealand",tourist attraction,"establishment,point_of_interest,tourist_attraction,travel_agency",,0,,http://www.ilovetakapuna.co.nz/
ChIJRSusYJ43DW0R7o2Kcz-K3cM,Frank’s Beach,-36.7841786,174.7767426,"24 The Promenade, Takapuna, Auckland 0622, New Zealand",park,"establishment,park,point_of_interest",4.8,9,,
ChIJoQq-UAA3DW0RTWIrjQOF88Y,Coastal Walkway Takapuna-Milford,-36.7828563,174.777048,"Timber Trail, Auckland 0622, New Zealand",park,"establishment,park,point_of_interest",4.8,11,,
ChIJwaqzbrM5DW0ROQaEddlNSmg,Takapuna Rose Gardens,-36.7871161,174.7707759,"42 Anzac Street, Takapuna, Auckland 0622, New Zealand",park,"establishment,park,point_of_interest",4.7,6,,https://www.aucklandcouncil.govt.nz/parks-recreation/Pages/park-details.aspx?Location=1534
ChIJC-t6YEY3DW0RvpKW8ixxtK4,Takapuna Reef / Wolfe's Reef,-36.7803035,174.7797928,"6Q9H+VW, Auckland 0622, New Zealand",park,"establishment,park,point_of_interest",,0,,
ChIJgZsUWlM5DW0RCO9MuklZAT8,Barry's Point Reserve,-36.7936722,174.762524,"37 Fred Thomas Drive, Takapuna, Auckland 0622, New Zealand",park,"establishment,park,point_of_interest",3.5,2,,
ChIJbV84va45DW0ROTmC8UTna18,Lake Pupuke,-36.7857245,174.7669073,"2a Manurere Avenue, Takapuna, Auckland 0622, New Zealand",park,"establishment,park,point_of_interest",4.9,12,,
ChIJyRXjNAA5DW0RA6Dd58nHl3E,Healing Garden,-36.7817746,174.7561173,"North Shore Hospital Drive, Takapuna, Auckland 0622, New Zealand",park,"establishment,park,point_of_interest",,0,,
ChIJx5B4MwE5DW0R86Bx6basL4w,Patuone Reserve,-36.7961311,174.766344,"72d Barrys Point Road, Takapuna, Auckland 0622, New Zealand",park,"establishment,park,point_of_interest",4.1,7,,https://ourauckland.aucklandcouncil.govt.nz/news/2023/09/patuone-walkway-upgrade
ChIJR_2jYqg5DW0RwsS3Bmm-kMs,Regan Mant walkway,-36.79039059999999,174.755415,"9 Karaka Street, Takapuna, Auckland 0622, New Zealand",park,"establishment,park,point_of_interest",5.0,4,,
ChIJXbNl69k5DW0R5JVxhbBXRok,The PumpHouse Theatre,-36.785387,174.767683,"2a Manurere Avenue, Takapuna, Auckland 0622, New Zealand",,"establishment,point_of_interest",4.6,720,+64 9 486 2386,http://pumphouse.co.nz/
ChIJN2BGW8Q5DW0RZjFZiy5oawE,Hospital Lakefront Park,-36.7815693,174.7596787,"Shea Terrace, Takapuna, Auckland 0622, New Zealand",park,"establishment,park,point_of_interest",4.4,8,,
ChIJUbXlNYc3DW0RPAg-0csfu3c,Lake Town Green,-36.8022699,174.7746934,"Jutland Road, Hauraki, Auckland 0622, New Zealand",tourist attraction,"establishment,park,point_of_interest,tourist_attraction",4.6,194,+64 9 301 0101,http://www.playgrounds.co.nz/lake-town-green/
ChIJCfqBDn03DW0Rk8AxBZHjPWM,Tokyo Bay Japanese,-36.7869365,174.7739441,"20 The Strand, Takapuna, Auckland 0622, New Zealand",restaurant,"establishment,food,point_of_interest,restaurant",4.3,1008,+64 9 390 7188,http://tokyobay.co.nz/
ChIJo3D1kmI3DW0ROj6ZPxSxcwI,The Emerald - Takapuna Beach,-36.784,174.7744209,"16 The Promenade, Takapuna, Auckland 0622, New Zealand",,"establishment,lodging,point_of_interest",4.4,173,+64 9 488 3500,https://www.emerald-inn.co.nz/
ChIJ6UDZ5WI3DW0RMRvWz8RKDAY,Takapuna Beach Holiday Park,-36.7832198,174.7761398,"22 The Promenade, Takapuna, Auckland 0622, New Zealand",park,"campground,establishment,lodging,park,point_of_interest,rv_park",4.1,565,+64 9 489 7909,http://www.takapunabeachholidaypark.co.nz/
ChIJkzbLEBk4DW0RCxF3m28sRH0,O'Neills Point,-36.8211679,174.7664791,"Sir Peter Blake Parade, Bayswater, Auckland 0622, New Zealand",,"establishment,landmark,point_of_interest",4.4,43,,
ChIJYbTiqmI3DW0R6eR3Avm0O5Y,Tok Tok,-36.7856783,174.7733997,"129 Hurstmere Road, Takapuna, Auckland 0622, New Zealand",restaurant,"establishment,food,point_of_interest,restaurant",4.4,1514,+64 9 489 3988,https://www.toktoktakapuna.co.nz/
ChIJHcm5k105DW0RyIfHezXmAKI,Te Ara Awataha,-36.7985939,174.7477701,"Northcote, Auckland 0627, New Zealand",,"establishment,point_of_interest",4.6,5,,
ChIJ-1IkrM85DW0Ru9t--hWOEdw,Taharoto Park,-36.788565,174.7605032,"13 Taharoto Road, Takapuna, Auckland 0622, New Zealand",park,"establishment,park,point_of_interest",4.3,63,+64 9 301 0101,https://www.aucklandcouncil.govt.nz/parks-recreation/Pages/park-details.aspx?Location=478
ChIJ680KExM5DW0RRrMH0fV0LUc,Puriri Reserve,-36.7904016,174.7550833,"North Shore, Hauraki, Auckland 0622, New Zealand",park,"establishment,park,point_of_interest",,0,,
ChIJ88gyI2A3DW0RUB5L_si3Nhw,Henderson Park,-36.7765976,174.7741481,"Takapuna, Auckland 0622, New Zealand",park,"establishment,park,point_of_interest",4.5,24,,
ChIJydkWkks5DW0R0GPGxgJIulM,Onepoto Domain,-36.8084887,174.7502132,"24 Tarahanga Street, Northcote, Auckland 0627, New Zealand",tourist attraction,"establishment,park,point_of_interest,tourist_attraction",4.6,1132,+64 9 301 0101,https://www.aucklandcouncil.govt.nz/parks-recreation/Pages/park-details.aspx?Location=424
ChIJQ5fvqaE5DW0RjfbjX_7OVo8,Escape HQ Auckland,-36.7889453,174.7717978,"495 Lake Road, Takapuna, Auckland 0622, New Zealand",,"establishment,point_of_interest",4.8,494,+64 9 489 4999,http://www.escapehq.co.nz/auckland
ChIJd8O-MQA5DW0RORoaVaXLVu8,Kitchener Park walk,-36.77527,174.7642245,"17C Fenwick Avenue, Milford, Auckland 0620, New Zealand",park,"establishment,park,point_of_interest",5.0,2,,
ChIJkXwtkN05DW0Ry6XgUFNIcYQ,Kitchener Park,-36.775434,174.7665211,"12 Dodson Avenue, Milford, Auckland 0620, New Zealand",park,"establishment,park,point_of_interest",4.8,5,,
ChIJWVPxVLs5DW0RprTVpkNhnVE,Milford Reserve Playground,-36.7658576,174.7665184,"41 Craig Road, Milford, Auckland 0620, New Zealand",park,"establishment,park,point_of_interest",4.6,48,,https://www.aucklandcouncil.govt.nz/parks-recreation/Pages/park-details.aspx?Location=472
ChIJD06hVQA5DW0RxFzLoWPOENI,Anakiwa Memorial,-36.7699324,174.7590216,"13 Tobruk Crescent, Milford, Auckland 0620, New Zealand",park,"establishment,park,point_of_interest",,0,,
ChIJYTOJegA5DW0RzaWR8TTb_Vo,Nile Reserve,-36.7768309,174.7539009,"2 Belmont Terrace, Milford, Auckland 0620, New Zealand",park,"establishment,park,point_of_interest",,0,,
ChIJm-B5RgA5DW0RLG-8FvD7110,Milford Beach,-36.772309,174.7635817,"Milford, Auckland 0620, New Zealand",park,"establishment,park,point_of_interest",5.0,1,,
ChIJgf8UpSI5DW0RFKkBVZ4a_F4,Sulphur point motorway walk underpass,-36.8180829,174.7494977,"5 Tennyson Street, Northcote Point, Auckland 0627, New Zealand",tourist attraction,"establishment,point_of_interest,tourist_attraction",4.5,21,,
ChIJQTnZoX85DW0RgLes0Yzmmuo,Sea Auckland - Jetski Tours,-36.8217715,174.7664913,"Sea Auckland - JetSki Tours 21 Sir Peter Blake Parade, Bayswater, Auckland 0622, New Zealand",tourist attraction,"establishment,point_of_interest,tourist_attraction",4.9,152,+64 20 473 2255,http://www.sea-auckland.nz/
ChIJC99rguU5DW0RwVIs3hXpZwM,Brian Byrnes Reserve,-36.7666007,174.7634864,"Castor Bay, Auckland 0620, New Zealand",park,"establishment,park,point_of_interest",4.2,20,,https://wego.here.com/new-zealand/auckland/recreation/brian-byrnes-reserve--554rckqb-424bf087225b4262a8f6ca0c840b7118
ChIJH6oaUgA5DW0RNAuO_9npLHE,Friendly ginger cat,-36.7582076,174.7543891,"230A East Coast Road, Forrest Hill, Auckland 0620, New Zealand",tourist attraction,"establishment,point_of_interest,tourist_attraction",5.0,6,,
ChIJNcKnuCE5DW0Rr6WiTKW-p2E,Magical Park Onepoto Auckland digital AR playground,-36.8087839,174.7497465,"Onepoto Road, Hauraki, Auckland 0622, New Zealand",tourist attraction,"establishment,point_of_interest,tourist_attraction",4.0,3,,http://www.magicalpark.net/
ChIJo-FOLhM5DW0RopiM4TsA3mI,伊甸村,-36.7815529,174.7528345,"New Zealand, Auckland, Milford, Thornton Rd, NZ Auckland邮政编码: 0620",,"establishment,point_of_interest",,0,,
ChIJu-avEvA3DW0RxVPHFmOOtwQ,Fort Takapuna - The Barracks,-36.8154791,174.804992,"170 Vauxhall Road, Narrow Neck, Auckland 0624, New Zealand",,"establishment,point_of_interest",4.4,45,+64 9 379 2030,https://bookings.aucklandcouncil.govt.nz/facilities/facility/fort-takapuna--the-barracks
ChIJd1ENIwA3DW0RcMrjc0gNTAw,Devonport Beach Viewpoint,-36.8326061,174.7982234,"2 Victoria Road, Devonport, Auckland 0624, New Zealand",tourist attraction,"establishment,point_of_interest,tourist_attraction",5.0,8,,
ChIJedLYRQA3DW0RV3CgiCT8K04,View Point,-36.8318899,174.7942021,"17 Queens Parade, Devonport, Auckland 0624, New Zealand",tourist attraction,"establishment,point_of_interest,tourist_attraction",5.0,1,,
ChIJP1rNSZ03DW0R0U2FwiOGt54,North Head Summit,-36.8272972,174.8121005,"Maungauika/North Head Historic Walk, Devonport, Auckland 0624, New Zealand",park,"establishment,park,point_of_interest",4.8,206,,
ChIJdyUZOds3DW0R8LucJGLvAA8,Windsor Reserve,-36.831472,174.7977129,"2 Victoria Road, Devonport, Auckland 0624, New Zealand",park,"establishment,park,point_of_interest",4.4,708,+64 9 301 0101,https://www.aucklandcouncil.govt.nz/parks-recreation/Pages/park-details.aspx?Location=695
ChIJLVuy1yM3DW0Ryu87qL49JhM,Statue of Benjamin the Library Cat,-36.83133309999999,174.7974982,"2 Victoria Road, Devonport, Auckland 0624, New Zealand",tourist attraction,"establishment,point_of_interest,tourist_attraction",5.0,9,,
ChIJn9AnJHM3DW0RsKAOIkxlxQU,Devonport,-36.8300894,174.8037244,"King Edward Parade, Devonport, Auckland 0624, New Zealand",park,"establishment,park,point_of_interest",4.8,4,,
ChIJJ6YxPwA3DW0R0kkGvUXdnHU,Mindfulness Labyrinth at Ngataringa Park,-36.81859,174.7942383,"27B Lake Road, Devonport, Auckland 0624, New Zealand",park,"establishment,park,point_of_interest",,0,,
ChIJv9fqIsg3DW0RvciufltsOOI,Bath Street Reserve,-36.8200323,174.8060304,"2 Bath Street, Devonport, Auckland 0624, New Zealand",park,"establishment,park,point_of_interest",4.6,15,,
ChIJTSgCBwA3DW0R-vzH0OiLupI,Center of Rock Wall Koru,-36.8188766,174.7942192,"Ngataringa Park 27B Lake Road, Devonport, Auckland 0624, New Zealand",park,"establishment,park,point_of_interest",5.0,1,,
ChIJ94tRlZI3DW0RI7c-FsugTzE,Aramoana Reserve,-36.8171069,174.7851581,"Devonport, Auckland 0624, New Zealand",park,"establishment,park,point_of_interest",5.0,3,,
ChIJ3Yv-OgA3DW0REHA3uCfrcJ4,Lookout Spot,-36.8270873,174.8000017,"43A Church Street, Devonport, Auckland 0624, New Zealand",park,"establishment,park,point_of_interest",5.0,1,,
ChIJkTj3_Ag3DW0RtycIfBDgSJg,Rawiri Park,-36.8286728,174.7969172,"125 Victoria Road, Devonport, Auckland 0624, New Zealand",park,"establishment,park,point_of_interest",5.0,3,,
ChIJQUsqQM83DW0RYTsDKJRoD78,Devonport Domain,-36.8258821,174.8058715,"28 Cambridge Terrace, Devonport, Auckland 0624, New Zealand",park,"establishment,park,point_of_interest",4.5,79,+64 20 4106 8820,
ChIJmfDTDwA3DW0RdmqV6gJbq_I,Minefield Control Post,-36.8290319,174.8116445,"North head Toyota guardians medal post 16 Takarunga Road, Devonport, Auckland 0624, New Zealand",,"establishment,point_of_interest",,0,,
ChIJcQdRAt03DW0RPcypDUy4kz8,The Esplanade Hotel,-36.8319217,174.7966521,"1 Victoria Road, Devonport, Auckland 0624, New Zealand",restaurant,"bar,establishment,food,lodging,point_of_interest,restaurant",3.7,587,+64 9 445 1291,http://www.esplanadehotel.co.nz/
ChIJWaNxU_8zDW0RSOVgB-z89P0,Historic underground bunker,-36.7551789,174.9187857,"Unnamed Road, Auckland 1010, New Zealand",,"establishment,point_of_interest",3.0,2,,
ChIJuxWCVgA3DW0RQJWeSfDQsjE,Auckland Marathon START,-36.8314961,174.7981228,"Devonport, Auckland 0624, New Zealand",park,"establishment,park,point_of_interest",5.0,1,,
ChIJLb6_l-c3DW0RcJwBonKuBrM,Queens Parade Reserve,-36.8314615,174.7930676,"Auckland 0624, New Zealand",park,"establishment,park,point_of_interest",4.7,40,,
ChIJJagENcM3DW0R-HtoR_3ar_Q,Flagstaff Gallery & Framing,-36.8307374,174.797998,"6 Victoria Road, Devonport, Auckland 0624, New Zealand",tourist attraction,"art_gallery,establishment,point_of_interest,tourist_attraction",4.8,61,+64 9 445 1142,http://www.flagstaff.nz/
ChIJwaQ3upM3DW0RGVDhSARNvTE,Hill Park,-36.8150053,174.7871627,"44 Kawerau Avenue, Devonport, Auckland 0624, New Zealand",park,"establishment,park,point_of_interest",4.5,21,,http://www.aucklandcouncil.govt.nz/
ChIJ9W9PrOk3DW0RS3wBcxPu0KY,Melrose Reserve,-36.8266072,174.7922517,"28/30 Shoal Bay Road, Devonport, Auckland 0624, New Zealand",park,"establishment,park,point_of_interest",4.0,29,,https://www.aucklandcouncil.govt.nz/parks-recreation/Pages/default.aspx
ChIJR1i2AG45DW0Rtpzk0c5Kmdw,Blair Park,-36.8277501,174.7729179,"Stanley Point Road, Stanley Point, Auckland 0624, New Zealand",park,"establishment,park,point_of_interest",3.9,9,,
ChIJvzWLFNs3DW0RjjiNcFDty-g,King Edward Parade Reserve,-36.8316591,174.7995086,"Devonport, Auckland 0624, New Zealand",park,"establishment,park,point_of_interest",4.5,6,,
ChIJ5YFfFMk3DW0RHSygYl4LZ5A,Balmain Reserve,-36.8235181,174.8087836,"14 Oxford Terrace, Devonport, Auckland 0624, New Zealand",park,"establishment,park,point_of_interest",4.5,22,,http://www.aucklandcouncil.govt.nz/
ChIJbTyY55Q3DW0Re124YDLy_8o,Mary Barrett Glade / Polly's Park,-36.8177989,174.7917388,"Devonport, Auckland 0624, New Zealand",park,"establishment,park,point_of_interest",4.1,10,,https://www.aucklandcouncil.govt.nz/parks-recreation/Pages/default.aspx
ChIJjxPqDI43DW0R7i8VUCTjVvQ,Bayswater Park,-36.8127248,174.7827931,"113 Bayswater Avenue, Bayswater, Auckland 0622, New Zealand",park,"establishment,park,point_of_interest",4.4,42,,
ChIJWzIZ2iA4DW0Rlkt8K5ShQF8,Lansdowne Reserve (on Shoal Bay),-36.8132877,174.7710697,"18 Lansdowne Street, Bayswater, Auckland 0622, New Zealand",park,"establishment,park,point_of_interest",4.4,36,,
ChIJ1wBoFgA5DW0RcbwNPNS0v-o,Sulphur Beach Walkway Auckland View,-36.8230401,174.7507758,"Sulphur Beach Road, Northcote Point, Auckland 0627, New Zealand",tourist attraction,"establishment,point_of_interest,tourist_attraction",,0,,
ChIJRzKb_Js5DW0RD9pnC0U9CNU,Bayswater Wharf,-36.8184287,174.7680485,"17 Sir Peter Blake Parade, Bayswater, Auckland 0622, New Zealand",,"establishment,point_of_interest",3.8,5,,
ChIJT0hAyBg4DW0R98_6wyIwsBE,Bayswater Marina,-36.819076,174.7681113,"21 Sir Peter Blake Parade, Bayswater, North Shore 0622, New Zealand",,"establishment,point_of_interest",4.4,280,+64 9 446 1600,http://www.bayswater.co.nz/
ChIJkwHPjAdIDW0RXfLcPoMFfYU,Ernest Davis Steps,-36.8488668,174.7737698,"Unnamed Road, Auckland Central, Auckland 1010, New Zealand",,"establishment,point_of_interest",3.5,4,,
ChIJxYuExlFHDW0RF8PG-GY3rQg,Waihorotiu Stream,-36.8445965,174.7665757,"21/7 Queen Street, Auckland Central, Auckland 1010, New Zealand",,"establishment,point_of_interest",5.0,2,,
ChIJ-5p33fI5DW0RMrWwtylkMYM,Carnival Charters,-36.8188195,174.7673038,"21 Sir Peter Blake Parade, Bayswater, Auckland 0622, New Zealand",,"establishment,point_of_interest,travel_agency",5.0,10,+64 27 342 2799,
ChIJFVxAMZ83DW0RcfspeXyLTi8,George Gair Lookout,-36.8023326,174.7925055,"Belmont, Auckland 0622, New Zealand",park,"establishment,park,point_of_interest",4.3,38,+64 9 301 0101,http://www.aucklandcouncil.govt.nz/EN/Pages/default.aspx
ChIJeVaC9YQ3DW0R1aYL32Ivysg,Northboro Reserve,-36.8037702,174.7811922,"8 Rutherford Street, Belmont, Auckland 0622, New Zealand",park,"establishment,park,point_of_interest",4.4,99,,http://www.aucklandcouncil.govt.nz/EN/parksfacilities/Pages/Home.aspx
ChIJt_aOxVk4DW0RDtMVSbjpF6k,Kauri Glen Reserve,-36.8062511,174.7348211,"16 Gladstone Road, Northcote, Auckland 0627, New Zealand",park,"establishment,park,point_of_interest",4.7,269,+64 9 301 0101,https://www.aucklandcouncil.govt.nz/parks-recreation/Pages/park-details.aspx?Location=2295
ChIJweSx60I5DW0RxfFr2Wak6Eo,Tank Farm,-36.8019764,174.7533076,"Crater Crescent, Northcote, Auckland 0627, New Zealand",park,"establishment,park,point_of_interest",3.7,9,,
ChIJ-_KMDFo4DW0ROFkm2fVfLBk,FAGENCE ART - Sculpture Garden & Gallery,-36.8061369,174.7379528,"18 Paruru Avenue, Northcote, Auckland 0627, New Zealand",tourist attraction,"establishment,point_of_interest,tourist_attraction",4.8,5,+64 21 130 8320,http://fagenceart.com/
ChIJE_8CKAA5DW0RCCSUxh-YJJ0,A greenway for Northcote,-36.7997632,174.7472645,"18A Cadness Street, Northcote, Auckland 0627, New Zealand",park,"establishment,park,point_of_interest",3.7,3,,
ChIJLaKqGU04DW0R95RUUtSQPMo,Lenihan Reserve,-36.7967548,174.7438818,"Northcote, Auckland 0627, New Zealand",park,"establishment,park,point_of_interest",4.1,9,,http://www.aucklandcouncil.govt.nz/
ChIJvcLX9LU5DW0RQLCcJGLvAA8,Onewa Domain,-36.7942297,174.7484989,"44 Northcote Road, Northcote, Auckland 0627, New Zealand",park,"establishment,park,point_of_interest",4.3,478,+64 9 301 0101,https://www.aucklandcouncil.govt.nz/parks-recreation/Pages/park-details.aspx?Location=473
ChIJGyNMIsI5DW0R5DZ9WfG7bRc,Stafford park,-36.8141301,174.7482011,"33 Belle Vue Avenue, Northcote Point, Auckland 0627, New Zealand",park,"establishment,park,point_of_interest",4.4,53,,
ChIJuzKrlm04DW0R4qdOHDyaR3U,Stokes Point Reserve,-36.8265794,174.7488549,"Northcote Point, Auckland 0627, New Zealand",park,"establishment,park,point_of_interest",4.5,146,+64 9 301 0101,https://www.aucklandcouncil.govt.nz/parks-recreation/Pages/park-details.aspx?Location=1363
ChIJOwXpUco5DW0RNL9jbllge64,Kitewao Reserve,-36.7935905,174.7556937,"Northcote, Auckland 0627, New Zealand",park,"establishment,park,point_of_interest",4.7,3,+64 9 301 0101,
ChIJOWUUQgA5DW0Rvs4nsU7HU5A,Gold Hole Reserve,-36.824661,174.7491224,"11 Princes Street, Northcote, Auckland 0627, New Zealand",park,"establishment,park,point_of_interest",4.0,1,,
ChIJDfGxOwA5DW0RBqxZEmx_QmQ,Onepoto Track Loop,-36.8067778,174.7515315,"Northcote, Auckland 0627, New Zealand",park,"establishment,park,point_of_interest",5.0,1,,
ChIJT1R1llo5DW0RQYfg0GTOypg,Jessie Tonar Scout Reserve,-36.8004849,174.7397454,"Northcote, Auckland 0627, New Zealand",park,"establishment,park,point_of_interest",4.0,3,,
ChIJ86Vcl985DW0RLGk7r9ISeUA,Dudding Avenue Reserve,-36.8059294,174.7458277,"14 Kororo Street, Northcote, Auckland 0627, New Zealand",park,"establishment,park,point_of_interest",4.0,2,,
ChIJW7FNJgA5DW0Ryrj6oonM9v4,Akoranga Reserve,-36.7943731,174.7498382,"7 Akoranga Drive, Northcote, Auckland 0627, New Zealand",park,"establishment,park,point_of_interest",4.0,3,,
ChIJvbK0CgA5DW0Ri_53STOGicQ,Kauri Glen Reserve - Woodside Ave Entrance,-36.8054114,174.7406729,"Woodside Avenue, Northcote, Auckland 0627, New Zealand",park,"establishment,park,point_of_interest",5.0,1,,http://www.aucklandcouncil.govt.nz/KauriGlenReserve
ChIJ56ZOJ-44DW0RQU5hk8JuuZs,Birkenhead Historical Society Museum,-36.808663,174.7210277,"44 Mahara Avenue, Birkenhead, Auckland 0626, New Zealand",tourist attraction,"establishment,museum,point_of_interest,tourist_attraction",4.0,4,+64 9 483 3400,http://www.historicbirkenhead.com/
ChIJQ_8NDGw4DW0RGa6pl457bg4,Northcote Tavern,-36.8226754,174.7482592,"37 Queen Street, Northcote Point, Auckland 0627, New Zealand",restaurant,"bar,establishment,food,point_of_interest,restaurant",4.5,1560,+64 9 480 7707,https://www.northcotetavern.co.nz/
ChIJKSMxEG44DW0RIySq8lqL25E,Northcote Point City & Bridge View,-36.8267619,174.7465163,"1 Queen Street, Northcote Point, Auckland 0627, New Zealand",,"establishment,point_of_interest",4.6,33,,
ChIJq8yjq044DW0RhBxhMcAkFrA,Northcote Library,-36.8006825,174.7468994,"Norman King Square, Northcote, Auckland 0627, New Zealand",,"establishment,library,point_of_interest",4.3,94,+64 9 377 0209,https://www.aucklandlibraries.govt.nz/pages/library.aspx?library=30&libraryname=Northcote%20Library
ChIJPWhiCPQ4DW0RpeGkLyerWZI,Viewing Platform - Kaimataara o Wai Manawa,-36.8113073,174.7264904,"41 Birkenhead Avenue, Birkenhead, Auckland 0626, New Zealand",park,"establishment,park,point_of_interest",4.5,8,,
ChIJq3Y8qoM5DW0RREmcJwNiT_M,Cadness Reserve,-36.8005016,174.7473772,"6 Cadness Street, Northcote, Auckland 0627, New Zealand",park,"establishment,park,point_of_interest",4.6,7,,
ChIJGaFHC1E5DW0RqJhstnsKWBQ,Birkenhead Domain,-36.8059743,174.7211387,"Birkenhead, Auckland 0626, New Zealand",park,"establishment,park,point_of_interest",,0,,
ChIJJbsziPU4DW0Rbwc6otjyTis,Le Roys Bush Reserve,-36.8128472,174.7322092,"212 Onewa Road, Birkenhead, Auckland 0626, New Zealand",park,"establishment,park,point_of_interest",4.5,49,,https://www.aucklandcouncil.govt.nz/parks-recreation/Pages/park-details.aspx?Location=457
ChIJh7JAO2I5DW0R02y1vj_4Mco,Nell Fisher Reserve,-36.8127222,174.7265182,"Birkenhead Library, 2 Rawene Road, Birkenhead, Auckland 0626, New Zealand",park,"establishment,park,point_of_interest",5.0,5,,https://www.aucklandcouncil.govt.nz/parks-recreation/Pages/park-details.aspx?Location=443
ChIJX6rQhK45DW0RHL4vr-li--s,Kauri Point Centennial Park,-36.8243331,174.7108559,"Unnamed Road, 5PF5+JP David Beattie Place, Chatswood, Auckland 0626, New Zealand",park,"establishment,park,point_of_interest",4.6,98,,https://www.aucklandcouncil.govt.nz/parks-recreation/Pages/park-details.aspx?Location=2310
ChIJByKOs8Y4DW0Rui0zxVMOfQ0,Fernglen Gardens,-36.8106202,174.7051082,"36 Kauri Road, The Gardens, Auckland 0626, New Zealand",park,"establishment,park,point_of_interest",4.9,47,+64 21 236 5800,http://fernglengardens.nz/contactus.html
ChIJY8obZV84DW0R-GhnsvWYaos,Wai Manawa / Le Roys Bush,-36.8127314,174.7320759,"Birkenhead, Auckland 0626, New Zealand",park,"establishment,park,point_of_interest",5.0,2,,
ChIJU1GnIII5DW0RkEkXda-Acb0,Eco Oasis,-36.8136392,174.7040576,"93a Balmain Road, Birkenhead, Auckland 0626, New Zealand",park,"establishment,park,point_of_interest",,0,+64 21 215 8592,
ChIJtyYpXfE4DW0ROOv6i5AlmYk,Zion Hill Reserve,-36.8098921,174.7251484,"62 Birkenhead Avenue, Birkenhead, Auckland 0626, New Zealand",park,"establishment,park,point_of_interest",,0,,
ChIJ13BlFQA5DW0R-6Y6_nzqYxY,Jacks knob,-36.7941517,174.7126822,"Eskdale Road, Birkenhead, Auckland 0629, New Zealand",park,"establishment,park,point_of_interest",,0,,
ChIJU5FgCy85DW0RLshcgYKkaGg,Kahika Point Reserve,-36.7855083,174.698812,"Birkdale, Auckland 0626, New Zealand",park,"establishment,park,point_of_interest",4.5,10,,http://www.aucklandcouncil.govt.nz/
ChIJO9YBOGI4DW0RUsdF-T0FDWM,Birkenhead Wharf,-36.8229314,174.7337448,"1 Hinemoa Street, Birkenhead, Auckland 0626, New Zealand",,"establishment,point_of_interest",4.6,155,+64 9 366 6400,https://at.govt.nz/about-us/contact-us/
ChIJ96eDSog5DW0RhZAW0uz6kQI,Auckland Tour House,-36.8010214,174.7108386,"21/8 Flynn Street, Birkdale, Auckland 0626, New Zealand",,"establishment,point_of_interest",5.0,8,+64 210 244 6859,https://aucklandtourhouse.com/
ChIJu4qqBw05DW0RQL-2fPmfos4,Ross Reserve,-36.7754482,174.7233116,"Ross Reserve 3 Ross Avenue, Glenfield, Auckland 0629, New Zealand",park,"establishment,park,point_of_interest",5.0,1,,
ChIJ-5DkQwA5DW0RI8Jo-PTSQQM,Duud Reserve,-36.7843914,174.7242001,"24 Marlborough Avenue, Glenfield, Auckland 0629, New Zealand",park,"establishment,park,point_of_interest",4.0,1,,
ChIJnxvD4-o5DW0Rq0clTK5iCr4,Eskdale Reserve Entry,-36.7983074,174.7236429,"197 Glenfield Road, Hillcrest, Auckland 0627, New Zealand",park,"establishment,park,point_of_interest",,0,,
ChIJg2tIvCE5DW0R_KNLuw9raTc,Tree View Reserve,-36.7899172,174.708942,"16 Tree View Avenue, Glenfield, Auckland 0629, New Zealand",park,"establishment,park,point_of_interest",5.0,1,,
ChIJQQOPLhk5DW0RIA6_N8bWGfg,Glencourt Reserve,-36.7881134,174.7136778,"Glencourt Place, Glenfield, Auckland 0629, New Zealand",park,"establishment,park,point_of_interest",5.0,1,,
ChIJK2bwpRs5DW0RNLeOEZTDSK4,Powrie Reserve,-36.7868788,174.7180051,"Glenfield, Auckland 0629, New Zealand",park,"establishment,park,point_of_interest",4.0,9,,
ChIJDdRbTgA5DW0RQR5UgYBFrwM,Agincourt reserves,-36.7885156,174.7278496,"9 Agincourt Street, Glenfield, Auckland 0629, New Zealand",park,"establishment,park,point_of_interest",2.5,2,,
ChIJEQ7U2zU5DW0RR4V1Y2Ly69c,Glenfield coastaĺ wallk,-36.7713937,174.7030887,"Glendhu Road, Bayview, Auckland 0629, New Zealand",park,"establishment,park,point_of_interest",3.2,5,,
ChIJp3eVDAA5DW0RaqTcyjyasLU,Eskdale Reserve Network (Eskdale Road),-36.7948032,174.7119666,"84B Eskdale Road, Birkdale, Auckland 0626, New Zealand",park,"establishment,park,point_of_interest",5.0,1,,
ChIJtcvndQ05DW0ReVbV2D9XLns,Glenfield Domain & Hall,-36.7754051,174.7221235,"Hall Road, Glenfield, Auckland 0629, New Zealand",park,"establishment,park,point_of_interest",4.7,9,,
ChIJAeM_bf44DW0RL86hLEYMfhc,Pachamama Latino Store,-36.782476,174.7375318,"179a Archers Road, Glenfield, Auckland 0629, New Zealand",,"establishment,food,grocery_or_supermarket,point_of_interest,store",4.9,355,+64 274 249 081,https://www.pachamama.co.nz/
ChIJ3T7zJmlNDW0RqSmHRChIW4I,Kidz Kingdom at Rainbow's End Theme Park,-36.9940614,174.8834566,"2 Clist Crescent, Manukau City Centre, Auckland 2104, New Zealand",,"amusement_park,establishment,point_of_interest",4.4,37,+64 9 262 2030,https://rainbowsend.co.nz/info/kidz-kingdom#intro
ChIJZezaScBNDW0RZrD7TJ0CRo4,Hayman Park,-36.9933491,174.8743825,"Manukau City Centre, Auckland 2104, New Zealand",park,"establishment,park,point_of_interest",4.3,245,,
ChIJMxYGQyFNDW0Rm3iyl4AOKiM,Wero Climb,-36.9992547,174.8893578,"770 Great South Road, Wiri, Auckland 2104, New Zealand",tourist attraction,"establishment,point_of_interest,tourist_attraction",4.7,10,+64 9 913 5251,https://www.weroclimb.org.nz/
ChIJj2-I6ZlNDW0R16UHL6El1I4,Wero Whitewater Park,-36.9982834,174.8890393,"770 Great South Road, Wiri, Auckland 2104, New Zealand",tourist attraction,"amusement_park,establishment,point_of_interest,tourist_attraction",4.7,858,+64 9 913 5251,http://www.wero.org.nz/
ChIJeay_zHtNDW0RsLWdJGLvAA8,Auckland Botanic Gardens,-37.0128163,174.9077139,"102 Hill Road, The Gardens, Auckland 2105, New Zealand",tourist attraction,"establishment,park,point_of_interest,tourist_attraction",4.6,9418,+64 9 267 1457,http://www.aucklandbotanicgardens.co.nz/
ChIJg2gSVp5NDW0RYcwQobJs6f0,Rabbits Bush,-36.990374,174.9151989,"228 Redoubt Road, Totara Park, Auckland 2019, New Zealand",tourist attraction,"establishment,point_of_interest,tourist_attraction",5.0,1,,
ChIJpZaiF3RNDW0Rga-swIgegJs,Scenic Lookout Totara Park,-36.9952113,174.9051809,"80R Goodwood Drive, Goodwood Heights, Auckland 2105, New Zealand",tourist attraction,"establishment,point_of_interest,tourist_attraction",4.9,67,,
ChIJqTKUWT1NDW0RaIhh9axol04,Murphy’s Bush,-36.9776783,174.9211637,"160 Murphys Road, Flat Bush, Auckland 2019, New Zealand",tourist attraction,"establishment,park,point_of_interest,tourist_attraction",4.2,149,+64 9 366 6400,http://www.aucklandcouncil.govt.nz/en/parksfacilities/premierparks/pages/murphysbush.aspx
ChIJ64bbfOBNDW0RnDDQeSibf3s,Totara Waterfall,-37.0038649,174.9060449,"25 Nyssa Place, Totara Heights, Auckland 2105, New Zealand",tourist attraction,"establishment,point_of_interest,tourist_attraction",4.3,23,,
ChIJJ29b4CFNDW0RQPmcJGLvAA8,Murphys Bush Reserve,-36.9790937,174.9197845,"160 Murphys Road, Flat Bush, Auckland 2016, New Zealand",tourist attraction,"establishment,park,point_of_interest,tourist_attraction",4.1,371,+64 9 301 0101,https://www.aucklandcouncil.govt.nz/parks-recreation/Pages/park-details.aspx?Location=331
ChIJoQVXML9NDW0RxOl6lVR1qec,GravityNZ,-36.9896817,174.8786856,"5a Ronwood Avenue, Manukau City Centre, Auckland 2104, New Zealand",,"establishment,point_of_interest",4.3,563,+64 9 262 2463,http://www.gravitynz.co.nz/
ChIJzdf4ArdNDW0RwRcMHxIhRKw,Barrowcliffe Pond Reserve,-36.9965361,174.878658,"Manukau City Centre, Auckland 2104, New Zealand",park,"establishment,park,point_of_interest",,0,,
ChIJo0ccyM5NDW0RpGgCBqdHDfo,Waenganui/Allenby Park,-36.9789709,174.8718986,"62/66 Allenby Road, Papatoetoe, Auckland 2025, New Zealand",park,"establishment,park,point_of_interest",4.3,602,+64 9 301 0101,https://www.aucklandcouncil.govt.nz/parks-recreation/Pages/park-details.aspx?Location=293
ChIJA3q_ySNTDW0RsbQg9Y9ll04,Tuatahi Bridge,-37.0352925,174.9056637,"17 Holmes Road, Manurewa, Auckland 2112, New Zealand",tourist attraction,"establishment,point_of_interest,tourist_attraction",5.0,3,,
ChIJ_zMT9bBNDW0RH2xJYRI8pgM,Manukau Sports Bowl,-36.9817444,174.8848032,"Te Irirangi Drive, Manukau City Centre, Auckland 2023, New Zealand",park,"establishment,park,point_of_interest",4.3,483,+64 9 301 0101,https://www.aucklandcouncil.govt.nz/parks-recreation/Pages/park-details.aspx?Location=282
ChIJQY-XUwBNDW0RgwfwKuiVtmg,Valdarama view point,-36.9641735,174.932076,"28/30 Valderama Drive, Flat Bush, Auckland 2019, New Zealand",tourist attraction,"establishment,point_of_interest,tourist_attraction",,0,,
ChIJa7QcA7lNDW0RhEi8CBguXVQ,Escape Masters Manukau,-36.9868165,174.8804371,"613 Great South Road, Manukau City Centre, Auckland 2104, New Zealand",,"establishment,point_of_interest",4.8,336,+64 9 390 3939,https://escapemasters.co.nz/en/
ChIJ4e3eUeFRDW0Rx6bRWc8AcKM,Puhinui Reserve,-37.0206414,174.8398501,"Wiri, Auckland 2025, New Zealand",park,"establishment,park,point_of_interest",4.0,24,,https://www.aucklandcouncil.govt.nz/parks-recreation/get-outdoors/aklpaths/Pages/path-detail.aspx?ItemId=129
ChIJQcsJ0cBMDW0RxPNXiRcV1dg,Gracechurch Reserve,-36.9554658,174.9240777,"Flat Bush, Auckland 2016, New Zealand",tourist attraction,"establishment,park,point_of_interest,tourist_attraction",4.5,32,+64 9 301 0101,https://www.aucklandcouncil.govt.nz/parks-recreation/Pages/default.aspx
ChIJy0p28b9NDW0REpkDJk4C47s,Parkview Tower,-36.9932279,174.8781222,"21 Putney Way, Manukau City Centre, Auckland 2104, New Zealand",park,"campground,establishment,lodging,park,point_of_interest",5.0,4,,
ChIJY1kKHMtPDW0R9X4vnVEv8kA,Wiri Mountain,-37.0059129,174.8584035,"244 Wiri Station Road, Wiri, Auckland 2104, New Zealand",park,"establishment,park,point_of_interest",3.4,10,+64 9 301 0101,https://www.aucklandcouncil.govt.nz/parks-recreation/Pages/park-details.aspx?Location=3278
ChIJybhiqF5SDW0RTY86ERtjlrM,Tington Wetlands Reserve,-37.0429158,174.8933785,"Wattle Farm Road, Wattle Downs, Auckland 2103, New Zealand",tourist attraction,"establishment,park,point_of_interest,tourist_attraction",4.1,44,+64 9 301 0101,https://www.aucklandcouncil.govt.nz/parks-recreation/Pages/default.aspx
ChIJV_Sll5lODW0R1RyveHBjh3U,Central Park,-37.0663091,174.9454438,"Great South Road, Papakura, Auckland 2110, New Zealand",tourist attraction,"establishment,park,point_of_interest,tourist_attraction",4.2,357,,
ChIJnfzXWABPDW0RuTXFJRGHlng,Matukuturua Stonefields,-37.0123869,174.8472492,"58 Mclaughlins Road, Wiri, Auckland 2104, New Zealand",,"establishment,point_of_interest",5.0,1,,
ChIJGfv-NTxNDW0RBmSoxGG0oW4,Historic old concrete bridge,-37.0045584,174.8876332,"901A Great South Road, Wiri, Auckland 2104, New Zealand",,"establishment,point_of_interest",4.6,7,,
ChIJw5zZEH5NDW0Rqqc5U1bsoY4,Nathan Homestead Pukepuke,-37.0152015,174.9024353,"70 Hill Road, Manurewa, Auckland 2102, New Zealand",,"art_gallery,establishment,point_of_interest",4.3,58,+64 9 267 0180,http://www.aucklandcouncil.govt.nz/en/newseventsculture/arts/artscentretheatresgalleries/pages/nathanhomestead.aspx
ChIJ37_jk7hNDW0RqEZNKYiZjRw,The Warehouse Manukau,-36.9899245,174.8753484,"35 Cavendish Drive, Manukau City Centre, Auckland 2104, New Zealand",,"clothing_store,department_store,establishment,home_goods_store,point_of_interest,store",3.9,1702,+64 9 262 1187,https://www.thewarehouse.co.nz/stores/manukau.html?utm_source=organic&utm_medium=gmb&utm_campaign=store_location
ChIJdyLtcmBVDW0Rex3wTMJnPos,Landmark Homes – Auckland South & Franklin,-37.2015046,174.8996576,"22 West Street, Pukekohe 2580, New Zealand",,"establishment,general_contractor,point_of_interest",4.2,6,+64 800 628 859,https://landmarkhomes.co.nz/franchise/auckland-south-franklin
ChIJ-27XXJdNDW0RnvpWtv9-L3Q,Due Drop Events Centre,-36.9988889,174.8875,"770 Great South Road, Wiri, Manukau 2104, New Zealand",,"establishment,point_of_interest",4.4,2378,+64 9 976 7777,http://www.duedropeventscentre.org.nz/
ChIJMSgkYVhdDW0R1AECc2nl10A,McLachlan Monument,-37.01674149999999,174.607162,"126 Cornwallis Road, Cornwallis, Auckland 0604, New Zealand",tourist attraction,"establishment,point_of_interest,tourist_attraction",4.5,90,+64 27 700 0118,https://www.aucklandcouncil.govt.nz/parks-recreation/Pages/default.aspx
ChIJE-HrNdxPDW0RGUqO8U-2oOw,Papatoetoe Town Hall,-36.97988060000001,174.8525954,"31 Saint George Street, Papatoetoe, Auckland 2025, New Zealand",,"city_hall,establishment,local_government_office,point_of_interest",4.0,17,+64 9 379 2030,https://bookings.aucklandcouncil.govt.nz/facilities/facility/papatoetoe-town-hall
ChIJr_0SdtStcm0Rs0Um1LGFKXs,Pukekiwiriki Paa,-37.068862,174.981294,"92 Red Hill Road, Red Hill, Auckland 2110, New Zealand",,"establishment,point_of_interest",4.5,11,+64 9 301 0101,https://www.aucklandcouncil.govt.nz/parks-recreation/Pages/park-details.aspx?Location=2799
ChIJe0RuW3dPDW0R2uLNTmVj64o,The Rabbit Lake,-36.99829280000001,174.7929241,"Auckland Airport, Auckland 2022, New Zealand",,"establishment,point_of_interest",5.0,7,,
ChIJOZEu6o9NDW0RiMZsWnoOS5c,Eastern Grill,-36.9868287,174.8805899,"1/613 Great South Road, Manukau City Centre, Auckland 2104, New Zealand",restaurant,"establishment,food,point_of_interest,restaurant",4.2,244,+64 9 942 5678,
ChIJp2s0GYNODW0Rpi2J1UHUuI4,Grange Motel,-36.9625595,174.8538465,"1 Grange Road, Manukau City Centre, Auckland 2025, New Zealand",,"establishment,lodging,point_of_interest",4.3,127,+64 9 277 8280,http://www.grangemotel.co.nz/
ChIJkRNbZgBLDW0RbSNcpGTtDOU,HMNZS Taranaki Turret,-36.9293542,174.8976175,"169 Harris Road, East Tāmaki, Auckland 2013, New Zealand",,"establishment,point_of_interest",5.0,1,,https://navymuseum.co.nz/explore/by-collections/ships/taranaki/
ChIJvWQk8_lPDW0R3tsBDByCqT8,Manu tangi ata -Tiaki Taiao Hub,-37.0128894,174.8399857,"Harbour Ridge Drive, Wiri, Auckland 2104, New Zealand",,"establishment,point_of_interest",4.3,3,,
ChIJLT6wQblNDW0Rm_kEvfR4oXo,Manukau Motor Lodge,-36.9877935,174.8815628,"631 Great South Road, Manukau City Centre, Manukau 2104, New Zealand",,"establishment,lodging,point_of_interest",3.8,279,+64 9 262 0869,https://manukaumotorlodge.co.nz/
ChIJJ60JLL9NDW0RhRaBl4hGXps,MELBA Manukau,-36.989511,174.8804335,"1 Ronwood Avenue, Manukau City Centre, Auckland 2104, New Zealand",restaurant,"establishment,food,point_of_interest,restaurant",4.3,2604,+64 9 263 0598,http://www.melba.nz/
ChIJ44D0CSFVDW0Ro3dfgy1i3VY,Landmark Homes Show home – Auckland South & Franklin,-37.1446465,174.8885731,"11 Heaphy Lane, Rise, Paerata 2676, New Zealand",,"establishment,general_contractor,point_of_interest",5.0,1,+64 800 628 859,
ChIJhTO7LwBPDW0Roxn4fRcGUu8,Portage Race Waka entry point,-36.9399113,174.8300253,"Portage Road, Ōtāhuhu, Auckland 1062, New Zealand",,"establishment,point_of_interest",,0,,
ChIJJapZW9xNDW0RQHbZF2TWrDs,Puhinui Domain,-36.9899634,174.8642502,"Papatoetoe, Auckland 2104, New Zealand",park,"establishment,park,point_of_interest",4.0,25,,
ChIJTXZLKQlNDW0R8Z4sl98aweY,Puhinui Stream Forest Trail,-37.0056224,174.9015129,"4697748, Totara Heights, Auckland 2105, New Zealand",park,"establishment,park,point_of_interest",4.8,89,+64 9 301 0101,https://www.aucklandcouncil.govt.nz/parks-recreation/Pages/default.aspx
ChIJcV_NbVtNDW0Roh84n8_ke1g,Wirihana Bush,-37.003606,174.8850569,"39 Kerrs Road, Wiri, Auckland 2104, New Zealand",park,"establishment,park,point_of_interest",5.0,2,,
ChIJkw7P8qBNDW0Rtw6A7cA_VH4,Everglade Park,-36.9917034,174.8972132,"Goodwood Heights, Auckland 2105, New Zealand",park,"establishment,park,point_of_interest",4.3,17,+64 9 301 0101,http://www.aucklandcouncil.govt.nz/
ChIJy0QOPJJNDW0RJ0QY6oSuG5M,Wiri Stream Reserve,-36.9987916,174.8822332,"52R Trevor Hosken Drive, Wiri, Auckland 2104, New Zealand",park,"establishment,park,point_of_interest",4.2,26,+64 9 301 0101,
ChIJFUUc6nWvcm0RCxIJLJ9dvWE,Hunua Falls,-37.0687724,175.0897736,"Hunua Ranges Regional Park Falls Road, Hunua 2583, New Zealand",tourist attraction,"establishment,point_of_interest,tourist_attraction",4.7,2773,+64 9 301 0101,http://regionalparks.aucklandcouncil.govt.nz/hunuafalls
ChIJCTrZ42xNDW0RoPycJGLvAA8,Totara Park,-36.9979813,174.9118138,"90R Wairere Road, The Gardens, Auckland 2016, New Zealand",park,"establishment,park,point_of_interest",4.6,1183,+64 9 301 0101,https://www.aucklandcouncil.govt.nz/parks-recreation/Pages/park-details.aspx?Location=411
ChIJZTgrYD9mDW0RjUPulCMT3S0,Manukau Harbour Lookout,-37.02227,174.5469567,"81 Whatipu Road, Huia, Auckland 0604, New Zealand",tourist attraction,"establishment,point_of_interest,tourist_attraction",4.5,13,+64 9 301 0101,https://www.aucklandcouncil.govt.nz/Pages/default.aspx
ChIJB0SAVGRODW0RV1uZz7KyStY,Kohuora Park,-36.9786607,174.8444122,"44 Station Road, Papatoetoe, Auckland 2025, New Zealand",park,"establishment,park,point_of_interest",4.2,89,+64 9 301 0101,https://www.aucklandcouncil.govt.nz/parks-recreation/Pages/park-details.aspx?Location=384
ChIJXx7QmC1MDW0RvNXOZB85-VA,Wintere Park,-36.9691775,174.866037,"Papatoetoe, Auckland 2025, New Zealand",park,"establishment,park,point_of_interest",4.0,27,,
ChIJeV4JWm5ODW0Rkn65jjT66qY,Robert White Park,-36.98536199999999,174.8441462,"Papatoetoe, Auckland 2025, New Zealand",park,"establishment,park,point_of_interest",4.3,54,+64 9 301 0101,https://www.aucklandcouncil.govt.nz/parks-recreation/Pages/default.aspx
ChIJketvl4FODW0RIYkG52l-27A,Omana Park,-36.9675148,174.8548832,"23R Omana Road, Papatoetoe, Auckland 2025, New Zealand",park,"establishment,park,point_of_interest",4.0,30,,
ChIJ2Rl1921ODW0RPcVRpWYsR0I,Wyllie Park,-36.9882538,174.8461306,"Papatoetoe, Auckland 2025, New Zealand",park,"establishment,park,point_of_interest",3.5,8,+64 9 301 0101,https://www.aucklandcouncil.govt.nz/parks-recreation/Pages/default.aspx
ChIJMZADhDNMDW0RL9EHo_Ra1Q0,Neil's Park,-36.9695228,174.8722125,"47 Kimpton Road, Papatoetoe, Auckland 2025, New Zealand",park,"establishment,park,point_of_interest",4.3,16,+64 21 214 6239,
ChIJVe9InWJODW0RA-_Pue27scY,Gordon Park,-36.9713644,174.8444453,"Papatoetoe, Auckland 2025, New Zealand",park,"establishment,park,point_of_interest",3.9,9,,
ChIJKQSMTjhPDW0R2gyRQe3whKM,Burnside Park,-36.9796969,174.8552368,"99 Saint George Street, Papatoetoe, Auckland 2025, New Zealand",park,"establishment,park,point_of_interest",3.8,4,,https://www.aucklandcouncil.govt.nz/parks-recreation/Pages/park-details.aspx?Location=1687
ChIJyxAAaXFPDW0RVAmfs-6qp4I,Caringbah park,-36.9837484,174.8347923,"9 Caringbah Drive, Papatoetoe, Auckland 2025, New Zealand",park,"establishment,park,point_of_interest",4.0,1,,
ChIJ9WB8P4hODW0R37Rg4hyDBxA,Swaffield Park,-36.9704722,174.8448429,"Papatoetoe, Auckland 2025, New Zealand",park,"establishment,park,point_of_interest",4.3,4,,
ChIJ0yKYWHFODW0RNLX6Jc2Jiqs,Murdoch Park,-36.9879399,174.8507362,"27 Chestnut Road, Papatoetoe, Auckland 2025, New Zealand",park,"establishment,park,point_of_interest",4.2,69,+64 9 301 0101,https://www.aucklandcouncil.govt.nz/parks-recreation/Pages/default.aspx
ChIJn46gKIlODW0RiYrxZDGJwOk,Middlemore Park,-36.9665619,174.8435043,"65B Swaffield Road, Papatoetoe, Auckland 2025, New Zealand",park,"establishment,park,point_of_interest",4.3,23,,
ChIJBeCXtxtNDW0RmXg0u5SPF28,Auckland - ABC Standard Garden,-36.9755964,174.8795727,"72 Caspar Road, Papatoetoe, Auckland 2025, New Zealand",park,"establishment,park,point_of_interest",,0,+64 27 326 8081,
ChIJHWSccGxODW0RTfTKOv82FCc,Cemetary Crater,-36.9892355,174.84159,"151-153 Hillside Road, Papatoetoe, Auckland 2025, New Zealand",park,"establishment,park,point_of_interest",4.5,16,,
ChIJS-wl6nlODW0RKzieIVgQX_g,Stadium Reserve,-36.9813574,174.8525579,"Parking lot 7 Tavern Lane, Papatoetoe, Auckland 2025, New Zealand",park,"establishment,park,point_of_interest",4.2,30,,
ChIJv5D9V1ZPDW0RLevoKcSlLxs,Te Akitai Waiohua Kohatu,-36.9850439,174.7967393,"Māngere, Auckland 2022, New Zealand",tourist attraction,"establishment,point_of_interest,tourist_attraction",,0,,
ChIJv74NB9VNDW0RIlSxSZgPQIQ,Papatoetoe Recreation Ground,-36.9736351,174.8615351,"Papatoetoe, Auckland 2025, New Zealand",park,"establishment,park,point_of_interest",4.2,269,,https://www.eventfinda.co.nz/venue/kingswood-road-reserve-auckland
ChIJe3SwJ35ODW0R6D2szJtUDes,Rangitoto Park,-36.97176899999999,174.8534538,"Papatoetoe, Auckland 2025, New Zealand",park,"establishment,park,point_of_interest",4.4,15,,
ChIJwwVag49PDW0Rn6d3E5UzLqc,Middlemore Teaching Garden,-36.9671961,174.8438897,"Papatoetoe, Auckland 2025, New Zealand",park,"establishment,park,point_of_interest",5.0,2,+64 9 278 7030,https://aucklandteachinggardens.co.nz/our-gardens/
ChIJuVhdd9VPDW0RzXMiODv5XNU,Catkin field,-36.985923,174.8354079,"Papatoetoe, Auckland 2025, New Zealand",park,"establishment,park,point_of_interest",5.0,2,,
ChIJ0_uAbV5PDW0RdOCSaTUDzTk,Stadium Teaching Garden,-36.9814116,174.853284,"5036983, Papatoetoe, Auckland 2025, New Zealand",park,"establishment,park,point_of_interest",4.4,5,,https://aucklandteachinggardens.co.nz/
ChIJLzJDUgBPDW0R_gKxPldHphc,Te Taahuhu / Criterion Square,-36.9439508,174.8435095,"338 Great South Road, Ōtāhuhu, Auckland 1062, New Zealand",,"establishment,point_of_interest",,0,,http://aucklandcouncil.govt.nz/
ChIJ6YuTBgBFDW0R05-yQZJe7NE,Wildlife area,-36.9662595,174.7566371,"Island Road, Māngere, Auckland 2022, New Zealand",tourist attraction,"establishment,point_of_interest,tourist_attraction",4.4,9,,
ChIJHX6YGpNFDW0RqlKWB7ZSiQM,Watercare Coastal Walkway,-36.9480792,174.7596586,"Māngere Bridge, Auckland 2022, New Zealand",tourist attraction,"establishment,park,point_of_interest,tourist_attraction",4.5,66,+64 7 867 9080,https://www.aucklandcouncil.govt.nz/parks-recreation/Pages/default.aspx
ChIJ5Wv8EadPDW0RcAHBNk72U0s,Outrigger Canoe Ventures Ltd,-36.9635543,174.7845261,"71 Kirkbride Road, Māngere Bridge, Auckland 2022, New Zealand",tourist attraction,"establishment,point_of_interest,tourist_attraction",,0,+64 210 330 884,
ChIJhcfTiHhPDW0RWV751tqeKLI,Watercare Coastal Walkway entrance from Greenwood Road,-36.9693708,174.7815809,"Greenwood Road, Māngere, Auckland 2022, New Zealand",tourist attraction,"establishment,park,point_of_interest,tourist_attraction",4.3,46,+64 9 442 2222,
ChIJK7g8cplPDW0R5wjt0yi18hQ,House Park,-36.9763486,174.7903596,"241 Kirkbride Road, Māngere, Auckland 2022, New Zealand",park,"establishment,park,point_of_interest",4.2,82,+64 9 301 0101,https://www.aucklandcouncil.govt.nz/parks-recreation/Pages/default.aspx
ChIJfVC18mdPDW0RGhntJPBP4ig,Te Pane o Mataaho,-36.9479081,174.7856988,"17 Domain Road, Māngere Bridge, Auckland 1072, New Zealand",park,"establishment,park,point_of_interest",4.7,313,+64 9 301 0101,https://www.aucklandcouncil.govt.nz/parks-recreation/Pages/park-details.aspx?Location=2991
ChIJF38zh5hPDW0RsmX7pB1kiJA,Kirkbride Rd Reserve,-36.9770228,174.7938732,"Māngere, Auckland 2022, New Zealand",park,"establishment,park,point_of_interest",4.1,9,+64 9 301 0101,https://www.aucklandcouncil.govt.nz/parks-recreation/Pages/default.aspx
ChIJRbstzv5FDW0RDo-ASTQTAio,"Kiwi Esplanade Reserve, Mangere Bridge",-36.9403739,174.7723984,"Kiwi Esplanade, Māngere Bridge, Auckland 2022, New Zealand",park,"establishment,park,point_of_interest",4.9,20,,
ChIJw-OQQHVPDW0RuHWTq8vVsKE,Williams Park,-36.9677357,174.7933364,"Māngere, Auckland 2022, New Zealand",park,"establishment,park,point_of_interest",4.4,14,,
ChIJy2lfg6ZPDW0ROfBZpcM84MA,Windrush Park,-36.9745306,174.8014652,"Māngere, Auckland 2022, New Zealand",park,"establishment,park,point_of_interest",4.0,7,,
ChIJS6FmiG9FDW0RPUWzYF47a4s,Oruarangi Esplanade Reserve,-36.9800333,174.7628097,"498 Oruarangi Road, Māngere, Auckland 2022, New Zealand",park,"establishment,park,point_of_interest",4.9,9,,
ChIJiSo5qKlPDW0ROxqUnXz8uGY,Rush Place Reserve,-36.9723371,174.807783,"10 Rush Place, Māngere, Auckland 2022, New Zealand",park,"establishment,park,point_of_interest",3.0,1,,
ChIJGec7A2pPDW0R3fkYstNlLH4,Mangere Mountain Education Centre,-36.9482756,174.7887783,"100 Coronation Road, Māngere, Auckland 2022, New Zealand",tourist attraction,"establishment,point_of_interest,tourist_attraction",4.5,20,+64 9 634 7305,http://www.mangeremountain.co.nz/
ChIJibUCeJZPDW0R039Np7LW2oc,George Cox Reserve,-36.9853944,174.7939543,"Timberly Road, Māngere, Auckland 2022, New Zealand",park,"establishment,park,point_of_interest",4.5,11,,
ChIJSa8NHtBFDW0RWvsMTw4duX4,Kiwi Esplanade Walkway,-36.9416435,174.7627935,"Kiwi Esplanade, Māngere Bridge, Auckland 2022, New Zealand",park,"establishment,park,point_of_interest",4.8,9,,
ChIJpwoRLltPDW0R6KqeFlNm7vU,Allan Park,-36.9397705,174.7833945,"Māngere Bridge, Auckland 2022, New Zealand",park,"establishment,park,point_of_interest",4.4,80,+64 9 301 0101,https://www.aucklandcouncil.govt.nz/parks-recreation/Pages/default.aspx
ChIJYWwzzVtODW0RwPicJGLvAA8,Aorere Park,-36.9764878,174.8275606,"Māngere East, Auckland 2024, New Zealand",park,"establishment,park,point_of_interest",3.9,148,+64 9 301 0101,https://www.aucklandcouncil.govt.nz/parks-recreation/Pages/default.aspx
ChIJD5f5BAVPDW0RVPzZOBARFeE,David Lange Park,-36.967159,174.7998383,"Māngere, Auckland 2022, New Zealand",park,"establishment,park,point_of_interest",4.4,148,+64 210 223 9648,https://www.aucklandcouncil.govt.nz/parks-recreation/Pages/park-details.aspx?Location=361
ChIJvZuZjAxPDW0RwPOcJGLvAA8,Moyle Park,-36.9626262,174.7973674,"48R Bader Drive, Māngere, Auckland 2022, New Zealand",park,"establishment,park,point_of_interest",3.7,97,+64 9 301 0101,https://www.aucklandcouncil.govt.nz/parks-recreation/Pages/park-details.aspx?Location=280
ChIJH4UTBwZPDW0R4POcJGLvAA8,Mangere Centre Park,-36.9645692,174.8053907,"141r Robertson Road, Māngere East, Auckland 2024, New Zealand",park,"establishment,park,point_of_interest",4.2,497,+64 9 301 0101,https://www.aucklandcouncil.govt.nz/parks-recreation/Pages/park-details.aspx?Location=392
ChIJ-Qyci0NPDW0R2AcL2_JciUg,Naomi And Bill Kirk Park,-36.9422948,174.7875043,"39 Coronation Road, Māngere Bridge, Auckland 2022, New Zealand",park,"establishment,park,point_of_interest",4.2,16,,
ChIJ6WUvBHRPDW0Rpz90ZhiXNrY,Vickers Park,-36.9637888,174.7893984,"29 Vickers Crescent, Māngere, Auckland 2022, New Zealand",park,"establishment,park,point_of_interest",3.7,3,,
ChIJh7tZVmNPDW0RsDGbrTBmkb4,Mangere Lagoon,-36.9591635,174.7776173,"Māngere Bridge, Auckland 2022, New Zealand",,"establishment,point_of_interest",4.4,45,+64 9 301 0101,https://www.aucklandcouncil.govt.nz/parks-recreation/get-outdoors/aklpaths/Pages/path-detail.aspx?itemID=10
ChIJLzWjsyBFDW0R7aoNQAlU3gs,Ellets Beach,-36.9892025,174.7443389,"Ihumatao Road, Māngere, Auckland 2022, New Zealand",park,"establishment,park,point_of_interest",3.9,34,,
ChIJIUciYWhPDW0RIO6cJGLvAA8,Mangere Domain,-36.9484678,174.7830326,"Domain Road, Māngere Bridge, Auckland 2022, New Zealand",park,"establishment,park,point_of_interest",4.6,612,+64 9 301 0101,https://www.aucklandcouncil.govt.nz/parks-recreation/Pages/park-details.aspx?Location=373
ChIJM1N8BgpPDW0R-1LMojBBSzc,Mangere Town Centre,-36.9691884,174.800108,"93 Bader Drive, Māngere, Auckland 2153, New Zealand",shopping mall,"establishment,point_of_interest,shopping_mall",3.9,2519,+64 9 275 7078,http://mangeretowncentre.nz/
ChIJiZGIC_dODW0Roehf-NDBbog,Walter Massey Park,-36.9672271,174.8274556,"Māngere East, Auckland 2024, New Zealand",park,"establishment,park,point_of_interest",4.2,197,,
ChIJDV12cENPDW0Rh9-qHnzuuPc,Swanson Park,-36.9426077,174.7858948,"5/7 Church Road, Māngere Bridge, Auckland 2022, New Zealand",park,"establishment,park,point_of_interest",4.2,50,+64 9 301 0101,https://www.aucklandcouncil.govt.nz/parks-recreation/Pages/default.aspx
ChIJL3dAzhVMDW0Rw16TNnaOBWg,Ngati Otara Park,-36.9480986,174.8783355,"100 Otara Road, Ōtara, Auckland 2023, New Zealand",park,"establishment,park,point_of_interest",4.4,130,+64 9 301 0101,https://www.aucklandcouncil.govt.nz/parks-recreation/Pages/park-details.aspx?Location=340
ChIJJST16jdMDW0RezWxPTrCq_Q,Otara Giant Slide,-36.963301,174.8761928,"New Zealand 9A Cobham Crescent, Ōtara, Auckland 2023, New Zealand",park,"establishment,park,point_of_interest",4.3,144,,https://orteil.dashnet.org/cookieclicker/
ChIJkVsQhTdMDW0RWfpGVAsorA4,Otamariki Park,-36.9630154,174.8757966,"193 East Tamaki Road, Ōtara, Auckland 2023, New Zealand",park,"establishment,park,point_of_interest",4.4,66,,https://www.aucklandcouncil.govt.nz/parks-recreation/Pages/park-details.aspx?Location=2924
ChIJq4f4R0FMDW0RRP6DFw1oxok,Mayfield Park,-36.9558304,174.8818726,"42 Hills Road, Ōtara, Auckland 2023, New Zealand",park,"establishment,park,point_of_interest",4.5,6,,
ChIJr5GsY9tNDW0R6GfnQGCpcWE,Ōtara park NZ,-36.958813,174.8898908,"291 East Tamaki Road, Ōtara, Auckland 2013, New Zealand",park,"establishment,park,point_of_interest",,0,,
ChIJ3dpEPgBNDW0RGbUbnZsA4aU,Ormiston view point,-36.9653265,174.9391051,"530/554 Ormiston Road, Flat Bush, Auckland 2576, New Zealand",tourist attraction,"establishment,point_of_interest,tourist_attraction",5.0,1,,
ChIJE5MGw1FMDW0R0bRh-FdTtf8,Preston Road Reserve,-36.9663187,174.8888576,"Ōtara, Auckland 2023, New Zealand",park,"establishment,park,point_of_interest",3.7,19,+64 9 301 0101,https://www.aucklandcouncil.govt.nz/parks-recreation/Pages/default.aspx
ChIJGSPWXUpMDW0RKejbsQt3DaI,Sandbrook Reserve,-36.9696523,174.87847,"259-261 Bairds Road, Ōtara, Auckland 2023, New Zealand",park,"establishment,park,point_of_interest",3.7,24,+64 9 301 0101,https://www.aucklandcouncil.govt.nz/parks-recreation/Pages/default.aspx
ChIJjVMpCTpMDW0RSzZJV0r77nk,Otara Flea Market,-36.9610665,174.8721572,"Newbury Street, Manukau, Auckland 2023, New Zealand",tourist attraction,"establishment,point_of_interest,tourist_attraction",4.3,2352,+64 9 274 0830,https://www.otaramarkets.co.nz/
ChIJF1qkp0dMDW0RlOnIgf8KB5o,Otara Creek Reserve,-36.9600867,174.8795931,"Ōtara, Auckland 2023, New Zealand",park,"establishment,park,point_of_interest",4.6,9,,
ChIJcZ3xZIBADW0R3_SwUH3z8zc,Otara Town Centre,-36.9611828,174.8736046,"Ōtara, Auckland 2023, New Zealand",shopping mall,"establishment,point_of_interest,shopping_mall",4.0,1382,+64 9 274 3414,https://www.otara.co.nz/
ChIJ3w4ARZ1MDW0RJcYdwJbgzFQ,Whaka Maumahara,-36.9322399,174.9098702,"204 Guys Road, East Tāmaki, Auckland 2013, New Zealand",park,"establishment,park,point_of_interest",4.5,4,,
ChIJD4ayVgC1cm0RsWJiHjXuxpw,Snapper Rock,-36.8773458,174.9991242,"61 Pohutukawa Road, Beachlands 2018, New Zealand",,"establishment,point_of_interest",3.8,5,,
ChIJ42J9419MDW0REsvmAyyv8qM,Hampton Park,-36.9507812,174.8974,"334 East Tamaki Road, East Tāmaki, Auckland 2013, New Zealand",park,"establishment,park,point_of_interest",4.1,44,+64 9 301 0101,https://www.aucklandcouncil.govt.nz/parks-recreation/Pages/park-details.aspx?Location=288
ChIJcbzSF11NDW0R-XG7CH2RDMA,Point View Reserve,-36.9501699,174.9270931,"4787024, East Tāmaki Heights, Auckland 2016, New Zealand",park,"establishment,park,point_of_interest",4.6,181,+64 9 301 0101,https://www.aucklandcouncil.govt.nz/parks-recreation/Pages/default.aspx
ChIJfaxQzYVNDW0RScicq9K21kM,Riripono,-36.9568452,174.8767176,"52 Alexander Crescent, Ōtara, Auckland 2023, New Zealand",park,"establishment,park,point_of_interest",5.0,1,,
ChIJTSGZODhLDW0Ruj84D0g9d5A,Morrin Cooper Park,-36.9088075,174.9284434,"Whitford Road, Botany Downs, Auckland 2010, New Zealand",park,"establishment,park,point_of_interest",3.9,23,,
ChIJn1uA4jpLDW0R-k43Ekg3QfQ,Polish Heritage Trust Museum in New Zealand,-36.9017762,174.9272271,"125 Elliot Street, Howick, Auckland 2014, New Zealand",tourist attraction,"establishment,museum,point_of_interest,tourist_attraction",4.6,28,+64 9 533 3530,http://www.polishheritage.co.nz/
ChIJ-UGYqBVLDW0R47eGEKxsw8Y,Sheffield Place Reserve,-36.9071646,174.9173422,"4 Lexington Drive, Botany Downs, Auckland 2010, New Zealand",park,"establishment,park,point_of_interest",4.5,2,,
ChIJe3cdeQBLDW0RbNVfQ5sIcJM,Cascade Bridge,-36.9121969,174.9146024,"35 Pinewood Grove, Botany Downs, Auckland 2010, New Zealand",park,"establishment,park,point_of_interest",,0,,
ChIJz7k1H7pLDW0RBmnEKLCBse8,Edendale Park,-36.9094221,174.9285967,"36r Whitford Road, Somerville, Auckland 2014, New Zealand",park,"establishment,park,point_of_interest",3.0,1,+64 9 301 0101,https://www.aucklandcouncil.govt.nz/parks-recreation/Pages/park-details.aspx?Location=2247
ChIJN-EpSaRLDW0RHiLkzZ_DFuw,Mirrabooka Park,-36.9096765,174.9232518,"Botany Downs, Auckland 2010, New Zealand",park,"establishment,park,point_of_interest",4.4,14,,
ChIJkfLxRhJLDW0RjPwAanp7KaQ,McCahill Views Reserve,-36.9059659,174.9106839,"Botany Downs, Auckland 2010, New Zealand",park,"establishment,park,point_of_interest",4.7,23,,
ChIJVb3qX2xLDW0RVeYziDEtMpE,Cascade Walkway,-36.9129694,174.9137758,"Botany Downs, Auckland 2010, New Zealand",park,"establishment,park,point_of_interest",4.5,21,,
ChIJDQkK1ShLDW0RQbtIwG3l8o4,Howick Information Service,-36.8947408,174.9322419,"91 Picton Street, Howick, Auckland 2014, New Zealand",tourist attraction,"establishment,point_of_interest,tourist_attraction,travel_agency",4.4,37,+64 9 534 4796,http://www.aucklandcouncil.govt.nz/
ChIJI2N6AD5LDW0RRq2jcEPzh_s,Botany Park,-36.9050272,174.9195156,"Botany Downs, Auckland 2010, New Zealand",park,"establishment,park,point_of_interest",4.5,4,,
ChIJkTXUYABLDW0RzFc8jiGKHI4,Gosford Drive Reserve North Walk,-36.90817639999999,174.9154633,"12 Channing Crescent, Botany Downs, Auckland 2010, New Zealand",park,"establishment,park,point_of_interest",,0,,
ChIJ_bt0AgC1cm0RTREFR6nicz8,Pubelic Art,-36.910847,175.0041078,"Beachlands 2571, New Zealand",tourist attraction,"establishment,point_of_interest,tourist_attraction",5.0,4,,
ChIJke8K5HBLDW0RQR3W-FL2vJo,Northpark Lights,-36.9151752,174.9252061,"7 Northpark Avenue, Northpark, Auckland 2013, New Zealand",tourist attraction,"establishment,point_of_interest,tourist_attraction",4.3,6,,https://northparklights.remotefalcon.com/
ChIJ_-CDbj9LDW0RXJTAgCMpSxA,Gosford Drive Reserve,-36.9092591,174.9137793,"Botany Downs, Auckland 2010, New Zealand",park,"establishment,park,point_of_interest",5.0,1,,https://www.aucklandcouncil.govt.nz/parks-recreation/get-outdoors/aklpaths/Pages/path-detail.aspx?ItemId=53
ChIJVeIOCwBLDW0RVMivS-Vfi0g,Gosford Drive Reserve South Walk,-36.9105924,174.9139123,"39A Gosford Drive, Botany Downs, Auckland 2010, New Zealand",park,"establishment,park,point_of_interest",,0,,
ChIJjZBHuhpLDW0R--1dkDaOe_A,Boyd Reserve,-36.8981316,174.9096595,"Bucklands Beach, Auckland 2014, New Zealand",park,"establishment,park,point_of_interest",3.0,2,+64 9 301 0101,https://www.aucklandcouncil.govt.nz/parks-recreation/Pages/default.aspx
ChIJiewuZp5MDW0RJUvWG1bcbiM,HOYTS Cinemas Botany Downs,-36.9340195,174.9142879,"588 Chapel Road, East Tāmaki, Auckland 2016, New Zealand",,"establishment,movie_theater,point_of_interest",4.3,2215,+64 508 446 987,https://www.hoyts.co.nz/cinemas/botany-downs
ChIJy8aV8H5LDW0R4zGPFYecjk4,The Warehouse Botany Downs,-36.9306193,174.9148603,"501 Ti Rakau Drive, Northpark, Auckland 2013, New Zealand",,"clothing_store,department_store,establishment,home_goods_store,point_of_interest,store",3.9,928,+64 9 273 1597,https://www.thewarehouse.co.nz/stores/botanydowns.html?utm_source=organic&utm_medium=gmb&utm_campaign=store_location
ChIJqc4S7mJLDW0RUmFNF1ZnvmQ,Daruma Ramen,-36.9296157,174.9105868,"451 Ti Rakau Drive, Huntington Park, Auckland 2013, New Zealand",restaurant,"establishment,food,point_of_interest,restaurant",4.2,590,+64 9 272 2600,https://daruma-ramen.nz/
ChIJa07FrudKDW0R4MycJGLvAA8,Macleans Park,-36.8798802,174.9172788,"67R The Esplanade, Mellons Bay, Auckland 2014, New Zealand",park,"establishment,park,point_of_interest",4.5,611,+64 9 301 0101,https://www.aucklandcouncil.govt.nz/parks-recreation/Pages/park-details.aspx?Location=2837
ChIJGWVx1YRMDW0R81wScSu9P_w,Botany Palms Motel,-36.9389172,174.9088938,"31 Kellaway Drive, East Tāmaki, Auckland 2013, New Zealand",,"establishment,lodging,point_of_interest",3.9,172,+64 9 265 1986,https://botanypalmsmotel.co.nz/
ChIJcxsWxyhLDW0RztFNqBv1fU8,Crawford Reserve,-36.8922185,174.9296638,"Picton Street, Howick, Auckland 2014, New Zealand",park,"establishment,park,point_of_interest",4.5,28,+64 9 301 0101,https://www.aucklandcouncil.govt.nz/parks-recreation/Pages/default.aspx
ChIJR79BNRdLDW0RXzgcCvufWDE,Ballater Park,-36.9006826,174.9109565,"19 Ballater Place, Highland Park, Auckland 2010, New Zealand",park,"establishment,park,point_of_interest",3.2,5,,
ChIJeSQTCWpLDW0Rirhg5ZykxcI,Millhouse Reserve,-36.9147718,174.9185943,"67 Millhouse Drive, Northpark, Auckland 2013, New Zealand",park,"establishment,park,point_of_interest",4.3,98,+64 9 301 0101,https://www.aucklandcouncil.govt.nz/parks-recreation/Pages/park-details.aspx?Location=363
ChIJ6SF983JLDW0RrpVqoZQkNL4,Howick Green,-36.8946878,174.9329996,"110 Picton Street, Howick, Auckland 2014, New Zealand",park,"establishment,park,point_of_interest",5.0,3,,
ChIJf_L00k5LDW0R0Qlep9hqDvU,Hawthornden Reserve,-36.89756029999999,174.9342131,"Howick, Auckland 2014, New Zealand",park,"establishment,park,point_of_interest",4.1,9,,
ChIJfw2ds9BKDW0RNW_wpE1DZ24,Mellons Bay Reserve,-36.8836792,174.9306484,"Mellons Bay, Auckland 2014, New Zealand",park,"establishment,park,point_of_interest",4.5,343,,https://www.aucklandcouncil.govt.nz/parks-recreation/Pages/default.aspx
ChIJUZV5ayVLDW0R-W5WmepkEEQ,Howick Domain,-36.8981886,174.9287445,"Howick, Auckland 2014, New Zealand",park,"establishment,park,point_of_interest",4.7,93,,
ChIJKX5U8NS0cm0RrR9omh48Q0s,Howick Beach,-36.8931693,174.9422659,"Granger Road, Cockle Bay, Auckland 2014, New Zealand",park,"establishment,park,point_of_interest",4.6,267,,
ChIJrziTNh9LDW0RkQALzRg3Gwo,Self Drive Holidays New Zealand,-36.8936289,174.9177763,"9 Bacot Place, Howick, Auckland 2014, New Zealand",,"establishment,point_of_interest,travel_agency",,0,+64 9 537 9151,http://www.selfdriveholidaysnz.com/
ChIJHU8PBuxLDW0Rz4x7y2ABB-o,Te Tuhi,-36.9137809,174.873116,"21 William Roberts Road, Pakuranga, Auckland 2010, New Zealand",tourist attraction,"art_gallery,establishment,point_of_interest,tourist_attraction",4.3,136,+64 9 577 0138,https://www.tetuhi.art/
ChIJGYmcP5RLDW0Rc66E_mzzacg,Glenhouse Reserve,-36.9124452,174.8815969,"Pakuranga, Auckland 2010, New Zealand",park,"establishment,park,point_of_interest",4.6,13,,
ChIJ9cauco9LDW0R4ZXAbWm1xTw,Ti Rakau Park,-36.9141079,174.8744269,"24 William Roberts Road, Pakuranga, Auckland 2010, New Zealand",park,"establishment,park,point_of_interest",4.1,93,,
ChIJ-cxcX5lLDW0RIRkNASoKclI,Megan Park,-36.9142208,174.8921291,"Pakuranga Heights, Auckland 2010, New Zealand",park,"establishment,park,point_of_interest",4.2,6,,
ChIJr5wWU59LDW0R0ZkqiiRnvuk,Rotary Reserve,-36.9113261,174.8703693,"96 Pakuranga Road, Pakuranga, Auckland 2010, New Zealand",park,"establishment,park,point_of_interest",5.0,3,,
ChIJr_sNZg9LDW0RpHTnXnDyV_Y,Pakuranga Creek,-36.92340830000001,174.8900003,"43 Davington Way, Burswood, Auckland 2013, New Zealand",park,"establishment,park,point_of_interest",4.0,1,,
ChIJ5aSCDPtLDW0RQ88wYXnkbwY,Tiraumea Drive Reserve,-36.9208592,174.8634338,"118 Tiraumea Drive, Pakuranga, Auckland 2010, New Zealand",park,"establishment,park,point_of_interest",4.1,83,,https://www.aucklandcouncil.govt.nz/parks-recreation/Pages/default.aspx
ChIJ____uwFLDW0RwMnbsElN3fo,Pakuranga Domain,-36.8896729,174.9020583,"Pakuranga Domain, Half Moon Bay, Auckland 2012, New Zealand",park,"establishment,park,point_of_interest",4.3,20,+64 9 301 0101,
ChIJ3SEus4lKDW0RHv-ocrws6G4,Eeya’s Rock,-36.8584336,174.9002282,"2012/12 Musick Point Road, Bucklands Beach, Auckland 2012, New Zealand",park,"establishment,park,point_of_interest",4.4,34,,https://www.aucklandcouncil.govt.nz/parks-recreation/Pages/default.aspx
ChIJ2w7N0bZLDW0R_HbT-5WZo9A,Farm Cove Reserve,-36.89156610000001,174.8809888,"38A Bramley Drive, Farm Cove, Auckland 2012, New Zealand",park,"establishment,park,point_of_interest",4.6,207,+64 9 301 0101,http://www.aucklandcouncil.govt.nz/EN/Pages/default.aspx
ChIJZ9WGNcW0cm0RjQrbNizOG4w,Cockle Bay Reserve,-36.900885,174.9517949,"6/10 Shelly Beach Parade, Cockle Bay, Auckland 2014, New Zealand",park,"establishment,park,point_of_interest",4.6,836,+64 9 301 0101,https://www.aucklandcouncil.govt.nz/parks-recreation/Pages/default.aspx
ChIJyU2ywe5LDW0Rktkw6jwa7p0,Pakuranga Night Market,-36.9135221,174.8720147,"Reeves Road, Pakuranga, Auckland 2010, New Zealand",,"establishment,point_of_interest",4.3,1561,+64 27 689 9520,http://aucklandnightmarkets.co.nz/
ChIJh6-E9U1LDW0Rp00YM52smEw,Mangemangeroa Reserve,-36.9188669,174.9361764,"222 Whitford Road, Shamrock Park, Auckland 2571, New Zealand",park,"establishment,park,point_of_interest",4.7,94,+64 9 301 0101,https://www.aucklandcouncil.govt.nz/parks-recreation/Pages/default.aspx
ChIJ6yU2fsJLDW0RbTsmdvAZg9M,Eastern Beach Lookout,-36.8752842,174.9129857,"45 Quedley Court, Eastern Beach, Auckland 2012, New Zealand",park,"establishment,park,point_of_interest",4.7,10,,
ChIJYalEAdq0cm0RAqQBxBdlYXo,Waikiteroa,-36.8958253,174.95079,"Cockle Bay, Auckland 2014, New Zealand",park,"establishment,park,point_of_interest",4.3,21,,https://www.aucklandcouncil.govt.nz/parks-recreation/Pages/default.aspx
ChIJmdYDcdi1cm0RsM2cJGLvAA8,Omana Regional Park,-36.8794052,175.0256333,"2 Omana Beach Road, Maraetai 2571, New Zealand",tourist attraction,"establishment,park,point_of_interest,tourist_attraction",4.7,1151,+64 9 301 0101,https://www.aucklandcouncil.govt.nz/parks-recreation/Pages/park-details.aspx?Location=222
ChIJ71L2Ec61cm0RclBI17zH3Eg,Kellys Beach,-36.8818095,175.0159346,"Weatherly Drive, Beachlands 2571, New Zealand",tourist attraction,"establishment,point_of_interest,tourist_attraction",4.5,17,,https://www.topomap.co.nz/NZTopoMap/nz8387/Kellys-Beach/
ChIJ7XVEOGG1cm0RFTaWRv4gylk,Motukaraka Island,-36.8785122,174.979467,"Motukaraka Island, Beachlands 2018, New Zealand",tourist attraction,"establishment,point_of_interest,tourist_attraction",4.2,10,,
ChIJ2awzUie1cm0RiDontYqq5Rg,Omana Beach Picnic Area,-36.87846589999999,175.0218942,"Omana Beach Road, Maraetai 2571, New Zealand",tourist attraction,"establishment,point_of_interest,tourist_attraction",4.5,11,,
ChIJ20o9cx-3cm0RyBP6y_pjNkc,Te Pene Beach,-36.8748949,175.0385947,"27 Omana Esplanade, Maraetai 2018, New Zealand",tourist attraction,"establishment,point_of_interest,tourist_attraction",4.8,69,,https://www.topomap.co.nz/NZTopoMap/nz8387/Te-Pene-Beach/
ChIJ2QE6JlC2cm0RgU44ytxtSb4,Magazine Bay Wharf,-36.883679,175.057018,"Maraetai 2582, New Zealand",tourist attraction,"establishment,point_of_interest,tourist_attraction",4.6,182,+64 9 301 0101,https://www.aucklandcouncil.govt.nz/parks-recreation/Pages/default.aspx
ChIJ2TbkFbq1cm0RK2iP5TP-468,Sunkist Bay Reserve,-36.8800955,174.9959062,"62 Wakelin Road, Beachlands 2018, New Zealand",park,"establishment,park,point_of_interest",4.5,64,,
ChIJ34pyZWS3cm0RLMF0b07XGsQ,Waiheke Island Viewing Point,-36.8744892,175.0380481,"Maraetai 2018, New Zealand",tourist attraction,"establishment,point_of_interest,tourist_attraction",5.0,5,,
ChIJy_hss4-1cm0RCK8O57vtuLQ,The cliff lookout,-36.8774769,175.020007,"42FC+22, Maraetai 2571, New Zealand",park,"establishment,park,point_of_interest",4.7,7,,
ChIJ4xVFOQC3cm0RUIUKrhAQi40,The Rotating House,-36.8801284,175.0387524,"179 Maraetai Drive, Maraetai 2018, New Zealand",tourist attraction,"establishment,point_of_interest,tourist_attraction",5.0,2,+64 21 665 216,http://lighthouse.net.nz/
ChIJ6WjuL5-3cm0RLT4_5wBaUdI,Omana Beach,-36.8768309,175.032961,"28 Omana Esplanade, Maraetai 2018, New Zealand",tourist attraction,"establishment,point_of_interest,tourist_attraction",4.6,129,,
ChIJ5-juYw23cm0RAv22_sZYfqc,Duder Regional Park,-36.9058798,175.0841484,"933R North Road, Clevedon 2582, New Zealand",tourist attraction,"establishment,lodging,park,point_of_interest,tourist_attraction",4.7,1182,+64 9 301 0101,https://www.aucklandcouncil.govt.nz/parks-recreation/Pages/park-details.aspx?Location=211
ChIJUwefoci1cm0RX9rK3Syb2bs,Blakewell Park,-36.88195839999999,175.0066052,"Beachlands 2018, New Zealand",park,"establishment,park,point_of_interest",4.0,6,+64 9 301 0101,https://www.aucklandcouncil.govt.nz/parks-recreation/Pages/default.aspx
ChIJD6qe4Oezcm0RDW_ZrftklFs,Turanga Creek Lookout Platform,-36.94417,174.9644627,"73 Whitford Wharf Road, Auckland 2571, New Zealand",tourist attraction,"establishment,point_of_interest,tourist_attraction",3.5,2,,
ChIJyy4EQMi1cm0RT64S4ljuWFY,Pony Park Reserve,-36.8826756,175.0039348,"25 Pony Park Place, Beachlands 2018, New Zealand",park,"establishment,park,point_of_interest",3.0,1,,
ChIJJ0NtRVG2cm0RZzMP1lsYUBI,Maraetai Coast Beach,-36.8842113,175.056959,"3 Maraetai Coast Road, Maraetai 2582, New Zealand",tourist attraction,"establishment,point_of_interest,tourist_attraction",4.5,25,+64 9 301 0101,https://www.aucklandcouncil.govt.nz/parks-recreation/Pages/default.aspx
ChIJWe63NEi3cm0RehtgPzGEXfs,Shallow Shells Beach,-36.9102583,175.0851001,"Duder Regional Park 933R North Road, Clevedon 2582, New Zealand",tourist attraction,"establishment,point_of_interest,tourist_attraction",5.0,9,,
ChIJh8vWGsW1cm0RboCZOotdHgU,Leigh Auton Reserve,-36.879521,175.0106767,"Beachlands 2571, New Zealand",park,"establishment,park,point_of_interest",4.8,39,,
ChIJs2tEva61cm0RuZsR2TE1LT8,Pine Harbour Park,-36.8854605,174.9884173,"Beachlands 2018, New Zealand",park,"establishment,park,point_of_interest",4.3,4,,
ChIJ_zgzaqm1cm0RSJDusAqu-4I,Green Bay Reserve,-36.8850893,174.9855733,"Beachlands 2018, New Zealand",park,"establishment,park,point_of_interest",4.3,9,,
ChIJBZn6U8a1cm0RINOKTN3GllU,Shelly Bay Reserve,-36.8791335,175.0055816,"Beachlands 2018, New Zealand",park,"establishment,park,point_of_interest",4.7,27,,
ChIJX0fp0uK3cm0RCnkpZSh9iSw,Waiomanu Beach,-36.8822416,175.0538694,"Maraetai Coast Road, Maraetai 2582, New Zealand",tourist attraction,"establishment,point_of_interest,tourist_attraction",4.7,18,,http://www.aucklandcity.govt.nz/council/documents/regionalplans/coastal/mapseries1map22.pdf
ChIJ22oRny2wcm0RRieeuocnoJk,McNicol Homestead & Museum,-36.9893533,175.0458306,"12 McNicol Road, Rd 5, Clevedon 2585, New Zealand",tourist attraction,"establishment,museum,point_of_interest,tourist_attraction",4.5,21,+64 9 292 8421,
ChIJBaxuU_LPcm0RME8CUVCSWYI,Te Whau point,-36.8163225,175.0418589,"Carey Bay Rd, Auckland 1971, New Zealand",tourist attraction,"establishment,point_of_interest,tourist_attraction",,0,,
ChIJwbw8CMy1cm0Rkw2bOKqgCAE,Intrepid Crescent Reserve,-36.8876211,175.0079151,"116 Beachlands Road, Beachlands 2018, New Zealand",park,"establishment,park,point_of_interest",,0,,
ChIJZ5BzEs61cm0RiPDzPbba4GY,Liberty Park,-36.8864568,175.0121387,"50 Liberty Crescent, Beachlands 2018, New Zealand",park,"establishment,park,point_of_interest",,0,,
ChIJg7h9NkXIcm0RQLecJGLvAA8,Whakanewha Regional Park,-36.8216896,175.0768473,"75 Gordons Road, Waiheke Island, Auckland 1971, New Zealand",tourist attraction,"establishment,park,point_of_interest,tourist_attraction",4.6,233,+64 9 366 2000,https://www.aucklandcouncil.govt.nz/parks-recreation/Pages/park-details.aspx?Location=3422
ChIJuTkyAIe5cm0RCA630I-jtn8,Waitawa Regional Park,-36.9381522,175.1412536,"1168 Clevedon-Kawakawa Road, Kawakawa Bay 2585, New Zealand",tourist attraction,"establishment,park,point_of_interest,tourist_attraction",4.7,1023,+64 9 366 2000,https://www.aucklandcouncil.govt.nz/parks-recreation/Pages/park-details.aspx?Location=3402
ChIJJcHqqgXLcm0Rh-Mzyuvsns4,Falcon Point,-36.783987,175.0146773,"Oneroa, Auckland 1081, New Zealand",tourist attraction,"establishment,point_of_interest,tourist_attraction",5.0,1,,
ChIJmUiBwCY0DW0RsOhXFhNLYWs,Lava Caves,-36.7913354,174.8632808,"Auckland 1010, New Zealand",tourist attraction,"establishment,point_of_interest,tourist_attraction",4.4,136,,
ChIJS6OCKmi2cm0RZ-C2w-9mzdA,Maraetai Wharf,-36.88047290000001,175.0442655,"206/198 Pacific Coast Highway, Maraetai 2018, New Zealand",,"establishment,point_of_interest",4.5,344,+64 9 301 0101,https://www.aucklandcouncil.govt.nz/parks-recreation/Pages/default.aspx
ChIJSWbXnOi3cm0RnTFafKR6rpg,Maraetai Park,-36.879793,175.0418603,"194 Maraetai Drive, Maraetai 2018, New Zealand",park,"establishment,park,point_of_interest",4.6,159,+64 9 301 0101,https://www.aucklandcouncil.govt.nz/parks-recreation/Pages/default.aspx
ChIJYdF-l661cm0RHP3ePl6EtXA,Pine Harbour Marina Beachlands,-36.889608,174.9901701,"190 Jack Lachlan Drive, Pine Harbour, Beachlands 2018, New Zealand",,"establishment,point_of_interest",4.5,521,+64 9 536 4720,https://pineharbour.co.nz/
ChIJ0Qmd9dC1cm0RIM-cJGLvAA8,Te Puru Park,-36.8827161,175.0149001,"Whitford-Maraetai Road, Beachlands 2571, New Zealand",,"establishment,point_of_interest",4.6,260,,http://www.tepuru.co.nz/
ChIJDfFxlbe1cm0RSAkUt-uP1mQ,The Pohutukawa Coast Website,-36.8827483,175.0011288,"37 Bell Road, Beachlands 2018, New Zealand",,"establishment,point_of_interest",4.0,6,,http://www.pohutukawacoast.nz/
ChIJXbIC_inJcm0RQ0yTdHZTEls,Jade Rock,-36.7838093,175.0163903,"Waiheke Island 1081, New Zealand",,"establishment,point_of_interest",4.4,5,,
ChIJLcmosbC1cm0R7fLdvPMTAks,Sky Horse Takeaway,-36.8822222,174.9969444,"42 Wakelin Road, Beachlands 2018, New Zealand",restaurant,"establishment,food,meal_takeaway,point_of_interest,restaurant",4.5,226,+64 9 536 6858,http://www.skyhorsetakeaway.co.nz/
ChIJtVZSHgBLDW0RonOQXgNVmNw,Beach view,-36.8850748,174.8942794,"Himalaya Drive, Half Moon Bay, Auckland 2012, New Zealand",,"establishment,point_of_interest",,0,,
ChIJ6bQrFYG3cm0R_LBU93a2OVE,Neils Point Wharf,-36.8839867,175.0564067,"Maraetai 2582, New Zealand",,"establishment,point_of_interest",4.6,9,+64 21 214 6239,
ChIJ04jFZFS1cm0RjCaU6uIWLeo,Pohutukawa Coast Shopping Centre,-36.8895474,175.0108197,"129 Beachlands Road, Beachlands 2018, New Zealand",shopping mall,"establishment,point_of_interest,shopping_mall",4.0,10,,
ChIJN4M27_zIcm0RDkJHxmBp5Nc,Tantalus Estate,-36.799618,175.068343,"70/72 Onetangi Road, Onetangi, Waiheke Island 1971, New Zealand",tourist attraction,"establishment,food,point_of_interest,restaurant,tourist_attraction",4.6,563,+64 9 372 2625,http://www.tantalus.co.nz/
ChIJHbskAADLcm0RC4IuJpwqCto,The Waiheke Sign,-36.7815333,175.008398,"139 Ocean View Road, Oneroa, Waiheke Island 1081, New Zealand",tourist attraction,"establishment,point_of_interest,tourist_attraction",4.9,25,,
ChIJ2159Q0_Icm0Rx0-RcHRVrq8,Kumara storage pits,-36.8244728,175.0745178,"379A Gordons Road, Waiheke Island 1971, New Zealand",,"establishment,point_of_interest",5.0,3,,
ChIJb4RLCQDLcm0RhN8cewRnvho,La Ratera,-36.7924645,175.0194379,"29 Burrell Road, Oneroa, Waiheke Island 1081, New Zealand",,"establishment,point_of_interest",,0,,
ChIJiRHF3K21cm0R3CMcSNvMtpI,Playing Around New Zealand,-36.88701470000001,174.9906446,"64 Pine Harbour Parade, Beachlands 2018, New Zealand",,"establishment,point_of_interest,travel_agency",5.0,1,+64 9 536 4560,https://playgolf.co.nz/
ChIJh-k-AH2jcm0RuHALXXxmMK4,Hunua Ranges Regional Park,-37.066771,175.0896316,"203 Falls Road, Hunua 2583, New Zealand",tourist attraction,"establishment,park,point_of_interest,tourist_attraction",4.6,1125,+64 9 366 2000,https://www.aucklandcouncil.govt.nz/parks-recreation/Pages/park-details.aspx?Location=213
ChIJla6uuIKxcm0RgPicJGLvAA8,Clevedon Scenic Reserve,-36.9860224,175.0373387,"30 Thorps Quarry Road, Clevedon 2582, New Zealand",park,"establishment,park,point_of_interest",4.6,524,+64 9 301 0101,https://www.aucklandcouncil.govt.nz/parks-recreation/Pages/park-details.aspx?Location=371
ChIJH4CbVQC3cm0RUe797AZkMVU,Hidden Beach,-36.8768228,175.0406552,"27 Te Pene Road, Maraetai 2018, New Zealand",park,"establishment,park,point_of_interest",5.0,1,,
ChIJtfLG5PtHDW0RF2bAWqS3yBc,Frontline Designer Clothes,-36.8473752,174.7665316,"21 High Street, Auckland Central, Auckland 1010, New Zealand",,"clothing_store,establishment,point_of_interest,store",4.2,600,+64 9 373 3151,http://www.frontlinedesignerclothes.co.nz/
ChIJuy9SxO5PDW0RQFj4XAnVDgU,Auckland Airport Shopping Centre,-36.9973428,174.7879643,"1 John Goulter Drive, airport shopping centre, Auckland 2022, New Zealand",shopping mall,"establishment,hair_care,point_of_interest,shopping_mall",4.3,1651,+64 9 275 0789,
ChIJS7YXr3lODW0RKnXqcBZPlxI,Old Papatoetoe Shopping Centre,-36.98007450000001,174.8538611,"Papatoetoe, Auckland 2025, New Zealand",shopping mall,"establishment,point_of_interest,shopping_mall",4.2,843,+64 9 277 6649,
ChIJ3S2EqWhBDW0Re5l4THSzlR0,Kelston Mall,-36.9094263,174.6636791,"16 West Coast Road, Glen Eden, Auckland 0602, New Zealand",shopping mall,"establishment,point_of_interest,shopping_mall",3.9,1378,+64 9 818 4372,http://www.kelstonmall.co.nz/
ChIJdZdSYspNDW0RlaZ3g6poVGs,Ormiston Town Centre,-36.964327,174.9144985,"240 Ormiston Road, Flat Bush, Auckland 2016, New Zealand",shopping mall,"establishment,point_of_interest,shopping_mall",4.4,1543,+64 9 553 7075,https://ormistontown.co.nz/
ChIJ7emtwflMDW0RaXCJOLTCpGg,Botany Junction,-36.964772,174.9027543,"Corner of Te Irirangi Drive and, Ormiston Road, Botany South, Manukau 2016, New Zealand",shopping mall,"establishment,point_of_interest,shopping_mall",4.3,1879,,http://www.botanyjunction.co.nz/
ChIJ1WVyXStMDW0Rg3GnXLBevOA,Hunters Plaza,-36.9708754,174.8604448,"217 Great South Road, Papatoetoe, Auckland 2025, New Zealand",shopping mall,"establishment,point_of_interest,shopping_mall",4.0,3605,+64 9 277 7516,https://www.huntersplaza.co.nz/
ChIJNY3dqEFADW0RTxn_5aUDGYw,Lincoln North Centre,-36.8561845,174.6288878,"Lincoln Road, Henderson, Auckland 0610, New Zealand",shopping mall,"establishment,point_of_interest,shopping_mall",4.3,1883,,
ChIJ6XDepH5PDW0RZcHhoRKBpLw,Mangere Bridge Village,-36.9432592,174.7877134,"19/45 Coronation Road, Māngere Bridge, Auckland 2022, New Zealand",shopping mall,"establishment,point_of_interest,shopping_mall",4.5,107,,http://www.mangerebridge.co.nz/index.php
ChIJUR_iTOVHDW0RHTusaWQkZV4,The Warehouse Auckland Central,-36.8497757,174.7638746,"21 Elliott Street, Auckland Central, Auckland 1010, New Zealand",,"clothing_store,department_store,establishment,home_goods_store,point_of_interest,store",3.9,1216,+64 9 213 0002,https://www.thewarehouse.co.nz/stores/aucklandcentral.html?utm_source=organic&utm_medium=gmb&utm_campaign=store_location
ChIJORgfMuVHDW0RhFyKxRWmhs0,Cyber Outlet,-36.8501155,174.7645777,"239 Queen Street, Auckland Central, Auckland 1010, New Zealand",shopping mall,"establishment,point_of_interest,shopping_mall",3.8,8,+64 9 379 8835,
ChIJB2uisQhIDW0Rw2ySaSiHzfQ,Parnell Business Association,-36.8512403,174.778142,"2 York Street, Parnell, Auckland 1052, New Zealand",shopping mall,"establishment,food,point_of_interest,restaurant,shopping_mall",5.0,5,+64 9 379 0606,https://www.parnell.net.nz/?utm_source=GMB&utm_medium=Organic+Search
ChIJS8lg2g5IDW0R9OgDP7uQShQ,Parnell Shops,-36.85365,174.77928,"Parnell, Auckland 1052, New Zealand",,"establishment,point_of_interest,transit_station",,0,,
ChIJRfCsnA5IDW0R24Zfv_l-kyI,The Fantail House,-36.8556878,174.7804732,"237 Parnell Road, Parnell, Auckland 1052, New Zealand",,"art_gallery,clothing_store,establishment,home_goods_store,jewelry_store,point_of_interest,store",4.8,158,+64 9 218 7645,http://www.thefantailhouse.co.nz/
ChIJyzQeVndIDW0RnN1XSTkCves,Nuffield Street,-36.8718562,174.7780374,"Newmarket, Auckland 1023, New Zealand",shopping mall,"establishment,point_of_interest,shopping_mall",4.5,6,,
ChIJN4sp2A5IDW0RuoLP4qHUPHk,Parnell Shops,-36.85301,174.77903,"Parnell, Auckland 1052, New Zealand",,"establishment,point_of_interest,transit_station",5.0,1,,
ChIJETywp1BJDW0RymAFHTZ7M3U,Zillopillow,-36.8634551,174.7808684,"532 Parnell Road, Parnell, Auckland 1052, New Zealand",shopping mall,"establishment,point_of_interest,shopping_mall",5.0,1,+64 27 212 1707,https://www.zillopillow.com/
ChIJd8SsCPdJDW0R2oPoTDVRiyo,Parnell Quarter,-36.8540409,174.7841683,"69 Saint Georges Bay Road, Parnell, Auckland 1052, New Zealand",,"establishment,point_of_interest,store",,0,,
ChIJOxtcewVLDW0R6Xr8hZnJpj0,Highland Park Town Centre,-36.8989875,174.9071577,"503/505 Pakuranga Road, Highland Park, Auckland 2010, New Zealand",shopping mall,"establishment,parking,point_of_interest,shopping_mall",3.6,144,,https://www.highlandparkshoppingcentre.co.nz/
ChIJgcVeKABJDW0R1IJ75RSxkn4,Westfield Nuffield Street,-36.8714587,174.77775,"37 Nuffield Street, Newmarket, Auckland 1023, New Zealand",shopping mall,"establishment,point_of_interest,shopping_mall",,0,,
ChIJh76DBOE_DW0R42iGCEo8mzc,Westgate Lifestyle Shopping Centre,-36.8137279,174.6094738,"57/61 Maki Street, Westgate, Auckland 0814, New Zealand",shopping mall,"establishment,point_of_interest,shopping_mall",4.2,309,,
ChIJo3eInOXRKogRoIPkGjt8Bpo,Upper Canada Mall,44.0563228,-79.48507099999999,"17600 Yonge St, Newmarket, ON L3Y 4Z1, Canada",shopping mall,"establishment,point_of_interest,shopping_mall",4.4,9298,+1 905-895-1961,http://uppercanadamall.com/
ChIJEfNoP-lLDW0RP3M8GBc79LQ,Pakuranga Town Centre,-36.912647,174.871999,"Pakuranga Town Centre 10 Aylesbury Street, Pakuranga, Auckland 2010, New Zealand",shopping mall,"establishment,point_of_interest,shopping_mall",3.7,1494,+64 9 978 9100,http://www.pakurangaplaza.co.nz/
ChIJm0kHl8dJDW0RqG-ryXo8tLc,Louis Vuitton Newmarket,-36.8707883,174.7768905,"Shop S181/277 Broadway, Newmarket, Auckland 1023, New Zealand",,"establishment,point_of_interest,store",3.0,124,+64 800 586 966,https://ap.louisvuitton.com/eng-sg/point-of-sale/new-zealand/louis-vuitton-newmarket
ChIJBbu1zHxPDW0RnQX-nkoOZ-Y,Otahuhu Shopping Centre,-36.9453416,174.8447765,"Main street Great South Road, Ōtāhuhu, Auckland 1064, New Zealand",shopping mall,"establishment,point_of_interest,shopping_mall",4.2,266,+64 9 270 8571,
ChIJjVfR81xJDW0RFvcq36zvVh4,David Jones - Newmarket,-36.8705779,174.7757281,"277 Broadway, Newmarket, Auckland 1023, New Zealand",,"clothing_store,department_store,establishment,home_goods_store,point_of_interest,store",3.7,474,+64 9 523 7650,https://www.davidjones.com/newmarket?utm_source=google&utm_medium=organic&utm_campaign=Google%20My%20Business%20Page&utm_content=Newmarket&utm_term=plcid_11706003074878205019
ChIJzWbH8HNIDW0RrcHzxu8DUYw,The Warehouse Newmarket,-36.8659962,174.7792632,"64-74 Broadway, Newmarket, Auckland 1023, New Zealand",,"clothing_store,department_store,establishment,home_goods_store,point_of_interest,store",3.9,959,+64 9 523 1995,https://www.thewarehouse.co.nz/stores/newmarket.html?utm_source=organic&utm_medium=gmb&utm_campaign=store_location
ChIJw4Y3cHdIDW0R57kTlqej1sU,Country Road - Newmarket,-36.8707883,174.7768905,"Westfield Shopping Centre Level 2, Shop 243/277 Broadway, Newmarket, Auckland 1023, New Zealand",,"clothing_store,establishment,home_goods_store,point_of_interest,store",4.1,115,+64 9 951 0513,https://www.countryroad.co.nz/stores/nz-newmarket/?utm_source=google&utm_medium=organic&utm_campaign=gbp-consideration&utm_content=newmarket&utm_term=plcid_17944666400936581923
ChIJSx_2N3NJDW0RgunauDGg08Y,Torpedo7 Newmarket Westfield Mall,-36.8718096,174.7767318,"309 Broadway, Newmarket, Auckland 1023, New Zealand",,"bicycle_store,clothing_store,establishment,point_of_interest,store",3.5,150,+64 9 217 7620,https://www.torpedo7.co.nz/auckland---newmarket-westfield?utm_source=organic&utm_medium=google-my-business&utm_campaign=store-location
ChIJz3VEaEFJDW0R-BosPZwhE-0,Farmers Newmarket,-36.8717749,174.7767143,"309 Broadway, Newmarket, Auckland 1023, New Zealand",,"department_store,establishment,point_of_interest,store",4.2,970,+64 9 441 3654,https://www.farmers.co.nz/?utm_source=GMB&utm_medium=newmarket&utm_campaign=gmb
ChIJu9MLnctNDW0R76a0DISm7OU,Manukau Supa Centa,-36.99164,174.8714373,"Corner Lambie &, Cavendish Drive, Manukau City Centre, Auckland 2104, New Zealand",shopping mall,"establishment,point_of_interest,shopping_mall",4.3,3046,+64 9 272 3888,http://www.manukausupacenta.co.nz/
ChIJke_LazhLDW0R5ZbrwOYxMlA,Meadowlands Shopping Plaza,-36.9135467,174.9285182,"Cnr Meadowlands Dve & Whitford Rd, Howick, Auckland 2014, New Zealand",,"establishment,point_of_interest",4.0,698,+64 9 537 0621,https://www.meadowlands.co.nz/
ChIJT7tqVdY7DW0RjQToVmtDKK0,Long Bay Village,-36.6849064,174.7404148,"57 Glenvar Ridge Road, Long Bay, Auckland 0630, New Zealand",shopping mall,"cafe,establishment,food,point_of_interest,restaurant,shopping_mall",4.2,69,+64 9 915 6815,https://www.longbayvillage.co.nz/
ChIJK25EYd03DW0R_MZYTKwF3OY,The Arcade Devonport,-36.8316534,174.7969128,"15 Victoria Road, Devonport, Auckland 0624, New Zealand",shopping mall,"establishment,point_of_interest,shopping_mall",4.3,12,,
ChIJ_-6IyZVHDW0RcnrgEB9Tepo,Ponsonby International Foodcourt,-36.8575,174.7483333,"106 Ponsonby Road, Ponsonby, Auckland 1011, New Zealand",,"establishment,food,point_of_interest",4.3,1555,+64 27 361 5398,http://www.ponsonbyfoodcourt.co.nz/
ChIJq0Czl5VHDW0RYLF9zDA1eTg,Woolworths Ponsonby,-36.8585472,174.7487792,"4 Williamson Avenue, Grey Lynn, Auckland 1021, New Zealand",,"establishment,food,grocery_or_supermarket,point_of_interest,store,supermarket",4.3,2744,+64 9 376 5097,https://www.woolworths.co.nz/store-finder/9057/ponsonby-auckland/ponsonby-woolworths?utm_source=google&utm_medium=organic&utm_campaign=gmb&utm_term=woolworths-ponsonby
ChIJb0a9xbtNDW0RQG3PiSi7l8g,Southpoint,-36.9866013,174.8827078,"652 Great South Road, Manukau City Centre, Auckland 2104, New Zealand",shopping mall,"establishment,point_of_interest,shopping_mall",4.3,210,+64 9 262 0903,http://www.southpointmanukau.co.nz/contact.html
ChIJ0-4gpPJGDW0RUY3nD0-Pn1k,Tulja Centre,-36.9006799,174.7212941,"190 Stoddard Road, Wesley, Auckland 1041, New Zealand",shopping mall,"establishment,point_of_interest,shopping_mall",3.3,44,,
ChIJj3KaZ0xBDW0R9tPzcdE3rd4,The Brickworks Dining Precinct,-36.9066658,174.6866835,"7 Veronica Street, New Lynn, Auckland 0600, New Zealand",,"establishment,food,point_of_interest",4.3,683,+64 9 826 2333,https://www.kiwiproperty.com/lynnmall/en/the-brickworks/
ChIJDx2wMPpHDW0RzvQ3Bvk3RHw,DFS Auckland,-36.8446421,174.7657516,"22 Customs Street West, Auckland City, Auckland 1010, New Zealand",shopping mall,"clothing_store,department_store,establishment,jewelry_store,point_of_interest,shopping_mall,store,travel_agency",3.9,540,+64 9 942 7474,https://www.dfs.com/en/auckland/stores/t-galleria-by-dfs-auckland?utm_source=google-maps&utm_medium=organic
ChIJA9BuyLZODW0RwQhcOEa85nk,Southmall Manurewa,-37.022621,174.8965761,"185/201 Great South Road, Manurewa, Auckland 2102, New Zealand",shopping mall,"establishment,point_of_interest,shopping_mall",3.7,2389,+64 9 267 0458,http://www.southmall.co.nz/
ChIJF6DHN8VSDW0RrM25ccYgmtE,Southgate Shopping Centre,-37.0488015,174.9288326,"230 Great South Road, Takanini, Auckland 2112, New Zealand",shopping mall,"establishment,point_of_interest,shopping_mall",4.2,1228,+64 800 003 344,http://www.southgatecentre.co.nz/
ChIJ6x6_CLZHDW0REjVnyheOdmI,Woolworths Mt Eden,-36.8773315,174.7519436,"Cnr Valley &, Dominion Road, Mount Eden, Auckland 1024, New Zealand",,"establishment,food,grocery_or_supermarket,point_of_interest,store",4.2,3200,+64 9 638 7164,https://www.woolworths.co.nz/store-finder/9235/mt-eden-auckland/mount-eden-woolworths?utm_source=google&utm_medium=organic&utm_campaign=gmb&utm_term=woolworths-mt-eden
ChIJrY83Tc1HDW0RquC1V2Pu6lI,Mt Eden Village,-36.88196,174.76214,"Mount Eden, Auckland 1024, New Zealand",,"establishment,point_of_interest,transit_station",4.0,1,,
ChIJ2-ZTDBdSDW0RW0rNNBHcJDc,Clendon Park Shopping Centre,-37.0327274,174.8680019,"Roscommon Road, Clendon Park, Auckland 2103, New Zealand",shopping mall,"establishment,point_of_interest,shopping_mall",3.7,1620,,
ChIJZ5O6_RxGDW0RJBIihKVgXPo,The Warehouse Royal Oak,-36.9119702,174.7700757,"100 Pah Road, Royal Oak, Auckland 1023, New Zealand",,"clothing_store,department_store,establishment,home_goods_store,point_of_interest,store",4.0,893,+64 9 625 9560,https://www.thewarehouse.co.nz/stores/royaloak.html?utm_source=organic&utm_medium=gmb&utm_campaign=store_location
ChIJqXiik7FIDW0R6J_WKs5AuMw,Onehunga Mall,-36.9196472,174.7849498,"Onehunga Mall, Onehunga, Auckland 1061, New Zealand",,route,,0,,
ChIJMYDGoQtJDW0R2EZRxUFQtgQ,Stoneridge on Lunn,-36.8891912,174.8327551,"87-101 Lunn Avenue, Mount Wellington, Auckland 1072, New Zealand",shopping mall,"establishment,point_of_interest,shopping_mall",4.4,24,,https://stoneridgeonlunn.co.nz/
ChIJq6qVjuNIDW0RWaR2j0GdXvI,Ellerslie Supermarket,-36.8983352,174.8101678,"133 Main Highway, Ellerslie, Auckland 1051, New Zealand",,"convenience_store,establishment,food,point_of_interest,store",4.3,42,+64 9 579 4549,https://www.ellerslievillage.co.nz/shop/product/234394/Ellerslie-Supermarket/
ChIJU5Wj7XdJDW0RsPlb5Yt5qeI,Stonefields Market,-36.8871256,174.8446595,"30 Stonefields Avenue, Stonefields, Auckland 1072, New Zealand",shopping mall,"establishment,point_of_interest,shopping_mall",4.3,149,+64 9 520 2226,https://stonefieldsmarket.co.nz/
ChIJ-8j3keNIDW0RwFqHUa65Fpc,Ellerslie Business Association (Ellerslie Village),-36.8964466,174.8094567,"Behind Church 169 Ladies Mile, Ellerslie, Auckland 1051, New Zealand",,"establishment,point_of_interest",4.7,7,+64 9 579 5033,https://www.ellerslievillage.co.nz/
ChIJRWn1EQBJDW0RmLGTGCxwOi4,Glen Innis Town Center,-36.8747986,174.8538468,"Apirana Avenue, Glen Innes, Auckland 1072, New Zealand",shopping mall,"establishment,point_of_interest,shopping_mall",,0,,
ChIJ554ImrNBDW0R910mtUnpvZo,Shopping Plaza Arcade,-36.8796596,174.6332228,"357 Great North Road, Henderson, Auckland 0612, New Zealand",shopping mall,"establishment,point_of_interest,shopping_mall",4.1,9,,
ChIJ-ZEbsIxIDW0RvZF30Jq9ABo,Woolworths Greenlane,-36.8894881,174.7933099,"326 Great South Road, Greenlane, Auckland 1051, New Zealand",,"establishment,food,grocery_or_supermarket,point_of_interest,store",4.1,3380,+64 9 522 6970,https://www.woolworths.co.nz/store-finder/9128/greenlane-auckland/greenlane-woolworths?utm_source=google&utm_medium=organic&utm_campaign=gmb&utm_term=woolworths-greenlane
ChIJyZyDYgJKDW0Rz67mwn59op4,Crisp Home + Wear St Heliers,-36.8511694,174.8576232,"Shop 4+12/33-39 Saint Heliers Bay Road, St Heliers, Auckland 1071, New Zealand",,"clothing_store,establishment,home_goods_store,point_of_interest,shoe_store,store",4.8,55,+64 27 575 4681,http://www.crisphomeandwear.co.nz/
ChIJQe2yyChLDW0Rm11YXpL2smw,Rices Mall,-36.894438,174.9308705,"Howick, Auckland 2014, New Zealand",shopping mall,"establishment,point_of_interest,shopping_mall",4.5,24,,
ChIJsTdv38ZJDW0RdTw4catmaEE,Dollarstation Eastridge,-36.8606817,174.8296432,"215 Kepa Road, Mission Bay, Auckland 1071, New Zealand",shopping mall,"establishment,point_of_interest,shopping_mall",4.6,19,+64 9 521 0111,
ChIJBdLxr-xJDW0RT3U8WnFRPdU,Shopping Centre,-36.8636433,174.8416094,"Kohimarama, Auckland 1071, New Zealand",,"establishment,point_of_interest",,0,,
ChIJD33q_01IDW0RkuUp7S5Cx9o,The Bay Tree of Remuera,-36.8731968,174.8098837,"62 Benson Road, Remuera, Auckland 1050, New Zealand",,"establishment,home_goods_store,point_of_interest,store",3.2,34,+64 9 522 2991,https://thebaytree.co.nz/
ChIJ7Y5PMRIlDW0RUWcSTc8QDq0,The Coast,-36.6371087,174.7470144,"719 Whangaparaoa Road, Stanmore Bay, Auckland 0930, New Zealand",shopping mall,"establishment,point_of_interest,shopping_mall",3.8,674,+64 9 424 4100,https://www.thecoast.co.nz/
ChIJJbCvWjRTDW0RqAtr2eIL_vI,Rosehill Shopping Centre,-37.0791114,174.9369218,"27 Edinburgh Avenue, Rosehill, Auckland 2113, New Zealand",shopping mall,"establishment,food,grocery_or_supermarket,laundry,liquor_store,meal_takeaway,point_of_interest,restaurant,shopping_mall,store",4.0,78,+64 9 298 8465,
ChIJNZsEPvOKMW0RLUhepOE-OcE,Westfield Riccarton,-43.530833,172.5988325,"129 Riccarton Road, Riccarton, Christchurch 8041, New Zealand",shopping mall,"establishment,point_of_interest,shopping_mall",4.3,11844,+64 3 983 4500,https://www.westfield.co.nz/riccarton
ChIJKY-cRs5SDW0Rj4V8vuhGFlA,Takanini Town Centre,-37.0474863,174.9315304,"30 Walters Road, Takanini, Auckland 2112, New Zealand",shopping mall,"bar,convenience_store,establishment,food,health,hospital,meal_takeaway,point_of_interest,restaurant,shopping_mall,store",4.3,978,,https://www.takaninitowncentre.co.nz/
ChIJFwT79S9LDW0RRbzNCuOXovs,Aviemore Square,-36.9020085,174.9048952,"29 Aviemore Drive, Highland Park, Auckland 2010, New Zealand",shopping mall,"establishment,point_of_interest,shopping_mall",4.3,25,,
ChIJvRlTeSBJDW0RrjK3rDy2XR0,Clifton Court,-36.8987734,174.853917,"7 Clifton Court, Panmure, Auckland 1072, New Zealand",shopping mall,"establishment,point_of_interest,shopping_mall",4.0,2,,
ChIJzwe0jHNJDW0RMver9bqi3dY,Queens road Panmure,-36.9009228,174.8565044,"Queens Road, Panmure, Auckland 1072, New Zealand",restaurant,"establishment,food,point_of_interest,restaurant",4.5,2,,
ChIJ2YxMszFLDW0RXc9zIlvgsVI,Kentigern Plaza,-36.910881,174.8716094,"102 Pakuranga Road, Pakuranga, Auckland 2010, New Zealand",shopping mall,"establishment,point_of_interest,shopping_mall",4.0,54,,
ChIJS_-80UdJDW0RT2Tg9yXE8fs,Apex Mega Centre,-36.9167303,174.8377912,"393 Mount Wellington Highway, Mount Wellington, Auckland 1060, New Zealand",shopping mall,"establishment,point_of_interest,shopping_mall",4.7,3,,
ChIJExZTv_JLDW0RVmdiNEYY6Y0,Edge water shopping center,-36.9204013,174.8766559,"Ti Rakau Drive, Pakuranga, Auckland 2010, New Zealand",shopping mall,"establishment,point_of_interest,shopping_mall",4.3,45,,
ChIJH6Cpc2JJDW0RgqPvtkmmY9w,Panmure Town Centre,-36.90065,174.85638,"Panmure, Auckland 1072, New Zealand",,"establishment,point_of_interest,transit_station",4.0,1,,
ChIJwxt71odJDW0RBtYqhc3wPcE,PAK'nSAVE Glen Innes,-36.875811,174.855104,"182 Apirana Avenue, Glen Innes, Auckland 1072, New Zealand",,"establishment,food,grocery_or_supermarket,point_of_interest,store",4.3,2725,+64 9 528 4885,https://www.paknsave.co.nz/upper-north-island/auckland/glen-innes/?utm_source=GBP&utm_medium=GBP&utm_campaign=PAK%27nSAVE%20Glen%20Innes&utm_id=PAK%27nSAVE%20Glen%20Innes
ChIJ1UNKfIdJDW0REB9KTaJR63U,Super Saver Glen Innes,-36.8781446,174.8564905,"127 Line Road, Glen Innes, Auckland 1072, New Zealand",,"establishment,point_of_interest,store",4.6,32,+64 9 528 7126,
ChIJmU42__RNDW0RWm_fJOdFRL0,Celebrate Aotearoa,-36.8787722,174.8547388,"3/260 Apirana Avenue, Glen Innes, Auckland 1072, New Zealand",,"establishment,point_of_interest,store",4.8,24,,http://www.celebrateaotearoa.co.nz/
ChIJmYPb6ohJDW0R9guqgxrNaqU,Città Essentials Glen Innes,-36.8737564,174.853016,"117 Apirana Avenue, Glen Innes, Auckland 1072, New Zealand",,"establishment,home_goods_store,point_of_interest,store",4.1,30,+64 9 255 1525,http://www.cittadesign.co.nz/
ChIJk9teaYdJDW0RH283BA6iCaM,Auckland City Mission Glen Innes Op Shop,-36.8789859,174.8558095,"14 Mayfair Place, Glen Innes, Auckland 1072, New Zealand",,"establishment,point_of_interest,store",4.7,31,+64 9 528 0260,
ChIJAwvOikBJDW0R1dXglgrEktc,Woolworths Mt Wellington,-36.9094734,174.837415,"Cnr Penrose Rd &, Mount Wellington Highway, Mount Wellington, Auckland 1060, New Zealand",,"establishment,food,grocery_or_supermarket,point_of_interest,store",4.1,1724,+64 9 527 8916,https://www.woolworths.co.nz/store-finder/9193/mt-wellington/mount-wellington-woolworths?utm_source=google&utm_medium=organic&utm_campaign=gmb&utm_term=woolworths-mt-wellington
ChIJV4e69NlJDW0RTjKcX2qNq2Y,Kmart Sylvia Park Nz,-36.9173343,174.8418738,"Sylvia Park Shopping Centre 286 Mount Wellington Highway, Mount Wellington, Auckland 1060, New Zealand",,"clothing_store,department_store,establishment,home_goods_store,point_of_interest,store",4.2,2424,+64 9 573 9200,https://www.kmart.co.nz/store-detail/Kmart+Sylvia+Park+Nz+?utm_source=google&utm_medium=organic&utm_campaign=googleplaces&utm_content=kmart+sylvia+park+nz+
ChIJ33d6GUZJDW0ROhg2g73UHKU,Casablanca Sylvia Park,-36.9148448,174.8407795,"Sylvia Park Shopping Centre 66 Dining Lane, Mount Wellington Highway, Mount Wellington, Auckland 1060, New Zealand",restaurant,"bar,cafe,establishment,food,point_of_interest,restaurant,store",4.4,1849,+64 9 573 6272,http://www.casablancagroup.co.nz/
ChIJ_f9PbItJDW0Rv8H8w74b4JI,ZARA,-36.916556,174.8420078,"rd, Mount Wellington Highway, 286, Auckland 1060, New Zealand",,"clothing_store,establishment,point_of_interest,store",3.9,1638,+64 800 446 906,https://www.zara.com/nz/en/stores-locator/zara-auckland-sylvia-park-s11557
ChIJ3_BlzUVJDW0RWM0kATfzevc,Japan Mart Sylvia Park,-36.9150772,174.8418927,"Shop 79 Sylvia Park Shopping Centre, 286 Mount Wellington Highway, Mount Wellington, Auckland 1060, New Zealand",,"establishment,food,grocery_or_supermarket,point_of_interest,store",4.4,404,+64 9 573 0067,https://onlineshop.japanmart.co.nz/
ChIJm0vulEdJDW0R8kCMFo94ZV8,One NZ Sylvia Park,-36.917042,174.8419803,"286 Mt Wellington Highway, Shop SO64, Sylvia Park Shopping Centre, Mount Wellington, Auckland 1060, New Zealand",,"establishment,point_of_interest,store",4.0,539,+64 800 800 021,https://www.one.nz/our-company/our-stores/?utm_campaign=gmb&utm_source=local&utm_medium=organic
ChIJv7JSp2ZJDW0Rvl-_cuWIZF4,Farmers Sylvia Park,-36.91833829999999,174.8426281,"286 Mount Wellington Highway, Mount Wellington, Auckland 1060, New Zealand",,"clothing_store,department_store,establishment,furniture_store,home_goods_store,point_of_interest,store",4.2,701,+64 9 441 3657,https://www.farmers.co.nz/?utm_source=GMB&utm_medium=sylviapark&utm_campaign=gmb
ChIJY0hgqkhJDW0R0Ty60l6KYrU,Spark Store Sylvia Park Mall,-36.91786099999999,174.8423945,"Sylvia Park Shopping Centre Ground Floor/286 Mount Wellington Highway, Mount Wellington, Auckland 1060, New Zealand",,"establishment,point_of_interest,store",3.7,268,+64 9 573 1798,https://www.spark.co.nz/online/shop/store-finder/store/spark-sylvia-park/?utm_source=google-business-profile&utm_medium=organic&utm_campaign=store_finder
ChIJQ167Rk9JDW0RZp1-woxLTS0,Kathmandu Sylvia Park,-36.9149098,174.8410699,"Shop 206 - Sylvia Park Shopping Centre, 286 Mount Wellington Highway, Mount Wellington, Auckland 1060, New Zealand",,"clothing_store,establishment,point_of_interest,store",4.4,325,+64 9 985 3116,https://www.kathmandu.co.nz/?utm_source=google&utm_medium=organic&utm_campaign=gmb&utm_content=116
ChIJXZDhLLZJDW0RETbM1yY9X4E,Yum Cha Restaurant,-36.9146693,174.8401804,"286 Mount Wellington Highway, Mount Wellington, Auckland 1060, New Zealand",restaurant,"establishment,food,point_of_interest,restaurant",3.8,875,+64 9 948 6789,
ChIJ99NgkUhJDW0RRXha4aifKFo,Baci Eatery,-36.91480019999999,174.8410164,"Sylvia Park Shopping Centre shop 67, Mount Wellington, Auckland 1060, New Zealand",restaurant,"establishment,food,point_of_interest,restaurant",4.5,456,+64 9 553 9539,http://www.bacieatery.co.nz/
ChIJJSKCpEZJDW0RE0PPOIrpV0E,Hallensteins Sylvia Park,-36.9160119,174.8413336,"Sylvia Park Shopping Centre, 286 Mount Wellington Highway, Mount Wellington, Auckland 1060, New Zealand",,"clothing_store,establishment,point_of_interest,shoe_store,store",4.4,215,+64 21 468 023,https://www.hallensteins.com/
ChIJ6fEGokZJDW0R6J9Bp9YNQrs,Country Road - Sylvia Park,-36.9152131,174.8401996,"Sylvia Park Shopping Centre Shop S024, Ground Level/286 Mount Wellington Highway, Mount Wellington, Auckland 1060, New Zealand",,"clothing_store,establishment,home_goods_store,point_of_interest,store",3.1,36,+64 9 954 6786,https://www.countryroad.co.nz/stores/nz-sylvia-park/?utm_source=google&utm_medium=organic&utm_campaign=gbp-consideration&utm_content=sylviapark&utm_term=plcid_3553144625588704988
ChIJr_NLomNJDW0RxuXaN2rW5mA,Aroy Thai Eatery - Sylvia Park,-36.91667229999999,174.8413319,"Sylvia Park Shopping Centre, 286 Mount Wellington Highway, Mount Wellington, Auckland 1060, New Zealand",restaurant,"establishment,food,point_of_interest,restaurant",4.1,398,+64 9 573 0824,https://aroy.co.nz/
ChIJCTL9cABJDW0RYqi1L0Q3GZo,Sylvia Park Shopping Centre parking lot,-36.9141432,174.840268,"Kiosk SK03, 286 Mount Wellington Highway, Mount Wellington, Auckland 1060, New Zealand",,"establishment,parking,point_of_interest",4.6,14,,
ChIJ-baIp0ZJDW0R8wFRpiCLxxY,Noel Leeming Sylvia Park,-36.9186396,174.8417474,"Sylvia Park Shopping Centre SM01C, Mount Wellington Highway, Mount Wellington, Auckland 1060, New Zealand",,"electronics_store,establishment,furniture_store,home_goods_store,point_of_interest,store",3.8,829,+64 800 444 488 ext. 97900,https://www.noelleeming.co.nz/stores/sylvia-park.html?utm_source=organic&utm_medium=google-my-business&utm_campaign=2B
ChIJhUOcTH1LDW0RlPifavN7ro8,The Hub,-36.9304207,174.9092157,"451 Ti Rakau Drive, Huntington Park, Auckland 2013, New Zealand",shopping mall,"establishment,parking,point_of_interest,shopping_mall",4.2,575,+64 9 443 8315,
ChIJowJZgEZJDW0Ri0ikoiS6o8E,Bivouac Outdoor Sylvia Park,-36.9149996,174.8411066,"Shop N204 Sylvia Park Shopping Centre, Mount Wellington Highway, Mount Wellington, Auckland 1060, New Zealand",,"clothing_store,establishment,point_of_interest,store",4.4,135,+64 9 573 6292,https://www.bivouac.co.nz/bivouac-outdoor-sylvia-park
ChIJkdY4fkZJDW0RuZBrNOt-b1M,Macpac Sylvia Park,-36.9152131,174.8401996,"Sylvia Park Shopping Centre Shop N209/286 Mount Wellington Highway, Mount Wellington, Auckland 1060, New Zealand",,"clothing_store,establishment,point_of_interest,store",4.5,137,+64 9 574 5552,
ChIJWzVelGlJDW0RaQUZosm1XrA,Breadtop Sylvia Park,-36.9135065,174.8401262,"286 Mount Wellington Highway, Shop N/043 Sylvia Park Shopping Centre, Mount Wellington, Auckland 1060, New Zealand",,"bakery,establishment,food,point_of_interest,store",4.0,146,+64 9 666 0246,http://www.breadtop.com.au/
ChIJDRIvwkdJDW0Rav6pV1nYTNk,Spotlight Sylvia Park,-36.9175985,174.8389674,"315-375 Mount Wellington Highway, Mount Wellington, Auckland 1060, New Zealand",,"establishment,furniture_store,home_goods_store,point_of_interest,store",4.3,2317,+64 9 871 2500,https://www.spotlightstores.com/nz/store/auckland/sylvia-park/s128?utm_source=google&utm_medium=organic&utm_campaign=Google%20My%20Business&utm_content=Spotlight%20Sylvia%20Park%20-%20Mt%20Wellington&utm_term=plcid_17411871980492796468
ChIJLfNGoAdJDW0R9Hbrqic6Z2Y,Goodstuff Sylvia Park,-36.9144801,174.8415639,"Shop 015, Sylvia Park Shopping Centre, 286 Mount Wellington Highway, Mount Wellington, Auckland 1060, New Zealand",,"establishment,point_of_interest,store",2.5,30,+64 9 200 0545,
ChIJKQRrUQBJDW0RqT4iAgimVz4,Sylvia Lane,-36.9148122,174.8407876,"New Zealand, Auckland, Mount Wellington, Mount Wellington Hwy, Shop N 068, Sylvia Park郵區編號: 1060",,"establishment,food,point_of_interest",,0,,
ChIJ_1wnEoBJDW0RvTwl4QeyS_Q,Xi 'An Biang Biang Sylvia Park,-36.9168007,174.8415062,"286 Mount Wellington Highway, Mount Wellington, Auckland 1060, New Zealand",restaurant,"establishment,food,point_of_interest,restaurant",4.1,265,+64 9 527 0005,
ChIJP45pcOZIDW0R6zhVSlRIEwg,Postie Sylvia Park,-36.9177419,174.8417097,"286 Mount Wellington Highway, Mount Wellington, Auckland 1060, New Zealand",,"clothing_store,establishment,point_of_interest,store",3.9,70,+64 9 525 5491,https://www.postie.co.nz/store-detail/northern/sylvia-park?utm_source=Organic&utm_medium=GMB&utm_campaign=Maps%20Listing&utm_content=Sylvia%20Park
ChIJQ167Rk9JDW0RpsD0-wOTjFw,Typo Sylvia Park,-36.9169315,174.841762,"Shop 23 Sylvia Park Shopping Centre, 268 Mount Wellington Highway, Mount Wellington, Auckland 1062, New Zealand",,"clothing_store,establishment,point_of_interest,store",4.0,56,+64 9 579 1818,https://cottonon.com/NZ/typo-home/?utm_source=google-store-profiles&utm_medium=organic&utm_campaign=google-store-TYPO-NZ&utm_id=google-store-9703-TYPO
ChIJxYj75qk_DW0RtXy_kuoCADM,Hobson Centre,-36.7973442,174.6480295,"124 Hobsonville Road, Hobsonville, Auckland 0618, New Zealand",shopping mall,"establishment,point_of_interest,shopping_mall",4.3,442,+64 9 550 4040,http://www.hobsoncentre.co.nz/
ChIJlSIz3OFBDW0RPxwMEUyfeoI,WestCity Mall,-36.8812051,174.6331968,"WestCity Mall Level 1/7 Catherine Street, Henderson, Auckland 0612, New Zealand",,"establishment,point_of_interest",4.2,71,+64 9 836 5381,http://bfc.co.nz/
ChIJ4Y19XhVHDW0R0uF4p0UaW0U,Avondale Discount Mall,-36.8975543,174.6972637,"1994 Great North Road, Avondale, Auckland 1026, New Zealand",,"establishment,food,grocery_or_supermarket,point_of_interest,store,supermarket",3.8,24,+64 9 600 2188,https://www.facebook.com/profile.php?id=100087740263337
ChIJF--UTG9BDW0RLaZdz2QYmfg,Kelston Shopping Centre,-36.90879,174.66351,"Glen Eden, Auckland 0602, New Zealand",,"establishment,point_of_interest,transit_station",4.5,2,,
ChIJwRXTUW9BDW0RRzy_1lUmSmQ,Kelston Shopping Centre,-36.90906,174.66312,"Glen Eden, Auckland 0602, New Zealand",,"establishment,point_of_interest,transit_station",3.8,4,,
ChIJSVi3WoZADW0RbuptrqY8klo,Te Atatu Discount Superette,-36.84276060000001,174.6515163,"542 Te Atatu Road, Te Atatū Peninsula, Auckland 0610, New Zealand",,"establishment,food,grocery_or_supermarket,point_of_interest,store,supermarket",4.1,23,+64 210 419 128,
ChIJrUHSIUdADW0REBvAoJqnQRo,PAK'nSAVE Lincoln Road,-36.8574574,174.6281678,"Lincoln Road, Shopping Centre, Henderson, Auckland 0610, New Zealand",,"establishment,food,grocery_or_supermarket,point_of_interest,store",4.3,4058,+64 9 837 1830,https://www.paknsave.co.nz/upper-north-island/auckland/lincoln-road?utm_source=GBP&utm_medium=GBP&utm_campaign=PAK%27nSAVE%20Lincoln%20Road&utm_id=PAK%27nSAVE%20Lincoln%20Road
ChIJrdGmr_xBDW0R3pcsaKPDK3k,Le-Eva,-36.8374385,174.6575311,"Glenhaven Place, Te Atatū Peninsula, Auckland 0610, New Zealand",shopping mall,"establishment,point_of_interest,shopping_mall",,0,+64 210 914 3515,https://www.le-eva.com/
ChIJZchVpkFADW0RnHquDHp6MFw,Woolworths Lincoln Road,-36.8573265,174.6315002,"185-187 Universal Drive, Henderson, Auckland 0610, New Zealand",,"establishment,food,grocery_or_supermarket,point_of_interest,store",4.2,1894,+64 9 835 3985,https://www.woolworths.co.nz/store-finder/9038/henderson/lincoln-road-woolworths?utm_source=google&utm_medium=organic&utm_campaign=gmb&utm_term=woolworths-lincoln-road
ChIJq6FAdwBBDW0RmM5sWm9A6E4,Glendene Village,-36.8866326,174.6445721,"4343 Great North Road, Glendene, Auckland 0602, New Zealand",shopping mall,"establishment,point_of_interest,shopping_mall",3.8,5,,
ChIJH9SkBuE_DW0R6Fm8ZpA5NAY,Westgate Lifestyle Shopping Centre,-36.81375999999999,174.60895,"Westgate, Auckland 0814, New Zealand",,"establishment,point_of_interest,transit_station",5.0,1,,
ChIJZ3Api7o7DW0RKRqXcoolWu8,The Warehouse Westgate,-36.8220144,174.6115283,"Westgate Shopping Centre Fernhill Drive, Westgate, Auckland 0614, New Zealand",,"clothing_store,department_store,establishment,food,home_goods_store,point_of_interest,store",3.9,691,+64 9 833 4417,https://www.thewarehouse.co.nz/stores/westgate.html?utm_source=organic&utm_medium=gmb&utm_campaign=store_location
ChIJzUKuuJY7DW0RrpVg9rmcW1s,Albany Lifestyle Centre,-36.7220751,174.7062763,"260 Oteha Valley Road, Albany, Auckland 0632, New Zealand",shopping mall,"establishment,point_of_interest,shopping_mall",4.3,374,+64 21 775 335,http://albanylifestylecentre.co.nz/
ChIJoWixvuw7DW0RTl_xwzBSXsU,The Warehouse Albany,-36.7299794,174.7042936,"186 Don McKinnon Drive, Albany, Auckland 0632, New Zealand",,"clothing_store,department_store,establishment,home_goods_store,point_of_interest,store",3.9,713,+64 9 415 2225,https://www.thewarehouse.co.nz/stores/albany.html?utm_source=organic&utm_medium=gmb&utm_campaign=store_location
ChIJTUNA1w85DW0Rq85I4RZt4Hg,Glenfield Mall,-36.78141,174.72136,"Glenfield, Auckland 0629, New Zealand",,"establishment,point_of_interest,transit_station",3.9,18,,
ChIJXf_Gpdc5DW0R3yAPrR8DQFw,Farmers Shore City,-36.787744,174.7708677,"Shore City Shopping Centre, Lake Road, Takapuna, Auckland 0622, New Zealand",,"clothing_store,department_store,establishment,furniture_store,home_goods_store,point_of_interest,store",4.1,869,+64 9 486 2004,https://www.farmers.co.nz/?utm_source=GMB&utm_medium=takapuna&utm_campaign=gmb
ChIJpb_cAAI5DW0RurwZLmqDufw,New World Metro Shore City,-36.7878775,174.7699741,"52/56 Anzac Street, Takapuna, Auckland 0622, New Zealand",restaurant,"cafe,establishment,florist,food,grocery_or_supermarket,point_of_interest,store,supermarket",4.1,452,+64 9 869 2333,https://www.newworld.co.nz/upper-north-island/auckland/metro-shore-city
ChIJAfDC-tc5DW0R8lCkptgMgl4,Hurstmere Superette,-36.7863204,174.7728054,"106 Hurstmere Road, Takapuna, Auckland 0622, New Zealand",shopping mall,"establishment,point_of_interest,shopping_mall",5.0,5,,
ChIJ9T3r-AQ5DW0RSLh-msWISGI,Live Wire Super Park,-36.8105082,174.7242941,"1 Highbury Bypass, Birkenhead, Auckland 0626, New Zealand",,"establishment,point_of_interest",4.4,353,+64 9 242 2423,https://live-wire.co.nz/location/highbury/
ChIJa015NA45DW0RD5B_mENUi5o,Woolworths Glenfield,-36.7818641,174.7229309,"Cnr Bentley Ave &, Glenfield Road, Glenfield, Auckland 0629, New Zealand",,"establishment,food,grocery_or_supermarket,point_of_interest,store",4.1,1437,+64 9 442 1041,https://www.woolworths.co.nz/store-finder/9163/glenfield/glenfield-woolworths?utm_source=google&utm_medium=organic&utm_campaign=gmb&utm_term=woolworths-glenfield
ChIJi5S0QJo5DW0R8oZv2U75bq0,nh mall,-36.776521,174.7444831,"85 Wairau Road, Wairau Valley, Auckland 0627, New Zealand",,"establishment,food,grocery_or_supermarket,point_of_interest,store,supermarket",4.3,136,+64 9 869 7691,
ChIJFVXaZgU5DW0RkxAoI0RjDP0,Farmers Glenfield,-36.7824463,174.7223622,"Glenfield Mall Cnr Glenfield and, Downing Street, Glenfield, Auckland 0629, New Zealand",,"clothing_store,department_store,establishment,furniture_store,home_goods_store,point_of_interest,store",4.1,726,+64 9 441 3650,https://www.farmers.co.nz/?utm_source=GMB&utm_medium=glenfield&utm_campaign=gmb
ChIJn9S946w5DW0R0ah5Sgo93D0,Chemist Warehouse Glenfield Mall,-36.78202080000001,174.7218099,"308/385 Glenfield Road, Glenfield, Auckland 0629, New Zealand",,"establishment,health,pharmacy,point_of_interest,store",3.4,156,+64 9 941 4914,https://www.chemistwarehouse.co.nz/
ChIJrXKlJxA5DW0REWGEGn-dcuw,Glenfield Mall,-36.78156,174.721,"Glenfield, Auckland 0629, New Zealand",,"establishment,point_of_interest,transit_station",3.7,3,,
ChIJ29hXRw85DW0RiRiPBXVNYqg,Glenfield Pool and Leisure Centre,-36.7820663,174.7238159,"73-77 Bentley Avenue, Glenfield, Auckland 0629, New Zealand",,"establishment,gym,health,point_of_interest",4.1,1034,+64 9 484 8123,https://aucklandleisure.co.nz/locations/glenfield-pool-and-leisure-centre/
ChIJcx_GfXo5DW0RoKZaHhTRsS8,Gecko In The Village Glenfield Mall,-36.7813036,174.7221872,"40 Downing Street, Glenfield, Auckland 0629, New Zealand",,"establishment,point_of_interest,store",4.6,14,+64 9 441 2255,http://geckointhevillage.co.nz/
ChIJHVt0xO85DW0RNdT8hj_Yyis,MINISO Glenfield,-36.7821893,174.7228088,"Shop 218, Level 2/Glenfield Road, Glenfield, Auckland 0629, New Zealand",,"establishment,home_goods_store,point_of_interest,store",4.5,54,+64 9 222 2565,http://www.miniso.co.nz/
ChIJIe543Q85DW0RM4XLTnEh-xY,Hallensteins Glenfield Mall,-36.7821278,174.7216112,"Cnr Glenfield Rd and Downing St, Glenfield Westfield, Glenfield, Auckland 0629, New Zealand",,"clothing_store,establishment,point_of_interest,shoe_store,store",4.0,47,+64 21 242 3774,https://www.hallensteins.com/
ChIJl-pZMQ45DW0R0cyMg115ioQ,Glenfield Community Centre,-36.78054820000001,174.7222163,"96 Bentley Avenue, Glenfield, Auckland 0629, New Zealand",,"establishment,point_of_interest",4.4,124,+64 9 444 5023,https://glenfieldcommunitycentre.co.nz/
ChIJLZje3Q85DW0RQs1E1ADRDRo,Stirling Sports Glenfield,-36.782065,174.721452,"Glenfield Mall Glenfield Road, Glenfield, Auckland 0629, New Zealand",,"establishment,point_of_interest,store",4.7,45,+64 9 441 2402,
ChIJL7IxFppNDW0RbzIeiQ6DUhQ,Pacific square,-37.0010985,174.8894755,"792 Great South Road, Wiri, Auckland 2104, New Zealand",shopping mall,"establishment,point_of_interest,shopping_mall",4.3,33,+64 6 928 1180,
ChIJUZ5t1sZNDW0RmJKd3_zo-jA,Cavendish Court,-36.9877504,174.8746154,"Cavendish Drive, Manukau City Centre, Auckland 2104, New Zealand",shopping mall,"establishment,point_of_interest,shopping_mall",4.1,200,,
ChIJ4YBDjHhODW0RWrz7xY8qDOk,Kmart Papatoetoe,-36.9707062,174.8615189,"Hunters Plaza Cnr Great South Rd &, Sutton Crescent, Papatoetoe, Auckland 2025, New Zealand",,"clothing_store,department_store,establishment,home_goods_store,point_of_interest,store",4.2,4498,+64 9 250 5200,https://www.kmart.co.nz/store-detail/Kmart+Papatoetoe?utm_source=google&utm_medium=organic&utm_campaign=googleplaces&utm_content=kmart+papatoetoe
ChIJM1N8BgpPDW0R28PUoJeQt1c,Woolworths Mangere Mall,-36.9703953,174.800753,"Mangere Town Centre Bader Drive, Māngere, Auckland 2022, New Zealand",,"establishment,food,grocery_or_supermarket,point_of_interest,store",3.6,790,+64 9 275 2406,https://www.woolworths.co.nz/store-finder/9099/mangere/mangere-mall-woolworths?utm_source=google&utm_medium=organic&utm_campaign=gmb&utm_term=woolworths-mangere-mall
ChIJ8ZbO6flODW0RQhkYJm4UqO0,Woolworths Mangere East,-36.9659151,174.8243858,"359 Massey Road, Māngere East, Auckland 2024, New Zealand",,"establishment,food,grocery_or_supermarket,point_of_interest,store",4.1,1383,+64 9 257 2190,https://www.woolworths.co.nz/store-finder/9486/mangere/mangere-east-woolworths?utm_source=google&utm_medium=organic&utm_campaign=gmb&utm_term=woolworths-mangere-east
ChIJ5T7OdNdPDW0RtWL-Q-ORqWM,MJ Mall,-36.9664559,174.8250674,"359 Massey Road, Māngere East, Auckland 2024, New Zealand",shopping mall,"establishment,point_of_interest,shopping_mall",,0,,https://www.mjmall.co.nz/
ChIJy5rlU5JMDW0RCSJyJkqladw,Chapel Road Village,-36.9495573,174.9113348,"345 Chapel Road, Flat Bush, Auckland 2016, New Zealand",shopping mall,"establishment,point_of_interest,shopping_mall",4.1,282,,
ChIJdbmAZZ5MDW0RN4nW9xqMZoY,New World Botany,-36.9339258,174.9115116,"588 Chapel Road, East Tāmaki, Auckland 2016, New Zealand",,"establishment,food,grocery_or_supermarket,point_of_interest,store,supermarket",4.1,1233,+64 9 271 1800,http://www.newworld.co.nz/
ChIJ3Qp3gGFLDW0R5iw4Ioi1vQ8,Kmart Botany,-36.9284375,174.9155215,"500 Ti Rakau Drive, Botany Downs, Auckland 2013, New Zealand",,"clothing_store,department_store,establishment,home_goods_store,point_of_interest,store",4.1,3803,+64 9 265 3800,https://www.kmart.co.nz/store-detail/Kmart+Botany?utm_source=google&utm_medium=organic&utm_campaign=googleplaces&utm_content=kmart+botany
ChIJUVcYmJ5MDW0RGuCCMQ22q-4,Farmers Botany,-36.9330608,174.914363,"Botany Town Centre 588 Chapel Road, Botany Downs, Auckland 2013, New Zealand",,"clothing_store,department_store,establishment,furniture_store,home_goods_store,point_of_interest,store",4.2,1945,+64 9 272 9880,https://www.farmers.co.nz/?utm_source=GMB&utm_medium=botany&utm_campaign=gmb
ChIJgdssZp5MDW0RbmO19h5I2m8,Country Road - Botany,-36.9329556,174.9130087,"Shop MN0225A/588 Chapel Road, East Tāmaki, Auckland 2013, New Zealand",,"clothing_store,establishment,home_goods_store,point_of_interest,store",4.0,42,+64 9 956 6384,https://www.countryroad.co.nz/stores/nz-botany/?utm_source=google&utm_medium=organic&utm_campaign=gbp-consideration&utm_content=botany&utm_term=plcid_15085260813735218904
ChIJ8xdByShLDW0RRGg8W_jVlBE,Howick Village Association,-36.8951686,174.932083,"6/1 Central Terrace, Howick, Auckland 2014, New Zealand",shopping mall,"establishment,point_of_interest,shopping_mall",4.3,9,+64 21 224 4225,http://www.howickvillage.co.nz/
ChIJ2VXaTulLDW0RpazFe5bVv6A,Pakuranga Shoppers Car Park,-36.91331350000001,174.8712569,"10 Aylesbury Street, Pakuranga, Auckland 2010, New Zealand",,"establishment,parking,point_of_interest",3.9,2862,+64 9 978 9100,http://www.pakurangaplaza.co.nz/
ChIJs22neAdLDW0RUbnx3Kyct3Q,Panda Mart,-36.9119764,174.8725269,"Pakuranga Town Shop 6/Centre Drive, Pakuranga, Auckland 2010, New Zealand",,"department_store,establishment,furniture_store,home_goods_store,point_of_interest,store",4.0,992,+64 9 393 8111,https://www.pdmart.co.nz/
ChIJC-NTSulLDW0Rxs_PbYedU_M,Porterhouse Grill,-36.9124938,174.8722725,"Pakuranga Plaza 10 Aylesbury Street, Pakuranga, Auckland 2010, New Zealand",restaurant,"bar,establishment,food,meal_takeaway,point_of_interest,restaurant",4.2,1310,+64 9 576 3030,http://www.porterhousegrill.co.nz/
ChIJgzx0belLDW0RRI7mdj0mwz0,Woolworths Pakuranga Town Centre,-36.912983,174.8708452,"Pakuranga Town Centre, Pakuranga, Auckland 2013, New Zealand",,"establishment,food,grocery_or_supermarket,point_of_interest,store",3.9,1097,+64 9 570 1649,https://www.woolworths.co.nz/store-finder/9204/pakuranga/pakuranga-woolworths?utm_source=google&utm_medium=organic&utm_campaign=gmb&utm_term=woolworths-pakuranga
ChIJE7h4me5LDW0RAnPzYXx-PPQ,Tai Ping Asian Supermarket Pakuranga太平亚洲食品超市,-36.9152228,174.8717477,"3 Cortina Place, Pakuranga, Auckland 2010, New Zealand",,"establishment,food,grocery_or_supermarket,point_of_interest,store,supermarket",3.8,478,+64 9 576 0388,
