place_id,name,lat,lng,address,types,source_query
ChIJY5ETuM2gEm0RFg6D9SQ6qsE,Bhana's Foodmarket & Takeaways,-37.1117172,174.6159085,"2619 Awhitu Road, Matakawau, Auckland","convenience_store,meal_takeaway,liquor_store,store,restaurant,food,point_of_interest,establishment",restaurant
ChIJ9ZbEMHtUDW0Ryc_oIcD-FWQ,Karaka Community Event Centre @ Karaka Sports Park,-37.1014611,174.8789418,"372 Blackbridge Road, Karaka","park,restaurant,food,point_of_interest,establishment",restaurant
ChIJASVaaABVDW0RqMKsv4Zyo-A,Little Eats,-37.1014867,174.8791453,"372 Blackbridge Road, Karaka","restaurant,food,point_of_interest,establishment",restaurant
ChIJfeVmBolTDW0Ra6Js8Vqvk0c,Karaka General Store and Cafe,-37.0986319,174.8849175,"257 Linwood Road, Karaka","cafe,restaurant,food,point_of_interest,establishment",restaurant
ChIJM_Iu0OhSDW0R1tj54gSPoy0,Autobahn Cafe Papakura,-37.08774579999999,174.9398176,"State Highway 1, Rosehill, Auckland","restaurant,food,point_of_interest,establishment",restaurant
ChIJRefxMsVUDW0RdLgnn-o6BrU,McDonald's Drury MSA,-37.0875164,174.9396903,"Shop no. 2, BP Motorway Service Centre, Auckland Southern Motorway, Rosehill, Auckland","restaurant,food,point_of_interest,establishment",restaurant
ChIJZy-EPtutcm0RwXTSsP15Yng,MADE Cafe,-37.1022131,174.9404391,"183 Bremner Road, Auckland","cafe,restaurant,food,point_of_interest,establishment",restaurant
ChIJ-zxyFjJTDW0RDSD0tBGseyw,Park Green Cafe & Bar,-37.0862237,174.9298277,"180 Park Estate Road, Rosehill, Auckland","restaurant,food,point_of_interest,establishment",restaurant
ChIJKYfFqExTDW0R0_hoHm2Dijs,wildbean cafe,-37.0883061,174.9398763,"Auckland Southern Motorway, Rosehill, Auckland","cafe,bakery,store,restaurant,food,point_of_interest,establishment",restaurant
ChIJkeIdl6escm0RGpBhR7-EWmo,Ned's Roasts,-37.1028905,174.9524112,"5/232 Great South Road, Auckland","restaurant,meal_takeaway,food,point_of_interest,establishment",restaurant
ChIJmeDsHqascm0R8ziHIqWYqks,Murphy's Law Irish Bar,-37.1007618,174.9515078,"200 Great South Road, Drury","bar,rv_park,lodging,restaurant,food,point_of_interest,establishment",restaurant
ChIJfb1syXqtcm0RBmBz7MNoc8s,Mum’s Sushi,-37.1033793,174.9522345,"232 Great South Road, Drury","restaurant,food,point_of_interest,establishment",restaurant
ChIJe96UJ6etcm0Rnf_YUfAnGFU,Curry & Craft Indian Restaurant,-37.10373999999999,174.952117,"11/236 Great South Road, Auckland","restaurant,food,point_of_interest,establishment",restaurant
ChIJh6rk8SVTDW0RHhiQyI3AQuc,Karaka Spice Junction,-37.0839268,174.9075999,"322 Hingaia Road, Karaka","meal_takeaway,restaurant,food,point_of_interest,establishment",restaurant
ChIJgzIZtNWscm0R0c__C7Mkh5g,New Ruby Restaurant,-37.0635525,174.9437524,"2 Averill Street, Papakura, Auckland","restaurant,food,point_of_interest,establishment",restaurant
ChIJ8YreyNWscm0R5hm19TKf7s8,Wild Orchid Thai Restaurant,-37.0635227,174.9439223,"6 Averill Street, Papakura, Auckland","restaurant,food,point_of_interest,establishment",restaurant
ChIJKZ-vmtWscm0R_0VQ7438jB4,The Emerald Thai Restaurant,-37.0619444,174.9433333,"60 O'Shannessy Street, Papakura, Auckland","restaurant,food,point_of_interest,establishment",restaurant
ChIJHdlxLSutcm0RMw89IS8BT0I,Wendy's Hamburgers,-37.0580163,174.9401924,"80/82 Great South Road, Papakura, Auckland","restaurant,food,point_of_interest,establishment",restaurant
ChIJd2ktddWscm0RF5Fkc7jsKKg,Ezmeralda's Cafe,-37.06251869999999,174.9429842,"23 Broadway, Papakura, Auckland","restaurant,cafe,food,point_of_interest,establishment",restaurant
ChIJ22Z-MtWscm0RBtmF1sbxIyo,Pizza Hut,-37.0629699,174.9402186,"25B Elliot Street, Papakura, Auckland","meal_delivery,meal_takeaway,restaurant,food,point_of_interest,establishment",restaurant
ChIJI50G1Sqtcm0R68HY5lxSlvM,KFC,-37.058516,174.940423,"Great South Road, Papakura, Auckland","meal_takeaway,restaurant,food,point_of_interest,establishment",restaurant
ChIJJbCvWjRTDW0RqAtr2eIL_vI,Rosehill Shopping Centre,-37.0791114,174.9369218,"27 Edinburgh Avenue, Rosehill, Auckland","shopping_mall,laundry,meal_takeaway,grocery_or_supermarket,liquor_store,store,restaurant,food,point_of_interest,establishment",restaurant
ChIJG-2oOdWscm0Rzfw2q727T7g,Galaxy Pizza,-37.0627959,174.9410009,"16 East Street, Papakura, Auckland","meal_delivery,meal_takeaway,restaurant,food,point_of_interest,establishment",restaurant
ChIJqfWVCNWscm0Rfz6j9VQSDwg,Satay Noodle House,-37.063129,174.942459,"183 Great South Road, Papakura, Auckland","restaurant,food,point_of_interest,establishment",restaurant
ChIJWy_RadSscm0RUWkn_a-nBF8,The Pizza Box,-37.0652717,174.9435757,"58 Wood Street, Papakura, Auckland","cafe,restaurant,food,point_of_interest,establishment",restaurant
ChIJ31tZRdSscm0RHQmKb2pXHL0,Red Earth Bistro and Wine Bar,-37.0645932,174.9434416,"255 Great South Road, Papakura, Auckland","restaurant,food,point_of_interest,establishment",restaurant
ChIJq-03oYlIDW0R4dxxcUbwNl4,Noodle Canteen Papakura,-37.061636,174.941206,"123 Great South Road, Papakura, Auckland","restaurant,food,point_of_interest,establishment",restaurant
ChIJzdsLVNKscm0RM2sjWcqgINA,Subway,-37.0626354,174.9424586,"160 Great South Road, Papakura, Auckland","restaurant,food,point_of_interest,establishment",restaurant
ChIJ9QGjotWscm0R4rNQZy4wTBc,Salt & Pepper restaurant,-37.0623077,174.9431124,"32 Broadway, Papakura, Auckland","restaurant,food,point_of_interest,establishment",restaurant
ChIJZTkEriqtcm0R8PK5U7qaF3Y,McDonald's Papakura,-37.059984,174.9402132,"101 Great South Road, Papakura, Auckland","restaurant,food,point_of_interest,establishment",restaurant
ChIJHWncyiqtcm0REH2IN6q1YZQ,HELL Pizza Papakura,-37.05962659999999,174.940182,"89 Great South Road, Papakura, Auckland","meal_delivery,meal_takeaway,restaurant,food,point_of_interest,establishment",restaurant
ChIJEwiuLtVSDW0RLXKgToQSVOU,Punjab Palace,-37.0587224,174.9398306,"71D Great South Road, Papakura, Auckland","meal_takeaway,restaurant,food,point_of_interest,establishment",restaurant
ChIJ17dNQdSscm0RgNrwimu8FGM,Lucky Day Takeaway,-37.0649665,174.9437648,"277 Great South Road, Papakura, Auckland","meal_takeaway,restaurant,food,point_of_interest,establishment",restaurant
ChIJde9VN86scm0RwLVM5B0yYo8,Opaheke Takeaways,-37.0731936,174.9472645,"37 Opaheke Road, Ōpaheke, Auckland","meal_takeaway,restaurant,food,point_of_interest,establishment",restaurant
ChIJL7IxFppNDW0RKuQYOfsCNb8,Domino's Pizza Papakura,-37.0585185,174.9398832,"2/69 Great South Road, Papakura, Auckland","meal_delivery,meal_takeaway,restaurant,food,point_of_interest,establishment",restaurant
ChIJ3Tkokdascm0R_uE0MRcqo7c,Brandy's Cafe,-37.0638777,174.9453875,"2/14 Railway Street West, Papakura, Auckland","cafe,restaurant,food,point_of_interest,establishment",restaurant
ChIJiS-ky9ZSDW0Ri3Suqyloqbw,Shang Lee Smorgasbord & Chinese Takeaways,-37.05875189999999,174.939768,"3/71 Great South Road, Papakura, Auckland","restaurant,food,point_of_interest,establishment",restaurant
ChIJGTVvSNSscm0RhtwE-ZuRLlQ,Stampede Restaurant & Bar,-37.0644544,174.9439583,"238 Great South Road, Papakura, Auckland","night_club,bar,restaurant,food,point_of_interest,establishment",restaurant
ChIJ7ZdC8c5TDW0RbOBWim1MfpA,MELBA Karaka,-37.07320349999999,174.9269358,"47 Harbourside Drive, Karaka, Auckland","restaurant,food,point_of_interest,establishment",restaurant
ChIJY8_Wnd1TDW0RWV_mgsyOTSg,Subway,-37.0734546,174.9263041,"47 Harbourside Drive, Karaka","restaurant,food,point_of_interest,establishment",restaurant
ChIJJdzPj3NTDW0RH8MISGgsufc,McDonald's Karaka,-37.07351709999999,174.9261533,"47 Harbourside Drive, Karaka","restaurant,food,point_of_interest,establishment",restaurant
ChIJj2nwGy9TDW0RXBNo-sWfjuc,Pizza Hut,-37.0735713,174.9260738,"2/47 Harbourside Drive, Karaka","restaurant,food,point_of_interest,establishment",restaurant
ChIJzXfjY_9TDW0RB6SlDQk8zdw,Ethereal Restaurant,-37.07445200000001,174.9266678,"8 Hinau Road, Papakura, Auckland","restaurant,food,point_of_interest,establishment",restaurant
ChIJ_-zlbhpTDW0RpOUUXaFpYIs,St Pierres Sushi Karaka,-37.0736114,174.9256384,"Unit 1/47 Harbourside Drive, Karaka, Auckland","meal_takeaway,restaurant,food,point_of_interest,establishment",restaurant
ChIJb6FLEABTDW0Ru1aPtWbEgoQ,KFC,-37.073387,174.9248676,"49 Hingaia Road, Karaka","restaurant,food,point_of_interest,establishment",restaurant
ChIJqymdZQBTDW0RKtmcjXB4wBk,Taco Bell Karaka,-37.07396179999999,174.9246574,"43 Hingaia Road, Karaka","restaurant,food,point_of_interest,establishment",restaurant
ChIJU5NdRDxTDW0RRpXNkLhVLoQ,Urban Soul Cafe and Bistro,-37.0745349,174.923144,"71 Hingaia Road, Karaka","restaurant,cafe,food,point_of_interest,establishment",restaurant
ChIJq1d68CNTDW0RyXhyclukD8E,"Cinnamon, Indian Eatery & Bar",-37.0743729,174.9225445,"Unit B4/75 Hingaia Road, Karaka","restaurant,food,point_of_interest,establishment",restaurant
ChIJ9xB6VDxTDW0R94PX5SwFT3o,Sushi wa Kim chef,-37.0742378,174.9223785,"7/75 Hingaia Road, Karaka","restaurant,food,point_of_interest,establishment",restaurant
ChIJPQj8ay9TDW0RNK6A3PbkCow,Pahurehure Takeaways,-37.0676204,174.9306696,"95 Elliot Street, Pahurehure, Auckland","meal_takeaway,restaurant,food,point_of_interest,establishment",restaurant
ChIJpecdbbpTDW0RKUppGIgYdhw,Kebabs & More,-37.07897829999999,174.9320458,"83 Chichester Drive, Rosehill, Auckland","meal_takeaway,restaurant,food,point_of_interest,establishment",restaurant
ChIJE1bsltOscm0RoMh-mXXMwZM,Rosehill Takeaways,-37.07912799999999,174.936971,"27 Edinburgh Avenue, Rosehill, Auckland","restaurant,food,point_of_interest,establishment",restaurant
ChIJ-XOChpVTDW0RgYmapjw0dOQ,Masala vibe,-37.0813952,174.9189277,"18 Gelderland Way, Karaka","meal_takeaway,restaurant,food,point_of_interest,establishment",restaurant
ChIJjX4ECb2tcm0RIRXCmxb1TFo,Grazeyard Food Trailer,-37.0637247,174.9401446,"20 Elliot Street, Papakura, Auckland","restaurant,food,point_of_interest,establishment",restaurant
ChIJ55Lacoitcm0RCwJPjNHQ0R8,Shree Radhe Food (SRF),-37.0637247,174.9401446,"20 Elliot Street, Papakura, Auckland","restaurant,food,point_of_interest,establishment",restaurant
ChIJjT21_QKtcm0RJTb-JKVj5HE,Punjab Express Papakura,-37.0663819,174.9435609,"315 Great South Road, Papakura, Auckland","meal_takeaway,restaurant,food,point_of_interest,establishment",restaurant
ChIJ4RQkNAetcm0RnFFiBDOBtlc,Select Pizza,-37.066191,174.943575,"3/311 Great South Road, Papakura, Auckland","restaurant,food,point_of_interest,establishment",restaurant
ChIJ5_taC1JTDW0Ra3MLGazz1hY,Ribs & Wings Papakura,-37.0661896,174.9435771,"3/311 Great South Road, Papakura, Auckland","restaurant,food,point_of_interest,establishment",restaurant
ChIJ1x1OTWetcm0RIiaxjwwch7Y,Gourmet king takeaway,-37.06327709999999,174.9415929,"22 East Street, Papakura, North","restaurant,food,point_of_interest,establishment",restaurant
ChIJyc8l4PGtcm0R9Qvyu7NU_X0,Turmeric Flavours Of India,-37.0627213,174.9411558,"13 Elliot Street, Papakura, Auckland","restaurant,food,point_of_interest,establishment",restaurant
ChIJbaXrPtWscm0ROH-PRROX4KY,Elliot Bakery & Cafe,-37.0626849,174.9411771,"11 Elliot Street, Papakura, Auckland","bakery,meal_takeaway,store,restaurant,food,point_of_interest,establishment",restaurant
ChIJtVWwP9Wscm0REt5N1k9CpG8,Family Chinese Takeaway,-37.06271009999999,174.9412386,"11 Elliot Street, Pahurehure, Auckland","meal_takeaway,restaurant,food,point_of_interest,establishment",restaurant
ChIJt41pcQCtcm0Ro9OBweATVHE,Mithaiwala Papakura,-37.0640873,174.9429813,"223 Great South Road, Papakura, Auckland","restaurant,food,point_of_interest,establishment",restaurant
ChIJ1QGUi7Gtcm0RnnYItY66mW8,Lil Abners Papakura,-37.06480579999999,174.9437014,"271 Great South Road, Papakura, Auckland","meal_takeaway,restaurant,food,point_of_interest,establishment",restaurant
ChIJwzgSXitMDW0RLWE3RvfvbYY,Grumpys,-37.06390849999999,174.9429822,"221 Great South Road, Papakura, Auckland","restaurant,food,point_of_interest,establishment",restaurant
ChIJ13rODdWscm0RkaX-OIjPiZ8,Ronnie's Cafe,-37.0628023,174.9422158,"167/169 Great South Road, Papakura, Auckland","cafe,meal_takeaway,store,restaurant,food,point_of_interest,establishment",restaurant
ChIJq3j2apKtcm0RDji8EPBPJCQ,Danny's Kebab and Chargrilled Burgers,-37.0635218,174.9430821,"194 Great South Road, Papakura North, Auckland","restaurant,food,point_of_interest,establishment",restaurant
ChIJpeZloDOtcm0RWOfUkShUsk8,Blue Pacific Takeaway,-37.063644,174.943219,"200 Great South Road, Papakura, Auckland","meal_takeaway,restaurant,food,point_of_interest,establishment",restaurant
ChIJI-94QgCtcm0RS5s6XYcemUA,NZ Momo,-37.06334979999999,174.9429333,"182 Great South Road, Papakura, Auckland","restaurant,food,point_of_interest,establishment",restaurant
ChIJYZj_B9Wscm0RRt4Pv1u2tBw,Aoyama Sushi,-37.0633322,174.9429256,"182 Great South Road, Papakura, Auckland","restaurant,food,point_of_interest,establishment",restaurant
ChIJlf759Vmtcm0RRrZZksvztRQ,IZU,-37.062829,174.9425462,"170 Great South Road, Papakura, Auckland","restaurant,food,point_of_interest,establishment",restaurant
ChIJDQni3-escm0RkaHXAN0HF7M,Hunua Road Lunchbar,-37.0724565,174.9622116,"66 Hunua Road, Papakura, Auckland","restaurant,food,point_of_interest,establishment",restaurant
ChIJ7c9k_YWtcm0RiMtNBjHq630,Ohana Bistro,-37.0713749,174.9637917,"5 Croskery Road, Papakura, Auckland","restaurant,food,point_of_interest,establishment",restaurant
ChIJY16rPq2tcm0RqHYelgO1VDs,Indian Eats,-37.0654075,174.9671807,"117 Settlement Road, Papakura, Auckland","meal_takeaway,restaurant,food,point_of_interest,establishment",restaurant
ChIJdYKFESCtcm0RgrgoOfisnIA,SHEEHAN TAKEAWAYS,-37.06142020000001,174.9591703,"1C Sheehan Avenue, Papakura, Auckland","meal_takeaway,restaurant,food,point_of_interest,establishment",restaurant
ChIJFzTzWD2tcm0RiOKVtOzJnqE,MMs Chicken Run,-37.0623638,174.9478327,"35/c Royston Street, Papakura","meal_takeaway,restaurant,food,point_of_interest,establishment",restaurant
ChIJs6LtLf2tcm0RJS-ODKSobN8,Swad Amritsari,-37.064333,174.9457144,"2/10 Railway Street West, Papakura, Auckland","meal_takeaway,restaurant,food,point_of_interest,establishment",restaurant
ChIJAQBgvyGtcm0RjX6ZL60f1ko,Cross st takeaways papakura,-37.057686,174.9595437,"9 Wilson Place, Papakura, Auckland","meal_takeaway,restaurant,food,point_of_interest,establishment",restaurant
ChIJX39wBtOtcm0RwOGrGhL34QY,The Chef Of India,-37.06200399999999,174.9475555,"7/1 Prictor Street, Papakura, Auckland","restaurant,meal_takeaway,food,point_of_interest,establishment",restaurant
ChIJkWQCvjetcm0RyY0FkpkRhgI,Asian food,-37.06170959999999,174.947669,"1 Prictor Street, Papakura, Auckland","restaurant,food,point_of_interest,establishment",restaurant
ChIJT_Zh7ymtcm0RFvTHprisvT0,Mr Sushi,-37.0618873,174.9473142,"Unit 10/1 Prictor Street, Papakura, Auckland","restaurant,food,point_of_interest,establishment",restaurant
ChIJywiQR7atcm0R8hNf6ymno6E,Roast House,-37.06183259999999,174.9472855,"1 Prictor Street, Papakura, Auckland","restaurant,food,point_of_interest,establishment",restaurant
ChIJEw--aRCtcm0RHIpJ9QntRy8,Brothers BBQ House,-37.0615495,174.9474853,"3/1 Prictor Street, Papakura, Auckland","restaurant,food,point_of_interest,establishment",restaurant
ChIJUZ6h3KKtcm0RAfWFTiRU0oo,Papakura Fresh Fish & Takeaway,-37.0615683,174.9474263,"Unit 8/1 Prictor Street, Papakura, Auckland","restaurant,food,point_of_interest,establishment",restaurant
ChIJdeRgxOWtcm0R_RRIcZMS-64,Papakura curry mahal,-37.0584195,174.9532157,"curry mahal 74 Clevedon Road, Papakura, Auckland","meal_takeaway,restaurant,food,point_of_interest,establishment",restaurant
ChIJaRAcYDmtcm0R2_IeUotK2iI,Azumaya Sushi & Hot Food,-37.0633979,174.9441455,"6 Averill Street, Papakura, Auckland","restaurant,food,point_of_interest,establishment",restaurant
ChIJX_16Tl2tcm0RhrrqPxW5ZUg,Indian Zaika Restaurant Papakura,-37.0624584,174.9439188,"4/46 Broadway, Papakura, Auckland","restaurant,food,point_of_interest,establishment",restaurant
ChIJuzmJHmutcm0RQUtp2HJIMq4,Papakura Kukbab,-37.06243189999999,174.9436,"44 Broadway, Papakura, Auckland","restaurant,food,point_of_interest,establishment",restaurant
ChIJNZvWltWscm0RNSO2jTcpuBE,Little Tokyo Sushi,-37.0622586,174.9435355,"123 O'Shannessey Street, Papakura, Auckland","restaurant,food,point_of_interest,establishment",restaurant
ChIJgbyBNACtcm0R-S0LTDpkB5U,SUSHI GALLERY,-37.0620065,174.9436739,"103 O'Shannessey Street, Papakura, Auckland","restaurant,food,point_of_interest,establishment",restaurant
ChIJ_4p24W2tcm0R82JtvxPo3Nc,Delicious Korean Chicken,-37.0620395,174.9436396,"105 O'Shannessey Street, Papakura, Auckland","meal_takeaway,restaurant,food,point_of_interest,establishment",restaurant
ChIJszjqH_atcm0Ryab4VwzivLU,Totally Chicken Papakura,-37.0620213,174.9435961,"105 O'Shannessey Street, Papakura, Auckland","meal_takeaway,restaurant,food,point_of_interest,establishment",restaurant
ChIJ60aRgfutcm0RJ2q8e19XBm0,Hunua Eatery,-37.0629005,174.9426541,"174 Great South Road, Papakura, Auckland","restaurant,food,point_of_interest,establishment",restaurant
ChIJFd2edzOtcm0RDVhwlWOE_-E,The Bakehouse Cafe,-37.0629005,174.9426541,"174 Great South Road, Papakura, Auckland","cafe,restaurant,food,point_of_interest,establishment",restaurant
ChIJV_6usBKtcm0R55eqJrO8IKE,Gulab Sweets and Snacks Restaurant - Taste of India,-37.0623462,174.9430536,"30 Broadway, Papakura, Auckland","meal_takeaway,store,restaurant,food,point_of_interest,establishment",restaurant
ChIJz96RK7etcm0R6wSgvFNKxWo,Flame Kebab,-37.06230109999999,174.9430425,"30 Broadway, Papakura, Auckland","restaurant,food,point_of_interest,establishment",restaurant
ChIJ32ozy_Ctcm0R-vNytOfX9ZQ,Mama Sila Catering & Services Papakura,-37.0625031,174.9427692,"15 Broadway, Papakura, Auckland","restaurant,food,point_of_interest,establishment",restaurant
ChIJicUysXqucm0RAa5ZMDh6sAc,Vin Alto Restaurant and Functions,-37.05679550000001,175.0362738,"424 Creightons Road, Clevedon","restaurant,food,point_of_interest,establishment",restaurant
ChIJfwa-qayvcm0RDQ0tocNxrPw,John Hill Estate,-37.0610552,175.0657058,"231 White Road, Hunua","meal_takeaway,meal_delivery,restaurant,food,point_of_interest,establishment",restaurant
ChIJe7UQxIevcm0RGTIigSWr41Q,Hunua Falls Cafe and Bar,-37.0823671,175.0725205,"2330 Hunua Road, Hunua","restaurant,food,point_of_interest,establishment",restaurant
ChIJLWyqEBdSDW0RAPay64SmUd0,Subway Clendon(Inside Mobil Station),-37.0322805,174.868731,"459 Roscommon Road, Clendon Park, Clendon","restaurant,food,point_of_interest,establishment",restaurant
ChIJW-ithRBSDW0Rw-Kaoho4tEk,Clendon Asian Cuisine,-37.0322639,174.8690263,"B2 Clendon Shopping Centre 451 Roscommon Road, Manurewa, Auckland","restaurant,food,point_of_interest,establishment",restaurant
ChIJPd3QjSRSDW0RtHxTuH7LbuY,Weymouth Takeaways,-37.0428587,174.8652471,"Waimahia Avenue, Weymouth, Auckland","meal_takeaway,restaurant,food,point_of_interest,establishment",restaurant
ChIJdRbDsv9NDW0Rn6ypVyD5c8I,Evelinas Polynesian Food,-37.0337199,174.8686465,"459 Roscommon Road, Clendon Park, Auckland","restaurant,food,point_of_interest,establishment",restaurant
ChIJxWV_CgBTDW0R2IlHMHOsi7w,Clendon Kebab,-37.033525,174.8683364,"459 Roscommon Road, Clendon Park, Auckland","restaurant,food,point_of_interest,establishment",restaurant
ChIJEVLAcxdSDW0Raaa78Jwb87Q,Ocean Harvest Seafood and Takeaways,-37.0333827,174.8682439,"Shop 5D/451 Roscommon Road, Clendon Park, Auckland","meal_takeaway,restaurant,food,point_of_interest,establishment",restaurant
ChIJjZyQI35TDW0Rmj0QLqlEjXc,Spin Spuds Food Truck - Auckland,-37.0374029,174.8763533,"40 Carn Place, Weymouth, Auckland","restaurant,food,point_of_interest,establishment",restaurant
ChIJjXUy--hTDW0R1-qTDzal7tg,Pizza Hut,-37.03195419999999,174.867655,"459 Roscommon Road, Clendon Park, Auckland","meal_delivery,meal_takeaway,restaurant,food,point_of_interest,establishment",restaurant
ChIJM_VpahdSDW0Rwzvj7Ju3W20,Gourmet BBQ Takeaways - The most delicious local Chinese & Asian cuisine,-37.03180510000001,174.8678123,"Located in Clendon Shopping Centre G02/459 Roscommon Road, Clendon Park, Auckland","meal_takeaway,store,restaurant,food,point_of_interest,establishment",restaurant
ChIJuZ41nnFTDW0RR98QyCXzn_g,Chef Pakwan Indian Cuisine,-37.0317477,174.86767,"G1/10 Robert Ross Place, Clendon Park, Near Pak N Save, Manurewa, Auckland","restaurant,food,point_of_interest,establishment",restaurant
ChIJu2m6TxdSDW0RZCLEv6vQbdo,Chicken Deli,-37.03180379999999,174.8679558,"459 Roscommon Road Shop G3 Clendon shopping center Clendon Park, Manurewa, Auckland","meal_takeaway,restaurant,food,point_of_interest,establishment",restaurant
ChIJF1MDTxdSDW0R3RoYg_brIz8,Brandy's Roast,-37.0317251,174.8680269,"Clendon Shopping Centre Shop G4/459 Roscommon Road, Clendon Park, Auckland","meal_takeaway,restaurant,food,point_of_interest,establishment",restaurant
ChIJXzUeRqFTDW0RSBHyuemXsto,Clendon Fish & Chips and Takeaway,-37.03169430000001,174.8679565,"Shop G5/459 Roscommon Road, Clendon Park, Auckland","meal_takeaway,restaurant,food,point_of_interest,establishment",restaurant
ChIJ0_C5gh5SDW0RQxOK9bkIoc8,Finlayson Takeaways,-37.0307885,174.8599483,"140 Finlayson Avenue, Clendon Park, Auckland","meal_takeaway,restaurant,food,point_of_interest,establishment",restaurant
ChIJlV-SNhdSDW0RNRA6pyvpcAg,McDonald's Clendon Park,-37.0314991,174.8685672,"443/459 Roscommon Road, Manukau City Centre, Auckland","restaurant,food,point_of_interest,establishment",restaurant
ChIJOyFOaEFSDW0R54-5mYOL33I,Weymouth Cosmopolitan Sports Club Inc.,-37.0417919,174.8815305,"151 Sykes Road, Manurewa, Auckland","bar,restaurant,food,point_of_interest,establishment",restaurant
ChIJ2Zw2tBBSDW0RhZ9jS0ybgnM,TNC Fried Chicken Clendon,-37.0309067,174.8682077,"5/439 Roscommon Road, Clendon Park, Auckland","restaurant,food,point_of_interest,establishment",restaurant
ChIJiYm3sBBSDW0R7GiOvxeJRm8,Domino's Pizza Clendon Park,-37.0306159,174.8679763,"1/429 Roscommon Road, Clendon Park, Auckland","meal_delivery,meal_takeaway,restaurant,food,point_of_interest,establishment",restaurant
ChIJl-R9YJBTDW0RIOvh9w0ld1g,Bala’s (Country Fried Chicken-Clendon),-37.0306022,174.8679907,"429 Roscommon Road Clendon Park, Wiri, Auckland","meal_takeaway,restaurant,food,point_of_interest,establishment",restaurant
ChIJ-X-pKFxTDW0R1mAvbMOdUvc,Super king BBQ takeaway,-37.0302292,174.8678191,"2/423 Roscommon Road, Manurewa, Auckland","meal_takeaway,restaurant,food,point_of_interest,establishment",restaurant
ChIJY_I2xu9SDW0RzDkh-t3Olk0,Natcha Thai Restuarant,-37.0471599,174.9100069,"68 Walter Strevens Drive, Takanini, Auckland","restaurant,food,point_of_interest,establishment",restaurant
ChIJG-FSQ-pSDW0RT7b_2KH27Jo,Night ‘n Day Takanini,-37.0345263,174.908241,"12 Great South Road, Takanini, Auckland","grocery_or_supermarket,cafe,meal_takeaway,store,restaurant,food,point_of_interest,establishment",restaurant
ChIJEeGWuk1SDW0RaxYWBftXUXM,Moor Park Takeaway,-37.0553422,174.8861551,"132 Carnoustie Drive, Wattle Downs, Auckland","meal_takeaway,restaurant,food,point_of_interest,establishment",restaurant
ChIJY-WntOxSDW0R0nqu8cyxSEw,Golden Hut Takeaway,-37.0384522,174.9133796,"88 Great South Road, Takanini, Auckland","meal_takeaway,restaurant,food,point_of_interest,establishment",restaurant
ChIJnwsk41pSDW0RB58jmAXt04M,Wattle Downs Golf Course,-37.0488775,174.8894667,"Wattle Farm Road, Wattle Downs, Auckland","bar,restaurant,food,point_of_interest,establishment",restaurant
ChIJmX9XAMdTDW0Rj6B0Pd9fjKY,"Wattle Downs Café, Bar & Restaurant",-37.0484429,174.8892881,"Wattle Farm Road, Wattle Downs, Auckland","cafe,bar,restaurant,food,point_of_interest,establishment",restaurant
ChIJTbx9bl9SDW0RrTYsNcFI9ag,Coxhead Takeaways,-37.0411405,174.8975915,"2/99 Tington Avenue, Manurewa, Manukau","meal_takeaway,restaurant,food,point_of_interest,establishment",restaurant
ChIJlxnUprNTDW0RrGpclsDWPoM,SlowButSure wintherace,-37.03540390000001,174.8919887,"75 Thompson Terrace, Manurewa, Auckland","restaurant,food,point_of_interest,establishment",restaurant
ChIJuSqZxu9SDW0RM05dRsgyOfo,Conifer Grove Takeaways,-37.04726049999999,174.909953,"68f Walter Strevens Drive, Conifer Grove, Auckland","restaurant,food,point_of_interest,establishment",restaurant
ChIJXeiMue9SDW0RowkrFVUIG6I,Conifer Bakery & Cafe,-37.0471994,174.9104936,"68a Walter Strevens Drive, Conifer Grove, Auckland","cafe,bakery,store,restaurant,food,point_of_interest,establishment",restaurant
ChIJ7eZNMrZTDW0RSEaM58VIy1U,The Sushi Platter - Waiata Shores,-37.0355183,174.907917,"2 Periko Way, Takanini, Auckland","meal_takeaway,restaurant,food,point_of_interest,establishment",restaurant
ChIJdSZbVVBTDW0RiNM5vzsoSoU,The Maharaj Kitchen,-37.03982209999999,174.9126633,"1/8 Challen Close, Conifer Grove, Auckland","restaurant,food,point_of_interest,establishment",restaurant
ChIJbQkUL4xSDW0RdZpZwlhyveI,Country Fried Chicken,-37.0332495,174.9058209,"323 Great South Road, Manurewa, Auckland","restaurant,food,point_of_interest,establishment",restaurant
ChIJDbSOD_pTDW0R51J81XjHsCc,Crust Pizza & More,-37.0302833,174.896866,"65 Churchill Avenue, Manurewa, Auckland","meal_takeaway,restaurant,food,point_of_interest,establishment",restaurant
ChIJlfSAqhNTDW0RKt6CV4dT8Tk,Heaven Indian Kitchen,-37.0302334,174.896862,"4/61 Churchill Avenue, Manurewa, Auckland","meal_takeaway,restaurant,food,point_of_interest,establishment",restaurant
ChIJU96YU5NSDW0RWepe_4h8--w,Shere Punjab,-37.03836349999999,174.9134608,"f/88 Great South Road, Takanini, Auckland","restaurant,food,point_of_interest,establishment",restaurant
ChIJS4_fWDFTDW0RXN3Q0guuEiU,wildbean cafe,-37.0388379,174.914022,"102 Great South Road, Takanini, Auckland","cafe,bakery,store,restaurant,food,point_of_interest,establishment",restaurant
ChIJd20Y7Cqtcm0R4x7FUvO6y3E,Hot Stuff Takeaways,-37.0388341,174.9140351,"100A Great South Road, Takanini, Auckland","restaurant,food,point_of_interest,establishment",restaurant
ChIJB0dvhOFTDW0RC_ipvcCMpK4,Novelty Sweets & Restaurants Takanini,-37.0383114,174.9138416,"88F Great South Road, Takanini, Auckland","restaurant,food,point_of_interest,establishment",restaurant
ChIJ8_TFBABTDW0RMiRRs-5Hoq8,Popeyes Famous Louisiana Chicken Takanini,-37.0393236,174.914581,"106 Great South Road, Takanini, Auckland","restaurant,food,point_of_interest,establishment",restaurant
ChIJLTNOKmVTDW0RSFhyDO440lo,You'n Me Sushi,-37.0395903,174.9148348,"unit 20/108 Great South Road, Takanini, Auckland","restaurant,food,point_of_interest,establishment",restaurant
ChIJ7daUUwBTDW0RARZWCG3Vz3Y,Grill N Thrill,-37.0390656,174.9147061,"14/108 Great South Road, Takanini, Auckland","meal_takeaway,store,restaurant,food,point_of_interest,establishment",restaurant
ChIJVeL5rrBTDW0RRB50-nC9WA4,Papas Chicken,-37.0397092,174.9150692,"108Great South Road, Takanini, Auckland","restaurant,food,point_of_interest,establishment",restaurant
ChIJh7uVFf1TDW0R8ZUE67EsvH0,Bheema's Kitchen,-37.039411,174.9150471,"2a/108 Great South Road, Takanini, Auckland","meal_takeaway,restaurant,food,point_of_interest,establishment",restaurant
ChIJ95XDmldTDW0RJUAYDcI7u44,Mr.Kebab,-37.039411,174.9150471,"Unit 8/108 Great South Road, Takanini, Auckland","restaurant,food,point_of_interest,establishment",restaurant
ChIJh5Vc-YlTDW0RrFK2bug9ORQ,takanini kebab and fried chicken,-37.039411,174.9150471,"Unit 8/108 Great South Road, Takanini, Auckland","restaurant,shopping_mall,food,point_of_interest,establishment",restaurant
ChIJkxyn3BFTDW0R3dllivVM6fM,Delight Pizza and Curry House Takanini,-37.0392452,174.9150681,"Shop 6/108 Great South Road, Takanini, Auckland","meal_takeaway,restaurant,food,point_of_interest,establishment",restaurant
ChIJBY-bLxNTDW0RTPt81sLcjow,Gateway Indian Eatery - Kebab & Fried chicken Takanini,-37.03920319999999,174.9150494,"A6/108 Great South Road, Takanini, Auckland","meal_takeaway,restaurant,food,point_of_interest,establishment",restaurant
ChIJ91Ar3QBTDW0Rar7qH9m5di4,Sardar Sweets Takanini,-37.0393638,174.915141,"unit 11 12/108 Great South Road, Takanini, Auckland","meal_takeaway,store,restaurant,food,point_of_interest,establishment",restaurant
ChIJ9XdgeABTDW0RCQ_dNNmuabM,Chaska indian restaurant,-37.0398476,174.9153867,"Great South Road, Takanini, Auckland","restaurant,food,point_of_interest,establishment",restaurant
ChIJF4kXg1FTDW0R7MrQKq3Cddo,Bake&Beans Takanini,-37.0390113,174.9149796,"a1/108 Great South Road, Takanini, Auckland","cafe,bakery,meal_takeaway,store,restaurant,food,point_of_interest,establishment",restaurant
ChIJKxq5HQBTDW0RASH2gYrDT_Y,Chaska Indian Street Food - Takanini,-37.0398428,174.9154078,"108 Great South Road, Takanini, Auckland","restaurant,food,point_of_interest,establishment",restaurant
ChIJE6xwyTBTDW0R-qNKBLW4x_4,Domino's Pizza Takanini,-37.03938249999999,174.9152224,"108 Great South Road, Takanini, Auckland","meal_takeaway,meal_delivery,restaurant,food,point_of_interest,establishment",restaurant
ChIJb-H_GMVSDW0RStss3JVSJ0A,St Pierres Sushi (Takanini),-37.0484788,174.9273659,"Unit 8 Countdown Takanini Retail Shops, 226/228 Great South Road, Takanini, Auckland","restaurant,food,point_of_interest,establishment",restaurant
ChIJKY-cRs5SDW0RYZkoGx4MsIE,The Blacksmith Eatery & Bar,-37.0475531,174.930903,"1/30 Walters Road, Takanini, Auckland","restaurant,bar,home_goods_store,store,food,point_of_interest,establishment",restaurant
ChIJh2J2eM9SDW0R90NW_86kBB4,Nando's Takanini,-37.0476452,174.9311054,"2/30 Walters Road, Takanini, Auckland","meal_takeaway,restaurant,food,point_of_interest,establishment",restaurant
ChIJjX3eo89SDW0RPxYfETRm2mU,LJ's Takanini,-37.0477591,174.9311863,"30 Walters Road, Takanini, Auckland","restaurant,food,point_of_interest,establishment",restaurant
ChIJKY-cRs5SDW0Rj4V8vuhGFlA,Takanini Town Centre,-37.0474863,174.9315304,"30 Walters Road, Takanini, Auckland","shopping_mall,meal_takeaway,bar,convenience_store,hospital,health,store,restaurant,food,point_of_interest,establishment",restaurant
ChIJkwig7PdTDW0RvOn0icrL0Z4,Carl's Jr. Takanini,-37.0491889,174.928502,"10/230 Great South Road, Takanini, Auckland","restaurant,food,point_of_interest,establishment",restaurant
ChIJnS0UpM9SDW0RLbRpKHBrabk,Pita Pit Takanini,-37.0478595,174.9313371,"30 Walters Road, Takanini, Auckland","restaurant,food,point_of_interest,establishment",restaurant
ChIJWb5ku89SDW0RpJXChyhyDHs,Maru Sushi&Don Takanini,-37.04791960000001,174.9314069,"5/30 Walters Road, Takanini, Auckland","restaurant,food,point_of_interest,establishment",restaurant
ChIJKY-cRs5SDW0RRAajftyvX20,Char Grill Wood Oven Takanini,-37.0482933,174.9314152,"3A/30 Walters Road, Takanini, Papkura","restaurant,meal_delivery,meal_takeaway,store,food,point_of_interest,establishment",restaurant
ChIJF6DHN8VSDW0REoUGEmsKvRM,Pizza Hut,-37.0495507,174.9289792,"Southgate Retail Centre, 230 Great South Road, Takanini, Auckland","meal_delivery,meal_takeaway,restaurant,food,point_of_interest,establishment",restaurant
ChIJF6DHN8VSDW0RnG23iqcOS50,Subway Takanini,-37.04960829999999,174.9289807,"230 Great South Road, Takanini, Auckland","restaurant,food,point_of_interest,establishment",restaurant
ChIJF6DHN8VSDW0R_a62ZPuUPPA,Takanini Fish Mart,-37.04954560000001,174.9298935,"230 Great South Road, Takanini, Auckland","meal_takeaway,restaurant,food,point_of_interest,establishment",restaurant
ChIJGaexp9pSDW0R3VWop9FC5aM,BurgerFuel Takanini,-37.05041399999999,174.929495,"1/254 Great South Road, Takanini, Auckland","restaurant,food,point_of_interest,establishment",restaurant
ChIJhfn0p9pSDW0RVYUj98ruduw,Sal's Authentic NY Pizza Takanini,-37.0506821,174.9297084,"254 Great South Road, Takanini, Auckland","restaurant,food,point_of_interest,establishment",restaurant
ChIJhfn0p9pSDW0RYixjLbTWKZg,"TANK Takanini - Smoothies, Raw Juices, Salads & Wraps",-37.05067669999999,174.9297408,"Oak Junction 254 Great South Road, Takanini, Auckland","meal_takeaway,restaurant,food,point_of_interest,establishment",restaurant
ChIJcxvfbNBSDW0Rphq5m0bXaeI,The Good Home Takanini,-37.05131910000001,174.9304199,"260 Great South Road, Takanini, Auckland","restaurant,food,point_of_interest,establishment",restaurant
ChIJF6DHN8VSDW0RetsSfT8JaH4,Kiwi Roast Takanini,-37.04958269999999,174.9291062,"Great South Road, Papakura, Bombay","restaurant,food,point_of_interest,establishment",restaurant
ChIJy95AAsVSDW0REHsOX584LsU,McDonald's Takanini,-37.0475655,174.926151,"226 Great South Road, Takanini, Auckland","restaurant,food,point_of_interest,establishment",restaurant
ChIJU5VfSABTDW0RZtdJF441ojc,Rak Khun - Thai Eatery & Bar,-37.0473424,174.9299304,"30 Walters Road Takanini town centre, 1/30 Walters Road, Takanini, Auckland","restaurant,food,point_of_interest,establishment",restaurant
ChIJe0MLSQBTDW0RCjsUwtsyGM8,The Good Luck Club,-37.0475167,174.9301194,"7/30 Walters Road, Takanini, Auckland","cafe,restaurant,food,point_of_interest,establishment",restaurant
ChIJLTLMGMVSDW0Rhssb-wZXxsk,Cafe Club & Bakery,-37.04830310000001,174.9276388,"9/226 Great South Road, Takanini, Auckland","cafe,restaurant,food,point_of_interest,establishment",restaurant
ChIJCbIRGcVSDW0R6x_0kZjb6D0,The Great Tong,-37.0483442,174.9276018,"Shop 7/228 Great South Road, Takanini, Auckland","meal_takeaway,restaurant,food,point_of_interest,establishment",restaurant
ChIJYZyOEd9TDW0RQrIN2-9ogn0,KFC,-37.04632170000001,174.9239119,"1 Beach Road, Takanini, Auckland","meal_takeaway,restaurant,food,point_of_interest,establishment",restaurant
ChIJedcVos9SDW0R5BfM7_ULObg,The Sugarloaf,-37.0480518,174.9316315,"Takanini, Auckland","cafe,restaurant,food,point_of_interest,establishment",restaurant
ChIJVV8cGeBTDW0R68xGp-cqCRY,Chicking Takanini,-37.0458015,174.9231705,"204 Great South Road, Takanini, Auckland","restaurant,food,point_of_interest,establishment",restaurant
ChIJf0xdVMVSDW0RU8zDsM7e-s8,Mini Siam,-37.0496744,174.9294696,"230 Great South Road, Takanini, Auckland","restaurant,food,point_of_interest,establishment",restaurant
ChIJvz0MO0VTDW0R9cEO-zrafww,MUNCH Korean Fried Chicken (Takanini),-37.0497685,174.9293122,"230 Great South Road, Takanini, Auckland","restaurant,food,point_of_interest,establishment",restaurant
ChIJKY-cRs5SDW0RDUT4VN513CQ,The Coffee Club Takanini Village,-37.0481003,174.9324728,"Building 3/30 Walters Road, Takanini, Auckland","cafe,store,restaurant,food,point_of_interest,establishment",restaurant
ChIJTfA32iFTDW0RiBqi56XTveY,Singh chicken,-37.0498632,174.9306758,"5a Walters Road, Takanini, Auckland","meal_takeaway,restaurant,food,point_of_interest,establishment",restaurant
ChIJnY4JAfqtcm0R9x0kRmQ_dP4,Tiffin N Treat,-37.0498629,174.9306769,"5 walters rd Takanini, Papakura, Auckland","meal_takeaway,restaurant,food,point_of_interest,establishment",restaurant
ChIJHXHHXdNTDW0R-6iE8UMHvVA,Beach Pizza Takanini,-37.0423883,174.9318673,"Shop 3/86 Kauri Heart Avenue, Takanini, Auckland","meal_takeaway,restaurant,food,point_of_interest,establishment",restaurant
ChIJL7L5aLRTDW0RI6vtRwXDuno,Tim Hot Eatery,-37.0423073,174.9317482,"86 Kauri Heart Avenue, Takanini, Auckland","meal_takeaway,restaurant,food,point_of_interest,establishment",restaurant
ChIJh_33ZRBTDW0RCOiEoFxKcGg,Namaste HR,-37.0453693,174.9220148,"Great South Road, Takanini, Auckland","restaurant,food,point_of_interest,establishment",restaurant
ChIJwxmiB9BSDW0Rys-Noa6vg2Y,Kebabs Delight,-37.0506768,174.9297408,"254 Great South Road, Papakura, Auckland","restaurant,food,point_of_interest,establishment",restaurant
ChIJnVnHX6RTDW0RbjFPPXLMPrg,bikaner express,-37.0507415,174.9296972,"7/254 Great South Road, Takanini, Auckland","restaurant,food,point_of_interest,establishment",restaurant
ChIJM0H_CWFTDW0RLhXXInqvnug,Sumthin Dumplin Takanini,-37.0507899,174.9299185,"254 Great South Road, Takanini, Auckland","restaurant,food,point_of_interest,establishment",restaurant
ChIJ2w9MIcJSDW0R10atcNzLPEI,Foodies Lunch bar & Cafe,-37.0443099,174.921042,"180k Great South Road, Takanini, Auckland","restaurant,food,point_of_interest,establishment",restaurant
ChIJid4sgs5SDW0RoEzoAipjSzk,Porchester Road Superette,-37.0492446,174.935582,"2/150 Porchester Road, Takanini, Auckland","convenience_store,store,restaurant,food,point_of_interest,establishment",restaurant
ChIJ1f08InBTDW0RyP-IkTCqtkM,Brown Boys,-37.0533144,174.9309859,"Waka Street, Takanini, Auckland","meal_takeaway,restaurant,food,point_of_interest,establishment",restaurant
ChIJrQYd4dBSDW0RQ1aEyuUz1o0,Steely Blue Cafe,-37.05384310000001,174.9321671,"347 Great South Road, Takanini, Auckland","cafe,restaurant,food,point_of_interest,establishment",restaurant
ChIJWzIZAcBSDW0R94guwoM6MP4,Takanini Takeaways,-37.03900969999999,174.9200648,"4/Manuroa Road, Takanini, Auckland","meal_takeaway,restaurant,food,point_of_interest,establishment",restaurant
ChIJG7U3qOpSDW0RnMlXL0v50Vs,Pizza Club - Takanini,-37.03930190000001,174.9192427,"29b Manuroa Road, Takanini, Auckland","meal_takeaway,meal_delivery,restaurant,food,point_of_interest,establishment",restaurant
ChIJRZEWSfatcm0RVaW-zwWRI1U,Delicious Bites,-37.0440483,174.9416356,"90 Walters Road, Takanini, Auckland","meal_takeaway,restaurant,food,point_of_interest,establishment",restaurant
ChIJ2__oNXGtcm0RzePMv1veeyM,Papakura sweets and snacks,-37.05645229999999,174.9351801,"1C Youngs Road, Papakura, Auckland","restaurant,food,point_of_interest,establishment",restaurant
ChIJT4pLonGtcm0R1XuM_7BdZNs,Ardmore Cafe,-37.03420980000001,174.9734739,"500 Harvard Lane, Papakura, Ardmore","cafe,restaurant,food,point_of_interest,establishment",restaurant
ChIJBba5PSOtcm0RnUruIQKTsUM,Cosgrave Takeaways,-37.0522836,174.9575406,"160 Old Wairoa Road, Papakura, Auckland","meal_takeaway,restaurant,food,point_of_interest,establishment",restaurant
ChIJG9sIphmtcm0RpgmO02vFPrk,Keri Hill Takeaway,-37.05381219999999,174.964309,"Papakura, Auckland","meal_takeaway,restaurant,food,point_of_interest,establishment",restaurant
ChIJOXoMheytcm0ReSGsJOtYr1M,The Banchan Store,-37.04179300000001,174.9492586,"22 Black Beech Crescent, Takanini, Auckland","meal_delivery,grocery_or_supermarket,meal_takeaway,store,restaurant,food,point_of_interest,establishment",restaurant
ChIJzXpyhiWtcm0RThXqThjw-KY,Garrison Takeaways,-37.054068,174.950864,"118A Old Wairoa Road, Papakura, Auckland","restaurant,meal_takeaway,food,point_of_interest,establishment",restaurant
ChIJz_T6SIutcm0RZmObd9WcPW4,MADRAS KITCHEN LIMITED,-37.05228859999999,174.9474391,"Valour Lane, Papakura, Auckland","restaurant,food,point_of_interest,establishment",restaurant
ChIJ9yS1v0itcm0RBy4LiADc-pE,Flag's Meet Together We Eat,-37.0359512,174.9494404,"516 Mill Road, Takanini, Auckland","restaurant,food,point_of_interest,establishment",restaurant
ChIJp5Ejih6tcm0RrccIO9qJkf4,Dumpling Food Truck,-37.0359244,174.9483974,"NZ, 505 Mill Road, Takanini, Auckland","restaurant,food,point_of_interest,establishment",restaurant
ChIJ6SK-FACtcm0RzaMw8YW34OY,Red Food Truck,-37.0359244,174.9483974,"505 Mill Road, Takanini, Auckland","restaurant,food,point_of_interest,establishment",restaurant
ChIJSV-3Peatcm0RXHZhyo2nFgI,Maxx & Daisy's Eatery,-37.0342194,174.9490152,"221 Airfield Road, Ardmore","restaurant,food,point_of_interest,establishment",restaurant
ChIJUfzKtEutcm0R8jjJ5tuH8Tc,Friend of the Farmer,-37.0370941,174.9437561,"163 Airfield Road, Takanini, Auckland","cafe,restaurant,food,point_of_interest,establishment",restaurant
ChIJNa7Dtb6tcm0RQS-fLkqDNyg,Sky Cafe,-37.033391,174.9748664,"700 Harvard Lane, Ardmore","restaurant,food,point_of_interest,establishment",restaurant
ChIJC5R4MuFPDW0RnUm-ijbq2xM,"TANK Domestic Airport - Smoothies, Raw Juices, Salads & Wraps",-37.0064941,174.7904541,"Domestic Terminal, Andrew McKee Avenue, Auckland Airport, Auckland","meal_takeaway,restaurant,food,point_of_interest,establishment",restaurant
ChIJsd831eBPDW0RrGpCicfr16w,Retro Espresso Coffee,-37.00482589999999,174.7829124,"Auckland Airport International Terminal 5 & 8/Ray Emery Drive, Auckland Airport, Auckland","cafe,store,restaurant,food,point_of_interest,establishment",restaurant
ChIJSVOBUvtPDW0RJmzoHqYRGfg,Pita Pit Auckland International Airport,-37.0050576,174.782617,"Ray Emery Drive, Māngere, Auckland","restaurant,food,point_of_interest,establishment",restaurant
ChIJ36fG2kpPDW0RGCDmTBCLvvo,Mcdonalds Auckland Airport Airside,-37.0089374,174.7863813,"International Departures, Auckland International Airport Level 1, Māngere, Auckland","restaurant,food,point_of_interest,establishment",restaurant
ChIJkWzVi4ZPDW0RIf1jRb6_R8M,Krispy Kreme Domestic Terminal,-37.0059899,174.7924258,"G141, Domestic Terminal Building, Andrew McKee Avenue, Auckland Airport, Auckland","restaurant,cafe,bakery,store,food,point_of_interest,establishment",restaurant
ChIJZ-6SW9FPDW0RtQlvlw6nOfs,Soul Origin Auckland Domestic Airport,-37.0064143,174.7905165,"G890, Ground Floor Landside Departures, Domestic Terminal, Auckland Airport, Auckland","cafe,store,restaurant,food,point_of_interest,establishment",restaurant
ChIJmzPHMOdPDW0RM5F0SaMkME4,Subway,-37.0059783,174.79246,"9 Andrew McKee Avenue, Auckland Airport, Auckland","restaurant,food,point_of_interest,establishment",restaurant
ChIJuWg6tNVPDW0RMYxdDq_iYws,The Sushi Platter - Domestic Terminal Auckland Airport,-37.0064125,174.7905062,"Domestic Terminal Andrew McKee Avenue, Auckland Airport, Auckland","meal_takeaway,restaurant,food,point_of_interest,establishment",restaurant
ChIJJxmNGxVPDW0R1Ns6KoKs950,McDonald's Domestic Airport,-37.0064347,174.7903984,"Auckland Airport Shopping Centre, Māngere, Auckland","restaurant,food,point_of_interest,establishment",restaurant
ChIJeYswWcBPDW0RHN8rChzLa8c,Hikari Ramen & Donburi,-37.0064179,174.7904466,"Domestic Terminal Andrew McKee Avenue, Auckland Airport, Auckland","restaurant,food,point_of_interest,establishment",restaurant
ChIJH6y0WJxPDW0RvuDMn31Qmq0,Orleans Chicken & Waffles,-37.0065084,174.7900247,"4701652, Auckland Airport, Auckland","restaurant,food,point_of_interest,establishment",restaurant
ChIJfVqgSwBPDW0RVZMF7rD6Qrw,Little Italy Pizza Kitchen,-37.0061838,174.7832638,"International Terminal, Auckland Airport, Auckland","restaurant,food,point_of_interest,establishment",restaurant
ChIJmR6loM1PDW0RMbVt0uI1psI,Mexico,-37.0060904,174.7832396,"International Terminal first floor, Auckland Airport, Auckland","restaurant,food,point_of_interest,establishment",restaurant
ChIJ6x7evBBPDW0RIsCxQr1gTyw,Better Burger,-37.00608159999999,174.783189,"International terminal - first floor, Auckland Airport, Auckland","restaurant,food,point_of_interest,establishment",restaurant
ChIJGyPlUHVPDW0RERpn-w2ffP8,Sushi Bar Hayama,-37.0061707,174.7829238,"International Terminal 1st Floor/139 Ray Emery Drive, Auckland Airport, Auckland","restaurant,food,point_of_interest,establishment",restaurant
ChIJUcDtm_BPDW0RTyfT04CnT6k,Wondertree,-37.0063098,174.7824837,"Auckland Airport International Departures, Ray Emery Drive, Auckland Airport, Auckland","restaurant,bar,food,point_of_interest,establishment",restaurant
ChIJZ4aYDt9PDW0RfvzNGFcDgAM,Halong Bay,-37.00596839999999,174.7829011,"4991249, Auckland Airport, Auckland","restaurant,food,point_of_interest,establishment",restaurant
ChIJ_xkrSO1PDW0R5hnr4LyByDU,Best Ugly Bagels,-37.0058611,174.7829156,"Auckland Airport, Auckland","restaurant,food,point_of_interest,establishment",restaurant
ChIJt3cQ535PDW0RWYN2U6puPgI,Oma,-37.0057938,174.7828571,"Level, 1 Ray Emery Drive, Māngere, Auckland","cafe,restaurant,food,point_of_interest,establishment",restaurant
ChIJHeD1l-hPDW0RX4ikcGhxC0E,Soul Origin Auckland International Airport,-37.00576770000001,174.7827931,"Kiosk F891, Level 1, Airside Departures, Auckland International Airport, International Terminal, Auckland Airport, Auckland","cafe,store,restaurant,food,point_of_interest,establishment",restaurant
ChIJi00jLQpPDW0ROjWjVj_TqZs,McDonald's Auckland Airport Departures,-37.00576770000001,174.7827931,"Auckland International Airport, International Terminal first floor, Māngere, Auckland","restaurant,food,point_of_interest,establishment",restaurant
ChIJu3YnVThPDW0RKg8YAkfw9BI,Glamp Grounds,-37.0058554,174.7826396,"Ray Emery Drive, Auckland Airport, Auckland","restaurant,bar,food,point_of_interest,establishment",restaurant
ChIJITouh1RPDW0RBlVaSJAtDVI,Po Po Dumplings,-37.0059579,174.7822074,"after security, International Terminal first floor/s6 Ray Emery Drive, Auckland Airport, Auckland","restaurant,food,point_of_interest,establishment",restaurant
ChIJ1ZLwZnpPDW0RldgBdZsLxF4,Blue Marble Lane,-37.0050275,174.7835712,"International terminal, first floor, Auckland International Airport Ray Emery Drive, Auckland Airport, Auckland","restaurant,food,point_of_interest,establishment",restaurant
ChIJfWpJ7e5PDW0RH2sBKayq6aA,KFC,-37.0051895,174.7827732,"International Terminal Level 1, Māngere, Auckland","meal_takeaway,restaurant,food,point_of_interest,establishment",restaurant
ChIJzcYdSftPDW0RulKL86vCpT4,Silk Road,-37.00501120000001,174.7832889,"Auckland Airport, Auckland","restaurant,food,point_of_interest,establishment",restaurant
ChIJAw4ERvtPDW0RWhWI_i3EWp8,SR Rice & Noodles,-37.00508689999999,174.7830964,"Auckland Airport, Auckland","restaurant,food,point_of_interest,establishment",restaurant
ChIJFTaVICpPDW0RYPcojotuwGc,McDonald's Pre Security,-37.0052371,174.7824963,"Airside Departures - Luxury Lane Ray Emery Drive, Māngere, Auckland","restaurant,food,point_of_interest,establishment",restaurant
ChIJrfoXw7NPDW0RK1hyvVCyvpA,THIRTEEN50 Kitchen & Bar,-37.004102,174.7833686,"Auckland Airport 35 Tom Pearce Drive, Auckland Airport, Auckland","restaurant,food,point_of_interest,establishment",restaurant
ChIJ-wN_xAZSDW0ROWcOrOuSx3E,Hop Yuen Takeaway,-37.0181201,174.8628959,"2/255 Browns Road, Manurewa, Auckland","meal_takeaway,restaurant,food,point_of_interest,establishment",restaurant
ChIJ8TjBmABSDW0RM36ccRyp2X8,Our Local Bar Wiri,-37.0152957,174.8606247,"254 Roscommon Road, Wiri, Auckland","bar,restaurant,food,point_of_interest,establishment",restaurant
ChIJExUK2wZSDW0R6QMVsEJIvX8,Seafood Express,-37.0181301,174.8628854,"255A Browns Road, Manurewa, Auckland","restaurant,food,point_of_interest,establishment",restaurant
ChIJP83RFPVNDW0R3EJPyba8nxw,Chinese Malaysian Takeaways,-37.0179538,174.8632312,"NZ Auckland 235 Browns Road, Manurewa, Auckland","meal_takeaway,restaurant,food,point_of_interest,establishment",restaurant
ChIJOS6NfQZSDW0RfdLtDtiz01U,Burbank Takeaways,-37.0205771,174.8646276,"33 Fellbrook Street, Manurewa, Auckland","meal_takeaway,restaurant,food,point_of_interest,establishment",restaurant
ChIJnQpBTjJTDW0RunhPdtmyzEg,Ceylon Curry House,-37.0211704,174.8645113,"57 Burbank Avenue, Manurewa, Auckland","meal_takeaway,restaurant,food,point_of_interest,establishment",restaurant
ChIJkYIDYg5TDW0RQMmUsjfLCRg,Aliiz Kitchen,-37.0193972,174.8715124,"135 Rowandale Avenue, Manurewa, Auckland","meal_takeaway,restaurant,food,point_of_interest,establishment",restaurant
ChIJ7Q6rqw5SDW0RnkSjbNOkieM,Rowandale Takeaways,-37.0208865,174.872257,"117 Rowandale Avenue, Manurewa, Auckland","meal_takeaway,restaurant,food,point_of_interest,establishment",restaurant
ChIJPZjWUQBNDW0RqdF_Xx1m444,Phnom Penh Restaurant & Cafe Manurewa,-37.0149949,174.8743979,"2/226 Russell Road, Manurewa, Auckland","restaurant,food,point_of_interest,establishment",restaurant
ChIJp5zIhYVNDW0RoQvp2AGWfpM,URBAN KEBAB,-37.0147297,174.8753011,"5/122 Browns Road, Manurewa, Auckland","restaurant,food,point_of_interest,establishment",restaurant
ChIJyU7KGBdNDW0RxPhqC5s4CHM,Pizza Club - Manurewa,-37.0146759,174.8756085,"2c Gloucester Road, Manurewa, Auckland","meal_takeaway,restaurant,food,point_of_interest,establishment",restaurant
ChIJRdlqPQBNDW0ROkrYQmyZfc0,Saturday’s Burger & Chicken,-37.01459320000001,174.8755786,"2A Gloucester Road, Manurewa, Auckland","meal_takeaway,restaurant,food,point_of_interest,establishment",restaurant
ChIJZ_f9MMJJDW0RrgLsygvN1Q4,EzyEat,-37.0086005,174.8533995,"31 Ha Crescent, Wiri, Auckland","meal_takeaway,grocery_or_supermarket,store,restaurant,food,point_of_interest,establishment",restaurant
ChIJr86NHfVNDW0RNDMiOBCJnPo,Dalgety Eats | Lunch Bar & Cafe,-37.0127866,174.8763518,"12C Dalgety Drive, Wiri, Auckland","cafe,store,restaurant,food,point_of_interest,establishment",restaurant
ChIJq-MngXBTDW0RjjjjDOMIiGM,Cene's Whānau Food Bar Ltd,-37.0296907,174.8720235,"All of Auckland John Walker Drive, Manurewa, Auckland","restaurant,food,point_of_interest,establishment",restaurant
ChIJ42lkfgBNDW0RGTVKzuGQ5Y4,Manukau Tiffin Service,-37.01384729999999,174.8786365,"100B Browns Road, Manurewa, Auckland","restaurant,food,point_of_interest,establishment",restaurant
ChIJAT6ByUpTDW0RuPqDJMUcsFA,Fiji curry seafood and pizza house,-37.02120379999999,174.8829933,"Russell Road, Manurewa, Auckland","restaurant,food,point_of_interest,establishment",restaurant
ChIJ35FlTaxTDW0RNLWYUHRKELk,wildbean cafe,-37.030595,174.8778475,"199 Weymouth Road, Manurewa, Auckland","cafe,bakery,store,restaurant,food,point_of_interest,establishment",restaurant
ChIJc1H_fH5SDW0RG26mm8qG8TA,SAB Indian Sweets & Snacks,-37.022639,174.897348,"Great South Road, Manurewa, Auckland","meal_takeaway,restaurant,food,point_of_interest,establishment",restaurant
ChIJd7uKY4dSDW0REvZEENhnIsM,McDonald's Manurewa,-37.0234194,174.898355,"207 Great South Road, Manurewa, Auckland","restaurant,food,point_of_interest,establishment",restaurant
ChIJnQaYeH5SDW0RJn0M4R0z0as,Pizza Hut,-37.0226395,174.8974594,"185 Great South Road, Manurewa, Auckland","meal_delivery,meal_takeaway,restaurant,food,point_of_interest,establishment",restaurant
ChIJmc7FeIdSDW0RTbb9lm3IkII,KFC,-37.0239282,174.8984539,"211 Great South Road, Manurewa, Auckland","meal_takeaway,restaurant,food,point_of_interest,establishment",restaurant
ChIJ52f6j35SDW0R6Zl2S8aUkyU,Mithaiwala,-37.0207479,174.8951601,"159 Great South Road, Manurewa, Auckland","restaurant,food,point_of_interest,establishment",restaurant
ChIJCerte35SDW0RfnOQbxt1rVs,NZ Indian Flame,-37.02112,174.896143,"1/166 Great South Road, Manurewa, Auckland","meal_takeaway,store,restaurant,food,point_of_interest,establishment",restaurant
ChIJyfBk-X1SDW0R8oUstiPAj_0,Toby's Seafoods,-37.02246239999999,174.8982024,"Unit 10/214 Great South Road, Manurewa, Auckland","meal_takeaway,restaurant,food,point_of_interest,establishment",restaurant
ChIJRcHLjH1SDW0Ra2eHkGREeUY,North Indian Sweets & Snacks,-37.0231708,174.8980564,"Shop No: 4-205 Great South Road (Next to McDonald, Manurewa, Auckland","restaurant,food,point_of_interest,establishment",restaurant
ChIJW6sB9n1SDW0Rcz6pqhC8p-Y,Subway,-37.02305859999999,174.8986232,"222 Great South Road, Manurewa, Auckland","restaurant,food,point_of_interest,establishment",restaurant
ChIJW6sB9n1SDW0RMo-JJhnuOmQ,Noodle Canteen,-37.02298740000001,174.8988244,"222 Great South Road, Manurewa, Auckland","restaurant,food,point_of_interest,establishment",restaurant
ChIJBZ8Gpn1SDW0RxBznhOvwAzY,Select Pizza Manurewa,-37.0239982,174.8967854,"11 Weymouth Road, Manurewa, Auckland","meal_delivery,meal_takeaway,restaurant,food,point_of_interest,establishment",restaurant
ChIJL7Tcs4dSDW0R9E4s_jUUy4s,Domino's Pizza Manurewa,-37.0251982,174.9011702,"10/14 Mcannalley Street, Manurewa, Auckland","meal_delivery,meal_takeaway,restaurant,food,point_of_interest,establishment",restaurant
ChIJFbS1NIRNDW0RWwj7EqUWXF0,Spice Star Manurewa,-37.00955760000001,174.8903741,"9 Great South Road, Manurewa, Auckland","meal_takeaway,restaurant,food,point_of_interest,establishment",restaurant
ChIJ2zupG4VNDW0R80YviJAtdSs,Happy Days Buffet Restaurant,-37.0073321,174.8902139,"898 Great South Road, Wiri, Auckland","restaurant,food,point_of_interest,establishment",restaurant
ChIJbzSkBX9NDW0R5pND0rdz2Bk,Gold Coast Takeaways,-37.01352360000001,174.9005012,"79 Grande Vue Road, Hillpark, Auckland","meal_takeaway,restaurant,food,point_of_interest,establishment",restaurant
ChIJ7fGdg35SDW0RbkWMVuRw9-g,Golden Dragon Restaurant & Takeaways,-37.021422,174.8953976,"15 Station Road, Manurewa, Auckland","meal_takeaway,restaurant,food,point_of_interest,establishment",restaurant
ChIJgweZVbBTDW0R8LqbYmi9rpQ,Punjabi Tadka Manurewa,-37.0204542,174.8948251,"153A Great South Road, Manurewa, Auckland","meal_takeaway,restaurant,food,point_of_interest,establishment",restaurant
ChIJcZMNnn5SDW0RK7ymDQ1Ulns,San-Su Takeaways,-37.0213275,174.8950949,"1 Maich Road, Manurewa, Auckland","meal_takeaway,restaurant,food,point_of_interest,establishment",restaurant
ChIJqwYxLq1TDW0RSNYL23IcZ0s,Cafe KOKO,-37.0214919,174.8958261,"4 Station Road, Manurewa, Auckland","restaurant,food,point_of_interest,establishment",restaurant
ChIJs4QbK6VTDW0R6Hy_foM2zJQ,Food Hut Manurewa,-37.0216492,174.8951141,"29 Station Road, Manurewa, Auckland","meal_takeaway,restaurant,food,point_of_interest,establishment",restaurant
ChIJc9jSZ-9TDW0RGYAjdVeaxsQ,Delhi Tadka Dil Se,-37.01962399999999,174.8984479,"16 Hill Road, Hillpark, Auckland","meal_takeaway,restaurant,food,point_of_interest,establishment",restaurant
ChIJwyA-K-JTDW0R-RD-lJYP-2s,Beach Pizza Manurewa,-37.0219212,174.8947018,"41 Station Road, Manurewa, Auckland","meal_takeaway,restaurant,food,point_of_interest,establishment",restaurant
ChIJ3Q_unhhTDW0RfapcMjzK7sQ,Punjabi Chaap Corner Auckland,-37.0219464,174.8947518,"43 Station Road, Manurewa, Auckland","restaurant,food,point_of_interest,establishment",restaurant
ChIJ-4OiIXxSDW0R2C9c7Xi14uo,Mama's Pizza & Kebab,-37.02198419999999,174.8947608,"45 Station Road, Manurewa, Auckland","restaurant,food,point_of_interest,establishment",restaurant
ChIJG3jo131SDW0REMZ9B84rMLE,Jaan Sushi,-37.0217885,174.8964506,"Manurewa, Auckland","restaurant,food,point_of_interest,establishment",restaurant
ChIJkT1yGftTDW0RAW2-Ck_B3WQ,Kiwi kebab corner,-37.0216778,174.8968227,"188 Great South Road, Manurewa, Auckland","restaurant,food,point_of_interest,establishment",restaurant
ChIJ49la131SDW0RIxXpYeMKKBo,Pho Kitchen - Manurewa,-37.02192120000001,174.8965123,"185 E Great South Road, Manurewa, Auckland","restaurant,food,point_of_interest,establishment",restaurant
ChIJ9TjexH1SDW0RonV2UadUyv8,Southmall Sushi,-37.022076,174.8965945,"201 Great South Road, Manurewa, Auckland","cafe,restaurant,food,point_of_interest,establishment",restaurant
ChIJz892l8NSDW0RYlSxzGuojUk,Malaysian Corner,-37.0222673,174.8965428,"201 Great South Road, Manurewa, Auckland","restaurant,food,point_of_interest,establishment",restaurant
ChIJP44z4QVTDW0RtPS-lKuimfE,Thai Nam Authentic Thai and Vietnamese Food,-37.02209879999999,174.8972993,"206 Great South Road, Manurewa, Manukau City","restaurant,food,point_of_interest,establishment",restaurant
ChIJe4ZOxX1SDW0RJyDh0uoqksg,Amber Roast Manurewa,-37.0224613,174.8978009,"8/214 Great South Road, Manurewa, Auckland","restaurant,food,point_of_interest,establishment",restaurant
ChIJI4WQRhpTDW0RDrs0zw0oa9U,Umata Diner,-37.0225157,174.8978911,"1 Halver Road, Manurewa, Auckland","meal_takeaway,restaurant,food,point_of_interest,establishment",restaurant
ChIJW6sB9n1SDW0RwHWz93cruxY,Countryfried Chicken Manurewa,-37.0225157,174.8978911,"Shop 6. 214 Great South Road , Behind Asb Bank, Entry From Hal, Manurewa, Auckland","restaurant,food,point_of_interest,establishment",restaurant
ChIJqyYN7n1SDW0RGYsw4HBijkM,Yummy King,-37.0226817,174.8975801,"185 Great South Road, Manurewa, Auckland","restaurant,food,point_of_interest,establishment",restaurant
ChIJZ5W057JTDW0RcNJXAvEfdrU,Go Sushi Bowl,-37.0226453,174.8980454,"NZ/216 Great South Road, Manurewa, Auckland","restaurant,food,point_of_interest,establishment",restaurant
ChIJo0LW7BZTDW0Rcn8zfbX005w,Zaitoon Kebab and Grill,-37.022897,174.8977557,"Southmall Foodcourt 185 Great South Road, Manurewa, Auckland","restaurant,food,point_of_interest,establishment",restaurant
ChIJe4ZOxX1SDW0RXzAAWoZqXIw,Southmall Fisheries,-37.022897,174.8977557,"shop 22b unit j/185 Great South Road, Manurewa, Auckland","meal_takeaway,restaurant,food,point_of_interest,establishment",restaurant
ChIJ9Y3zt7BTDW0RvyhWD-sQUH4,Flavourful BBQ Takeaway,-37.0229461,174.8978622,"203 Great South Road, Manurewa, Auckland","meal_takeaway,restaurant,food,point_of_interest,establishment",restaurant
ChIJkfgb831SDW0RE7NzUcMqNOE,Side Walk Takeaway & Chinese Food,-37.0229461,174.8978622,"NZ Auckland Manurewa 203 Great South Road, Manurewa, Auckland","restaurant,food,point_of_interest,establishment",restaurant
ChIJt3FUbSlTDW0REMBK3fqpSCM,Black Box Pizza Express Manurewa,-37.0227681,174.8982257,"214 Great South Road, Manurewa, Auckland","restaurant,food,point_of_interest,establishment",restaurant
ChIJaV-h9n1SDW0RSu4uk105C50,Nocky Takeaways,-37.02280559999999,174.8982172,"218 Great South Road, Manurewa, Auckland","restaurant,food,point_of_interest,establishment",restaurant
ChIJsS3x8n1SDW0RcHXK9-hSDcs,Fijian Paradise Manurewa,-37.0230159,174.89795,"203 Great South Road, Manurewa, Auckland","restaurant,meal_takeaway,food,point_of_interest,establishment",restaurant
ChIJmxryTFdTDW0RQkLnKzswtbA,Love Punjab (Indian Eatry),-37.0229258,174.8984009,"220 Great South Road, Manurewa, Auckland","meal_takeaway,restaurant,food,store,point_of_interest,establishment",restaurant
ChIJqX99bcNTDW0RfhTKHXUjLoc,Fuzion Kebab,-37.0231708,174.8980564,"205 Great South Road, Manurewa, Auckland","restaurant,food,point_of_interest,establishment",restaurant
ChIJRwuLMwBTDW0RJcrWEUWAyV4,food hub delight,-37.0231779,174.8981692,"Next to McDonald Shop No: 4/205 Great South Road, Manurewa, Auckland","restaurant,food,point_of_interest,establishment",restaurant
ChIJvUwxkdRTDW0RXap8ea21hyk,TNC Fried Chicken Manurewa,-37.0230189,174.8987318,"222 Great South Road, Manurewa, Auckland","restaurant,food,point_of_interest,establishment",restaurant
ChIJcwDBQdpTDW0REuX8ZduTAZo,Ribs & Wings Manurewa,-37.0239615,174.8964022,"11 Weymouth Road, Manurewa, Auckland","restaurant,food,point_of_interest,establishment",restaurant
ChIJWThRlFRTDW0Rlw8pya-HYN0,Gopala sweets Newzealand,-37.024452,174.8946726,"21 Weymouth Road, Manurewa, Auckland","restaurant,bakery,food,store,point_of_interest,establishment",restaurant
ChIJsVZ6rcpTDW0Rsmmts9XpArI,Jolly Grill Food Truck,-37.024764,174.8918491,"123, Manurewa, Auckland","meal_takeaway,restaurant,food,point_of_interest,establishment",restaurant
ChIJm061ZntSDW0RKQ76wIe-gKE,The Mad Fishermans Fishmarket,-37.0254305,174.8930392,"29C Weymouth Road, Manurewa, Auckland","restaurant,food,point_of_interest,establishment",restaurant
ChIJUfjUQexTDW0Rit_ZuN80E-I,Weymouth Food Bar,-37.0254898,174.8930206,"29D Weymouth Road, Manurewa, Auckland","restaurant,food,point_of_interest,establishment",restaurant
ChIJj8IIZ3tSDW0RCXK-FKkt2k8,Chinese Foods Fish & Chips,-37.0254872,174.8927958,"31 Weymouth Road, Manurewa, Auckland","restaurant,food,point_of_interest,establishment",restaurant
ChIJn9HgufNTDW0RquzakRtWhgw,Smash Burgers,-37.01605429999999,174.886495,"44B Halsey Road, Manurewa, Auckland","restaurant,food,point_of_interest,establishment",restaurant
ChIJvwCe_INSDW0Rvsvwa1J4VCQ,Alfriston Fish And Chips,-37.0208207,174.904164,"49 Claude Road, Manurewa East, Auckland","meal_takeaway,restaurant,food,point_of_interest,establishment",restaurant
ChIJb_T-tZlTDW0R86cJ0U7E3kU,Pizza Inn,-37.02283769999999,174.8863312,"70 Russell Road, Manurewa, Auckland","restaurant,food,point_of_interest,establishment",restaurant
ChIJL7Tcs4dSDW0RMVLmifIQi0o,Bellbird Takeaways,-37.02519539999999,174.9012648,"14 Mcannalley Street, Manurewa, Auckland","meal_takeaway,restaurant,food,point_of_interest,establishment",restaurant
ChIJ-9EXnXVTDW0RatoELZt26AY,TANDOORI TWIST,-37.0251943,174.9012816,"14 Mcannalley Street, Manurewa East, Auckland","meal_takeaway,restaurant,food,point_of_interest,establishment",restaurant
ChIJbYv27nBSDW0RQz-pl3GHe8o,McKean Av Takeaways,-37.02287329999999,174.8862414,"64 McKean Avenue, Manurewa, Auckland","meal_takeaway,restaurant,food,point_of_interest,establishment",restaurant
ChIJmQ3YMgFSDW0RoVYGPcJy0B4,Mr Chippies Takeaways,-37.0277973,174.8873723,"106 Weymouth Road, Manurewa, Auckland","restaurant,food,point_of_interest,establishment",restaurant
ChIJ0WkIjWhNDW0Rw197h-GIJ70,Volare Italian Restaurant and Pizzeria,-37.0053343,174.9164666,"91 Charles Prevost Drive, The Gardens, Auckland","restaurant,food,point_of_interest,establishment",restaurant
ChIJbWWSZZlSDW0RJNHGj-LuKcc,Sun Takeaway,-37.0242987,174.9147085,"34 Riverton Drive, Randwick Park, Auckland","restaurant,food,point_of_interest,establishment",restaurant
ChIJbWWSZZlSDW0RQ_w5ZvZTYPM,Rosemead Takeaway (Fish and Chips),-37.0242987,174.9147085,"2/34 Riverton Drive, Randwick Park, Auckland","restaurant,food,point_of_interest,establishment",restaurant
ChIJYe3KZVFNDW0RXoM27wJJtNk,Patiala Rocks,-37.0123361,174.9119571,"130 Hill Road, Manurewa, Auckland","restaurant,food,point_of_interest,establishment",restaurant
ChIJD_M0g2NNDW0RU0cmYAtIWg0,Bunters Takeaways,-37.01235200000001,174.911727,"2/130 Hill Road, The Gardens, Auckland","meal_takeaway,restaurant,food,point_of_interest,establishment",restaurant
ChIJdznYgmNNDW0RxkQ2gtqjx6I,Sushi Bay,-37.012414,174.9115935,"5/130 Hill Road, The Gardens, Auckland","meal_takeaway,restaurant,food,point_of_interest,establishment",restaurant
ChIJR_uumtutcm0R9f8NwCne33w,Farm House Cafe,-37.0248073,175.020088,"400 Papakura-Clevedon Road, Clevedon","bakery,store,restaurant,food,point_of_interest,establishment",restaurant
ChIJ2aOt7RtpDW0RZ1zEc2MZfSY,Alfred's Huia Store,-37.00193689999999,174.5728564,"1194 Huia Road, Huia, Auckland","meal_takeaway,restaurant,food,point_of_interest,establishment",restaurant
ChIJtcBBVQBPDW0R4hKJHkb-MA8,Wondertree travel happy,-36.9917491,174.775141,"Māngere, Auckland","restaurant,food,point_of_interest,establishment",restaurant
ChIJfU5sqJlPDW0RR8ciVCBjIOw,JetPark Auckland Airport Hotel & Conference Centre,-36.9789049,174.78671,"63 Westney Road, Māngere, Auckland","lodging,bar,cafe,parking,restaurant,food,point_of_interest,establishment",restaurant
ChIJFQZq1ehPDW0R8VOC2EqBD3U,Szimpla: All-Day Eatery & Gastro Bar,-36.998269,174.7887338,"2 Leonard Isitt Drive, Auckland Airport, Auckland","restaurant,bar,food,point_of_interest,establishment",restaurant
ChIJd-OI6uVPDW0RKuR3Jg8BCKY,McDonald's Airport Drive Thru,-37.0008333,174.7908333,"2 Tom Pearce Drive, Auckland Airport, Airport","restaurant,food,point_of_interest,establishment",restaurant
ChIJHyZ9qpBPDW0RjGXLVMfR7QM,Flying Fish Restaurant,-36.9792178,174.7869664,"63 Westney Road, Māngere, Auckland","restaurant,bar,food,point_of_interest,establishment",restaurant
ChIJ11reQ_tPDW0RZolBcjBn9aY,KFC,-36.9969583,174.787168,"Cnr George Bolt Memorial Drive and, John Goulter Drive, Auckland Airport, Auckland","meal_takeaway,restaurant,food,point_of_interest,establishment",restaurant
ChIJI25R1e5PDW0RZfkM0rHmF5A,Jamaica Blue,-36.9985299,174.7888874,"Ground Floor/2 Leonard Isitt Drive, Māngere, Auckland","restaurant,cafe,food,point_of_interest,establishment",restaurant
ChIJeQ9cKu9PDW0RsvQh5LeJfks,Subway,-37.0005522,174.791363,"Cnr Leonard Isitt Drive &, Tom Pearce Drive, Māngere, Auckland","restaurant,food,point_of_interest,establishment",restaurant
ChIJ74WGzo9PDW0RFn2_CyEIQr8,The Orchard Juicery and Kitchen - Auckland Catering and Cafe,-36.98150859999999,174.7829898,"55 Montgomerie Road, Māngere, Auckland","meal_takeaway,cafe,restaurant,food,store,point_of_interest,establishment",restaurant
ChIJoxL_xo9PDW0R3VTsVygA7HA,Sierra Coffee Airport Oaks,-36.9804795,174.7826055,"64 Richard Pearse Drive, Māngere, Auckland","cafe,restaurant,food,point_of_interest,establishment",restaurant
ChIJF736zY9PDW0RFO4ga8zd1Hc,Post Office Public House,-36.9812272,174.7825561,"55 Montgomerie Rd Mangere, Airport Oaks, Auckland","bar,restaurant,food,point_of_interest,establishment",restaurant
ChIJz_HChehPDW0REVxKdI7KteI,St Pierres Sushi (Airport),-37.0005721,174.7912699,"Leonard Isitt Drive, Auckland Airport, Auckland","meal_takeaway,restaurant,food,point_of_interest,establishment",restaurant
ChIJ1_d3NABPDW0RGeewleseblk,Shamiana - Mānawa Bay,-36.9970223,174.8003802,"4 Nixon Road, Auckland Airport, Auckland","restaurant,food,point_of_interest,establishment",restaurant
ChIJWY3EKgBPDW0REfkDmkXmE_Y,Soul Origin Manawa Bay,-36.9972548,174.8003401,"4 Jimmy Ward Crescent, Auckland Airport, Auckland","cafe,restaurant,food,store,point_of_interest,establishment",restaurant
ChIJKzHyExlPDW0RP8FHAAZiRx4,St Pierres Sushi & Bento Bowl (Manawa Bay),-36.9972548,174.8003401,"Tenancy F006/4 Jimmy Ward Crescent, Auckland Airport, Auckland","restaurant,food,point_of_interest,establishment",restaurant
ChIJvTQYWgBPDW0RgRjZjE6yfRc,Hikari Ramen & Donburi - Mānawa Bay,-36.9972548,174.8003401,"4 Jimmy Ward Crescent, Auckland Airport, Auckland","restaurant,food,point_of_interest,establishment",restaurant
ChIJo6pVUwBPDW0RrIvUg-1jdrg,Bento Bowl,-36.996585,174.8019121,"4 Jimmy Ward Crescent, Auckland Airport, Auckland","restaurant,food,point_of_interest,establishment",restaurant
ChIJ2f_uKQBPDW0RcZZQJjR2WyE,Kokodak Chicken Manawa Bay,-36.9969877,174.8018038,"4 Jimmy Ward Crescent, Auckland Airport, Auckland","restaurant,food,point_of_interest,establishment",restaurant
ChIJcfeU2VZPDW0Ryo3JJOJ94DQ,Better Burger Mānawa Bay,-36.9970222,174.8018209,"4 Jimmy Ward Crescent, Auckland Airport, Auckland","restaurant,food,point_of_interest,establishment",restaurant
ChIJgQ1Rp0pPDW0RwGINu_18WxI,NEEDO Mānawa Bay｜Fresh made pasta and pizza bar,-36.9971608,174.8018508,"4 Jimmy Ward Crescent, Auckland Airport, Auckland","meal_takeaway,store,restaurant,food,point_of_interest,establishment",restaurant
ChIJcx1nuu5PDW0RyQ2UEdwcJa4,Ugly Dumpling,-36.99659279999999,174.7882885,"Auckland Airport 1 John Goulter Drive, Auckland Airport, Auckland","cafe,restaurant,food,point_of_interest,establishment",restaurant
ChIJL_0YUwBPDW0R22fIzlDyZK8,Tran's Kitchen Vietnamese - Manawa Bay,-36.9969296,174.8035583,"4 Jimmy Ward Crescent, Auckland Airport, Auckland","restaurant,food,point_of_interest,establishment",restaurant
ChIJLTJPcwBPDW0RLXOyr4Xlqn4,Mānawa Bay Food Court,-36.997132,174.803525,"Shop T023/4 Jimmy Ward Crescent, Auckland Airport, Auckland","restaurant,food,point_of_interest,establishment",restaurant
ChIJ09Vp1ehPDW0RC0Yyi2dw-6E,Sushi Club,-36.9983767,174.788885,"2 Leonard Isitt Drive, Māngere, Auckland","restaurant,food,point_of_interest,establishment",restaurant
ChIJ9zecOflPDW0R8SAy1n8Fr1M,Taco Bell Airport Shopping Centre,-36.99772379999999,174.7875395,"Cnr George Bolt Drive &, John Goulter Drive, Auckland Airport, Auckland","restaurant,food,point_of_interest,establishment",restaurant
ChIJqcqN0pBPDW0RFD0MR6SQndE,Getfresh Supermarket,-36.9818923,174.7882628,"99 Westney Road, Māngere, Auckland","grocery_or_supermarket,meal_takeaway,store,restaurant,food,point_of_interest,establishment",restaurant
ChIJ59C-UwBPDW0RvN16q14mxAo,Visaya Restaurant,-36.9847982,174.7841331,"18 Airpark Drive, Māngere, Auckland","restaurant,food,point_of_interest,establishment",restaurant
ChIJlW9jnKhPDW0RYaSOO2lPtds,The Runway Restaurant,-36.9836747,174.7841404,"14 Airpark Drive, Māngere, Auckland","restaurant,food,point_of_interest,establishment",restaurant
ChIJMa36L7NPDW0RBsLp4JScwa0,Technodrome Brewing,-36.9790446,174.8027986,"14/45 Secoia Crescent, Māngere, Auckland","bar,restaurant,food,point_of_interest,establishment",restaurant
ChIJrWEizo9PDW0RKq4w6gg2_nk,Jun Yue Seafood Restaurant 君悅海鮮酒樓,-36.9815991,174.7831298,"55 Montgomerie Road, Māngere, Auckland","restaurant,food,point_of_interest,establishment",restaurant
ChIJvetT2StPDW0RDNlHWgTBBj4,yukie japanese cuisine,-36.9813383,174.782736,"55 Montgomerie Road, Māngere, Auckland","restaurant,food,point_of_interest,establishment",restaurant
ChIJbX1baBhPDW0RuRE_KGSWLM8,Banh Mi Boy,-36.9811884,174.7824861,"55 Montgomerie Road, Māngere, Auckland","restaurant,food,point_of_interest,establishment",restaurant
ChIJF_OQIeNPDW0R85PMDVNKexc,Kuriri Café & Eatery,-37.0034405,174.7825182,"Auckland Airport 37 Tom Pearce Drive, Auckland Airport, Auckland","cafe,restaurant,food,point_of_interest,establishment",restaurant
ChIJcyY1DDxPDW0RzZp4XwwXVYc,TE KAAHU,-37.0034471,174.7824285,"Auckland Airport 37 Tom Pearce Drive, Auckland Airport, Auckland","restaurant,food,point_of_interest,establishment",restaurant
ChIJeVvZyaNPDW0R7yn-qBQIcEA,Airport Takeaways,-36.97591790000001,174.7972499,"741 Massey Road, Māngere, Auckland","meal_takeaway,restaurant,food,point_of_interest,establishment",restaurant
ChIJVYzVSaJPDW0ROoQ5F6nYpj4,Country Fried Chicken,-36.97579899999999,174.796345,"747 Massey Road, Māngere, Auckland","restaurant,food,point_of_interest,establishment",restaurant
ChIJC3-k5yBPDW0RE46AsU3Ttlk,Bai’s BBQ and Grill - Filipino BBQ,-36.98672379999999,174.8416628,"72A Pah Road, Papatoetoe, Auckland","meal_takeaway,restaurant,food,point_of_interest,establishment",restaurant
ChIJUX-5vXJODW0Ruw37cZZC574,Sushi Mania Sushi Bar,-36.9916215,174.8472441,"153 Wyllie Road, Papatoetoe, Auckland","restaurant,food,point_of_interest,establishment",restaurant
ChIJUX-5vXJODW0RyQqu8K6i81o,MAKK Eatery,-36.9916215,174.8472441,"153 Wyllie Road, Papatoetoe, Auckland","restaurant,food,point_of_interest,establishment",restaurant
ChIJ2cP8PStPDW0R2n8U6wOvMkY,YumBunmee,-36.9916145,174.8472711,"153 Wyllie Road, Papatoetoe, Auckland","restaurant,food,point_of_interest,establishment",restaurant
ChIJt6ihvnJODW0RMFNq37FrAwo,Chinese Choice Takeaways,-36.9917716,174.8472887,"155 Wyllie Road, Papatoetoe, Auckland","meal_takeaway,restaurant,food,point_of_interest,establishment",restaurant
ChIJJ2-F3spNDW0RktU68lf4Oac,Punjabi Kitchen Papatoetoe,-36.9911069,174.8512049,"4/258 Puhinui Road, Manukau City Centre, Auckland","restaurant,food,point_of_interest,establishment",restaurant
ChIJbdKtZQZTDW0RI2rk6I8eAws,Gateway Indian Eatery papatoetoe,-36.9911069,174.8512049,"4/258 Puhinui Road, Papatoetoe, Auckland","meal_takeaway,restaurant,food,point_of_interest,establishment",restaurant
ChIJf6q1-hdPDW0R5cc1sCeY7j4,Papatoetoe Kettle Corn,-36.9832437,174.8485157,"43 Wyllie Road, Papatoetoe, Auckland","meal_takeaway,store,restaurant,food,point_of_interest,establishment",restaurant
ChIJwRPalc5NDW0RK3hcg1hcD5Q,Manukau Hotel & Conference Centre,-36.978484,174.8712866,"477 Great South Road, Papatoetoe, Manukau","bar,lodging,restaurant,food,point_of_interest,establishment",restaurant
ChIJYTh0GrhNDW0RtmKVYayQPzE,HELL Pizza Manukau,-36.9842403,174.8785948,"7/597 Great South Road, Manukau City Centre, Auckland","meal_delivery,meal_takeaway,restaurant,food,point_of_interest,establishment",restaurant
ChIJ34f2Bb9NDW0RTUc4WximCjo,Shamiana,-36.99113,174.8819844,"Manukau Station Road, Manukau City Centre, Auckland","restaurant,food,point_of_interest,establishment",restaurant
ChIJSR57gnlODW0RRXPKZTQALQM,Domino's Pizza Papatoetoe,-36.9795367,174.851874,"16 Saint George Street, Papatoetoe, Auckland","meal_delivery,meal_takeaway,restaurant,food,point_of_interest,establishment",restaurant
ChIJT9y9Y7lNDW0RHyzw1nVfCZ8,Urban Soul Cafe,-36.9873007,174.8826706,"652 Great South Road, Manukau City Centre, Auckland","cafe,restaurant,food,point_of_interest,establishment",restaurant
ChIJ5zSPCz_Jcm0RymjW_zpvlp4,McDonald's Manukau Mall Foodcourt,-36.9911282,174.8821175,"Palm Grove Foodcourt, Westfield Shopping Centre, Manukau City Centre, Manukau","restaurant,food,point_of_interest,establishment",restaurant
ChIJ9VC-9sFNDW0RxrQcTF3WBt8,St Pierres Sushi (Manukau Supa Centre),-36.9908664,174.8695031,"Shop 4, 26/72 Cavendish Drive, Manukau City Centre, Auckland","restaurant,food,point_of_interest,establishment",restaurant
ChIJhXyVKcRNDW0RHL9zOdSn5r8,The Food Kitchen,-36.986186,174.872253,"3/16 Lambie Drive, Manukau City Centre, Auckland","cafe,store,restaurant,food,point_of_interest,establishment",restaurant
ChIJ5dQyu0VGDW0RKnHUf6tUO3Y,Tandoori Mahal,-36.9911578,174.8714364,"Manukau Supa Centa, Manukau City Centre, Auckland","meal_takeaway,restaurant,food,point_of_interest,establishment",restaurant
ChIJC6jhAOpNDW0RutUQHpUMUZw,Subway,-36.99283610000001,174.8717633,"1/61 Lambie Drive, Manukau City Centre, Auckland","restaurant,food,point_of_interest,establishment",restaurant
ChIJAxiwE-pNDW0RHQW83pp-vNI,Columbus Coffee,-36.9946156,174.8725059,"61 Lambie Drive, Manukau City Centre, Auckland","cafe,restaurant,food,point_of_interest,establishment",restaurant
ChIJGylng8ZNDW0RygolVFmTBFM,CHEEKY CHICKEN,-36.9862966,174.8720445,"SHOP 2/16 Lambie Drive, Manukau City Centre, Auckland","meal_takeaway,restaurant,food,point_of_interest,establishment",restaurant
ChIJ21P6NMdNDW0RnYq8Wq9cjbc,Southern Spice Manukau,-36.98860000000001,174.876142,"7/53 Cavendish Drive, Manukau City Centre, Auckland","meal_takeaway,restaurant,food,point_of_interest,establishment",restaurant
ChIJ9-YX_nhODW0Rdo9nXYVpeTY,Bombay Spice,-36.9794316,174.8540789,"76 Saint George Street, Papatoetoe, Auckland","meal_takeaway,restaurant,food,point_of_interest,establishment",restaurant
ChIJmxvu2VVODW0RFYUFf7dAjGY,Golden Garden Restaurant,-36.9796421,174.8514893,"6 Saint George Street, Papatoetoe, Auckland","restaurant,food,point_of_interest,establishment",restaurant
ChIJuYlpKetNDW0RCff5BC19r8Y,The Coffee Club Manukau City,-36.9911358,174.8803364,"Shop S257/Amersham Way, Manukau City Centre, Auckland","cafe,store,restaurant,food,point_of_interest,establishment",restaurant
ChIJB2Kr9r5NDW0R-bbQDPQjeZs,"TANK Manukau Mall - Smoothies, Raw Juices, Salads & Wraps",-36.9911279,174.8804676,"Wiri Station Road, Manukau City Centre, Auckland","meal_takeaway,restaurant,food,point_of_interest,establishment",restaurant
ChIJ4YwzgHlODW0RFQIZXkF7VEk,The Flaming Tandoor,-36.97963959999999,174.8517261,"12 Saint George Street, Papatoetoe, Auckland","restaurant,meal_takeaway,food,point_of_interest,establishment",restaurant
ChIJJ60JLL9NDW0RhRaBl4hGXps,MELBA Manukau,-36.98951099999999,174.8804335,"1 Ronwood Avenue, Manukau City Centre, Auckland","restaurant,food,point_of_interest,establishment",restaurant
ChIJYTh0GrhNDW0RBL_meaLlYxU,Sal's Authentic NY Pizza Manukau,-36.9841349,174.8785509,"2/597 Great South Road, Manukau City Centre, Auckland","restaurant,food,point_of_interest,establishment",restaurant
ChIJ-wjqA7lNDW0RTUwCwDtGXQE,Food Junction Manukau,-36.9866537,174.8801545,"613 Great South Road, Manukau City Centre, Auckland","restaurant,food,point_of_interest,establishment",restaurant
ChIJQS-5A7lNDW0RBwW_3Vb1dyE,Chawlas,-36.986676,174.880466,"613/613-615 Great South Road, Manukau City Centre, Auckland","meal_takeaway,restaurant,food,point_of_interest,establishment",restaurant
ChIJa263_bhNDW0R_DEJf2kpNOs,Pizza Hut,-36.9862443,174.8804525,"shop 9a/613 Great South Road, Manukau City Centre, Auckland","meal_delivery,meal_takeaway,restaurant,food,point_of_interest,establishment",restaurant
ChIJa3-VJ8hNDW0RCwtYMhAs6UU,Subway,-36.9810427,174.876493,"Cnr &, Great South Road, Manukau City Centre, Papatoetoe","restaurant,food,point_of_interest,establishment",restaurant
ChIJVV8JMMhNDW0RWujcjSX0qt8,Burger King Papatoetoe,-36.981388,174.876927,"3 Puhinui Road, Papatoetoe, Auckland","restaurant,food,point_of_interest,establishment",restaurant
ChIJQTnUjb5NDW0Rs2nVvzRydV0,Texas Chicken Manukau,-36.9911013,174.8820475,"Manukau Station Road, Manukau City Centre, Auckland","restaurant,food,point_of_interest,establishment",restaurant
ChIJuUYI3L5NDW0RzVBgQeCuVeM,Burger King Manukau Mall,-36.9913558,174.8821514,"Manukau Station Road, Manukau City Centre, Auckland","restaurant,food,point_of_interest,establishment",restaurant
ChIJG7IjULlNDW0RknpCuej5d4w,Noodle Canteen Manukau,-36.9885326,174.8816991,"4/639 Great South Road, Manukau City Centre, Auckland","meal_takeaway,restaurant,food,point_of_interest,establishment",restaurant
ChIJG7IjULlNDW0RDxT-bmnGNIQ,Subway,-36.9883527,174.8816596,"5/639 Great South Road, Manukau City Centre, Auckland","restaurant,food,point_of_interest,establishment",restaurant
ChIJEWIhRblNDW0R8bjyi0dkxG0,Carl's Jr. Manukau,-36.9882623,174.8821068,"639 Great South Road, Manukau City Centre, Auckland","restaurant,food,point_of_interest,establishment",restaurant
ChIJx7ldoHlODW0R6JKXxHZJDCM,Papatoetoe Roast,-36.97973,174.8529255,"45 Saint George Street, Papatoetoe, Auckland","restaurant,food,point_of_interest,establishment",restaurant
ChIJjTBFSypMDW0RgP0Q1UvRfBs,MC Roast,-36.98634729999999,174.8803651,"613/615 Great South Road, Manukau City Centre, Auckland","restaurant,food,point_of_interest,establishment",restaurant
ChIJYTh0GrhNDW0RjJi0sXxw63A,BurgerFuel Manukau,-36.987012,174.883584,"652 Great South Road, Manukau City Centre, Auckland","restaurant,food,point_of_interest,establishment",restaurant
ChIJ7UcTtsNNDW0RcNu0jMDBxns,Columbus Coffee,-36.990956,174.8705288,"Cavendish Drive, Manukau City Centre, Auckland","cafe,store,restaurant,food,point_of_interest,establishment",restaurant
ChIJH4M1HdNNDW0RuQnOUs7-oy8,Select Pizza Papatoetoe,-36.9741696,174.864505,"355 Great South Road, Papatoetoe, Auckland","meal_takeaway,restaurant,food,point_of_interest,establishment",restaurant
ChIJSdH-6sNNDW0Rg5O-dRM--fc,LJ's Supa Centa,-36.9911354,174.8716012,"Manukau Supa Centre, 5/72 Cavendish Drive, Papatoetoe, Auckland","restaurant,food,point_of_interest,establishment",restaurant
ChIJx3vW5rhNDW0RMwekEk47uKE,The Coffee Club Manukau Supa Centa,-36.9911917,174.8713475,"Tenancy FC01 Corner of Lambie and, Cavendish Drive, Manukau City Centre, Auckland","cafe,store,restaurant,food,point_of_interest,establishment",restaurant
ChIJH_rKOwBNDW0R_fDjPbyUDNE,KFC,-36.99259019999999,174.8617031,"171 Cavendish Drive, Papatoetoe, Auckland","restaurant,food,point_of_interest,establishment",restaurant
ChIJYZ499ftNDW0ROtz3YW_4WvY,Sushi Eden,-36.9925601,174.861479,"175 Cavendish Drive, Papatoetoe, Auckland","restaurant,food,point_of_interest,establishment",restaurant
ChIJiTXQyNtNDW0RqX2AMZhFgV8,Beach Pizza Manukau,-36.9930322,174.8602544,"203 Cavendish Drive, Papatoetoe, Auckland","meal_takeaway,restaurant,food,point_of_interest,establishment",restaurant
ChIJOYottmJNDW0Ramfebyhh4g4,McDonald's Cavendish Drive,-36.9931834,174.8594502,"199 Cavendish Drive, Papatoetoe, Auckland","restaurant,food,point_of_interest,establishment",restaurant
ChIJ0XqZjqNNDW0RF-IGY6oW4_g,Ana's Indian Kitchen,-36.9887717,174.8607802,"17 c Ranfurly Road, Papatoetoe, Auckland","meal_takeaway,restaurant,food,point_of_interest,establishment",restaurant
ChIJidf_2SpNDW0RTTGSh1gDXHw,MANUKAU KEBAB & CAFE,-36.9902406,174.8661456,"1/78 Grayson Avenue, Papatoetoe, Auckland","restaurant,food,point_of_interest,establishment",restaurant
ChIJtbBptdVNDW0Rhm3_t-GauIk,wildbean cafe,-36.9905868,174.8675042,"116 Cavendish Drive, Manukau City Centre, Auckland","cafe,bakery,store,restaurant,food,point_of_interest,establishment",restaurant
ChIJUSMNccFNDW0RWYaOQJAeRhE,Mr Panikeke's Pacific Island Food Shop,-36.987431,174.8603506,"161 Puhinui Road, Papatoetoe, Auckland","meal_takeaway,restaurant,food,point_of_interest,establishment",restaurant
ChIJY7CSOdlNDW0Rmggljg7BbNs,Success Takeaways,-36.9873346,174.8606131,"153 Puhinui Road, Papatoetoe, Auckland","meal_takeaway,restaurant,food,point_of_interest,establishment",restaurant
ChIJcwg0OtlNDW0R5Qq15Fj1zEc,Kiwi Takeaways,-36.9873653,174.8603849,"159 Puhinui Road, Papatoetoe, Auckland","restaurant,food,point_of_interest,establishment",restaurant
ChIJsTAcxMNNDW0RAzt8MXAIDW4,Nami Restaurant,-36.99114710000001,174.8715151,"21 Cavendish Drive, Manukau City Centre, Auckland","restaurant,food,point_of_interest,establishment",restaurant
ChIJ1UavNsJNDW0RvELRZJEdxLA,Oporto,-36.9911382,174.8715544,"Supa Centa, 72 Cavendish Drive, Manukau City Centre, Auckland","restaurant,food,point_of_interest,establishment",restaurant
ChIJFafugnxNDW0R-DxrP4pg4K4,Hasan Baba Kebabs,-36.9926085,174.8717543,"5163967, Manukau City Centre, Auckland","restaurant,food,point_of_interest,establishment",restaurant
ChIJtUGJTsFNDW0Rvqy6Erc3fXM,Kebab Hutt,-36.99258849999999,174.8717589,"61 Lambie Drive, Manukau City Centre, Auckland","restaurant,food,point_of_interest,establishment",restaurant
ChIJ7xRGUcFNDW0R5eOkCLuL6zY,Kreem Cafe,-36.9892846,174.8717599,"1/67 Cavendish Drive, Manukau City Centre, Auckland","cafe,restaurant,food,point_of_interest,establishment",restaurant
ChIJpZSrgXhNDW0RPQjrcva2nMo,Kreme cafe,-36.9892252,174.8718044,"Cavendish Drive, Papatoetoe, Auckland","restaurant,food,point_of_interest,establishment",restaurant
ChIJzfDbYOhNDW0RLCxBsTZknKA,Mr Katsu Manukau,-36.9889533,174.8739536,"65 Cavendish Drive, Papatoetoe, Auckland","restaurant,food,point_of_interest,establishment",restaurant
ChIJr7FkJ-9NDW0R0M95uQNz9L0,The Artisan,-36.9999064,174.869721,"99 Wiri Station Road, Wiri, Manukau","cafe,store,restaurant,food,point_of_interest,establishment",restaurant
ChIJc_WaV8VNDW0Ri7ImfQvE838,Carruth Road Fish & Takeaways,-36.9831083,174.8678335,"123 Carruth Road, Papatoetoe, Auckland","meal_takeaway,restaurant,food,point_of_interest,establishment",restaurant
ChIJzwCPVcZNDW0RmlV9V0e3RjM,Kebab Master,-36.98308919999999,174.8677907,"123 Carruth Road, Papatoetoe, Auckland","restaurant,food,point_of_interest,establishment",restaurant
ChIJ5zO-AVRNDW0Rue6t21uy5Os,Ziggle Manukau,-36.9860514,174.8726997,"11/16 Lambie Drive, Papatoetoe, Auckland","meal_takeaway,restaurant,food,point_of_interest,establishment",restaurant
ChIJvTYoraJNDW0RU1eDF1Vjdfs,Denny's Manukau Restaurant,-36.9941025,174.8880913,"19 Lakewood Court, Manukau City Centre, Auckland","restaurant,food,point_of_interest,establishment",restaurant
ChIJL7IxFppNDW0R6mVUM-SQ7aA,Domino's Pizza Manukau,-37.00066279999999,174.8890791,"792 Great South Road, Manukau City Centre, Auckland","meal_delivery,meal_takeaway,restaurant,food,point_of_interest,establishment",restaurant
ChIJL7IxFppNDW0RB9BFzOqPTfo,Lone Star Manukau,-37.0005214,174.888906,"792 Great South Road, Wiri, Auckland","cafe,restaurant,food,point_of_interest,establishment",restaurant
ChIJ2TaZ6J5NDW0RD7VK47axtTE,Punjabi Kitchen,-36.9982679,174.8948009,"2/70 Everglade Drive, Goodwood Heights, Auckland","meal_delivery,meal_takeaway,restaurant,food,point_of_interest,establishment",restaurant
ChIJ_zPxE71NDW0RdibYGoMkhbE,Valentines Manukau,-36.9930977,174.8867709,"12 Lakewood Court, Manukau City Centre, Auckland","restaurant,food,point_of_interest,establishment",restaurant
ChIJmYOj5ZtODW0RuuhTxSO7MJg,Bronco's Steak House,-36.9915375,174.885177,"712 Great South Road, Manukau City Centre, Manukau","restaurant,food,point_of_interest,establishment",restaurant
ChIJi8R6BZpNDW0RDtH8EG-KvkI,"Jesters Pies, Manukau",-37.0010985,174.8894755,"792 Great South Road, Manukau City Centre, Auckland","restaurant,food,point_of_interest,establishment",restaurant
ChIJmYj2e71NDW0RkAr3BW2P2jM,KFC,-36.9940133,174.8863856,"738 Great South Road, Manukau City Centre, Auckland","meal_takeaway,restaurant,food,point_of_interest,establishment",restaurant
ChIJ7QVWE8NNDW0R4lckAJ88yw8,Pita Pit Manukau South,-36.9931617,174.886076,"726 Great South Road, Manukau City Centre, Auckland","restaurant,food,point_of_interest,establishment",restaurant
ChIJh2elDr1NDW0R65jH6QpV-O4,Milanos Manukau,-36.992993,174.8859533,"4/726 Great South Road, Manukau City Centre, Auckland","meal_delivery,meal_takeaway,restaurant,food,point_of_interest,establishment",restaurant
ChIJATUgdzRJDW0RfzSDPC1q5jA,Subway,-37.0005729,174.8893767,"Next to Due Drop Events Centre Wiri, Pacific Square Shopping Centre 792 Great South Road, Manukau City Centre, Auckland","restaurant,food,point_of_interest,establishment",restaurant
ChIJb0a9xbtNDW0RsXCcKUWJsIU,St Pierres Sushi & Bento Bowl (Te Irirangi),-36.9871763,174.8837928,"Unit 1 Manukau Plaza, 652 Great South Road, Manukau City Centre, Auckland","restaurant,food,point_of_interest,establishment",restaurant
ChIJXSS6lgZNDW0RdCHyKiMuKg4,Noodle Canteen,-36.98069379999999,174.902574,"2 Thomas Road, Flat Bush, Auckland","meal_takeaway,restaurant,food,point_of_interest,establishment",restaurant
ChIJ7bKKTr5NDW0RGjZxxrk_gnY,LJ’s Manukau,-36.99109529999999,174.8821256,"Manukau Station Road, Manukau City Centre, Auckland","restaurant,food,point_of_interest,establishment",restaurant
ChIJGyCnpr5NDW0RxvR6L8DF1Xk,McDonald's Manukau City,-36.9899601,174.8825145,"2 Ronwood Avenue, Manukau City Centre, Auckland","restaurant,food,point_of_interest,establishment",restaurant
ChIJvWlW3Z5NDW0RNefAVscskww,Everglad Takeaways,-36.9981939,174.8945913,"70 Everglade Drive, Goodwood Heights, Auckland","meal_takeaway,restaurant,food,point_of_interest,establishment",restaurant
ChIJmVR6FChNDW0RR6mIX8aagoo,Ora Bistro,-36.99336839999999,174.8872948,"16 Lakewood Court, Manukau City Centre, Auckland","restaurant,food,point_of_interest,establishment",restaurant
ChIJg2hPXb1NDW0RrUO1cpP6VZ4,Lee Hong BBQ,-36.9939235,174.8868121,"6 Lakewood Court, Manukau City Centre, Auckland","restaurant,food,point_of_interest,establishment",restaurant
ChIJD9e_7qRNDW0Rr_2-D7UUew0,Diorella Takeaways,-36.9862065,174.889805,"45 Diorella Drive, Clover Park, Auckland","meal_takeaway,restaurant,food,point_of_interest,establishment",restaurant
ChIJj52Nk1ZNDW0RLQ3VA6LX8dc,Texas Smokehouse Manukau,-36.99362430000001,174.8861828,"736 Great South Road, Manukau City Centre, Auckland","restaurant,food,point_of_interest,establishment",restaurant
ChIJ2USOG_5NDW0RaVY0NkwRSSI,Milanos Curry Place,-36.99305909999999,174.8859727,"5/726 Great South Road, Manukau City Centre, Auckland","restaurant,food,point_of_interest,establishment",restaurant
ChIJLSkkUABNDW0RWMWIVmZeRbg,TNC Fried Chicken Manukau,-36.9932178,174.8859854,"6/726 Great South Road, Manukau City Centre, Auckland","meal_takeaway,restaurant,food,point_of_interest,establishment",restaurant
ChIJr3h-NVtNDW0Rkj_wjfaCD1I,Gangnam Style Korean BBQ Buffet Manukau,-36.9932178,174.8859854,"726 Great South Road, Manukau City Centre, Auckland","restaurant,food,point_of_interest,establishment",restaurant
ChIJj94GmVRNDW0RjiKgyWVOyxk,Shree Restaurant,-36.992938,174.8859166,"11/726 Great South Road, Manukau City Centre, Auckland","meal_takeaway,restaurant,food,store,point_of_interest,establishment",restaurant
ChIJnaSAMwBNDW0R6RcfQIQ1Dlo,Indian restaurant sweet snacks and food,-36.992938,174.8859166,"11/726 Great South Road, Manukau City Centre, Auckland","restaurant,food,point_of_interest,establishment",restaurant
ChIJGbSWpbdNDW0RwEHmzelCrYw,Moti Mahal,-36.9929223,174.8859084,"Great South Road, Manukau City Centre, Auckland","restaurant,food,point_of_interest,establishment",restaurant
ChIJM9HZxc5NDW0RraJSDPQKGzs,Robbers Burger,-36.9929504,174.8859062,"Unit - 9/726 Great South Road, Manukau City Centre, Auckland","restaurant,food,point_of_interest,establishment",restaurant
ChIJdRoLjo1NDW0RD-psgt4irGg,Jeepney Filipino Restaurant,-36.9910535,174.8857523,"B1/710 Great South Road, Manukau City Centre, Auckland","restaurant,food,point_of_interest,establishment",restaurant
ChIJjZO9N7pNDW0Rg4sUi_LYZv4,Groundfloor Restaurant,-37.00007540000001,174.8877778,"770A Great South Road, Manukau City Centre, Auckland","restaurant,lodging,bar,cafe,food,point_of_interest,establishment",restaurant
ChIJP2WObMxNDW0RFhbYrTBKEzo,Mr Katsu Wiri,-37.0008601,174.8893362,"7/792 Great South Road, Wiri, Auckland","restaurant,food,point_of_interest,establishment",restaurant
ChIJ59srB21NDW0Rc7O8Qj5G5rU,Hollywood bakery,-36.9869058,174.8842064,"652 Great South Road, Manukau City Centre, Auckland","cafe,restaurant,food,point_of_interest,establishment",restaurant
ChIJ11tid75NDW0RAXqlKi4naik,Maki Mono,-36.9921536,174.8823599,"Manukau Station Road, Manukau City Centre, Auckland","restaurant,food,point_of_interest,establishment",restaurant
ChIJoUKWWnFNDW0R1y4hzgYP5nU,Uncle Man's Manukau,-36.98729850000001,174.8837906,"652 Great South Road, Manukau City Centre, Auckland","restaurant,food,point_of_interest,establishment",restaurant
ChIJq6rqI5pNDW0RjsipDKCbZp0,Empress of India,-37.0010985,174.8894755,"Shop 17/792 Great South Road, Wiri, Auckland","restaurant,food,point_of_interest,establishment",restaurant
ChIJ9XykGgBNDW0RODy6IgMv3fM,Chicken,-37.0014095,174.8900157,"39 Waipuhinui Way, Wiri, Auckland","restaurant,food,point_of_interest,establishment",restaurant
ChIJfdIvBwZNDW0RSJ8WNxHPOaw,English Roast,-36.98714239999999,174.8837072,"652 Great South Road, Manukau City Centre, Auckland","restaurant,food,point_of_interest,establishment",restaurant
ChIJEeYg6R9NDW0RzciJttftMrY,Master Bao Manukau,-36.9914237,174.8820031,"S007/Leyton Way, Manukau City Centre, Auckland","restaurant,food,point_of_interest,establishment",restaurant
ChIJbWTkg1VNDW0RN5dZWkcnJpU,Magic Wok,-36.991133,174.8819247,"Manukau Station Road, Manukau City Centre, Auckland","restaurant,food,point_of_interest,establishment",restaurant
ChIJ8_lxdWZNDW0R-KDsHH0zeX0,Elohim Kitchen,-36.9758919,174.9294563,"69 Rashni Road, Flat Bush, Tāmaki Makaurau","restaurant,food,point_of_interest,establishment",restaurant
ChIJCVyBvpCxcm0RiALB3Tr0CaU,The Corner Kitchen & Bar,-36.9911877,175.0379746,"1 North Road, Clevedon","bar,cafe,restaurant,food,point_of_interest,establishment",restaurant
ChIJGx5UYVyxcm0RIgwMBGO_4rw,Clevedon Seafoods Takeaway & Bakery,-36.99338199999999,175.036653,"19 Papakura-Clevedon Road, Clevedon","restaurant,food,point_of_interest,establishment",restaurant
ChIJLT7R_JCxcm0RbX-n89Q3BCc,Clevedon Takeaway - Fish and chips and Chinese Food,-36.99258479999999,175.0370117,"7 Papakura-Clevedon Road, Clevedon","meal_takeaway,restaurant,food,point_of_interest,establishment",restaurant
ChIJ71SFUwCxcm0Rg-Kyeyx10CA,The Bros Street Kitchen,-36.99467479999999,175.0366514,"42 Papakura-Clevedon Road, Clevedon","restaurant,food,point_of_interest,establishment",restaurant
ChIJt1VBuHSxcm0RjYQRH1UtygQ,Hallertau Clevedon,-36.9890954,175.0402498,"26 Clevedon-Kawakawa Road, Clevedon","restaurant,bar,meal_takeaway,food,point_of_interest,establishment",restaurant
ChIJ-VFgJzexcm0RHZef-YV6Ol4,Blue Elephant Thai Restaurant Clevedon,-36.9891294,175.0403349,"26 Clevedon-Kawakawa Road, Clevedon","restaurant,meal_takeaway,food,point_of_interest,establishment",restaurant
ChIJ7b6rvQBvDW0RCAqA5LBs4m4,Surfside Bites & Brew,-36.9560141,174.4690123,"23 Marine Parade South, Piha","restaurant,food,point_of_interest,establishment",restaurant
ChIJ59FdydlvDW0Rc_28kP4ePJM,Murray Piha,-36.9558724,174.4687127,"25 Marine Parade South, Piha","restaurant,food,point_of_interest,establishment",restaurant
ChIJOVcA3axvDW0RdVj8v0lYhpo,Piha Memorial RSA,-36.95572779999999,174.4728861,"3 Beach Valley Road, Piha","bar,restaurant,food,point_of_interest,establishment",restaurant
ChIJs12WS3pvDW0RElwBxDtmCrk,Coastal Beach Diner,-36.9547419,174.4714023,"21 Seaview Road, Piha","restaurant,food,point_of_interest,establishment",restaurant
ChIJBVcPYH1vDW0RurWYtf2SeZ4,Aryeh,-36.9531976,174.4727795,"20 Seaview Road, Piha","restaurant,food,point_of_interest,establishment",restaurant
ChIJMxXeZ_lCDW0Rxk9RtSX8j_s,Laingholm Takeaways,-36.9670184,174.6412488,"1 Western Road, Laingholm, Auckland","restaurant,food,point_of_interest,establishment",restaurant
ChIJP_C5zaxDDW0R547vqTj53ko,Woodlands Park Kebab & Burger,-36.9488119,174.6304337,"295 Huia Road, Titirangi, Auckland","restaurant,food,point_of_interest,establishment",restaurant
ChIJ-SiBRwBFDW0RBt5JTeo0g5s,Kristy crabs,-36.9593781,174.6930748,"2MRV+66, Auckland","restaurant,food,point_of_interest,establishment",restaurant
ChIJec6v4wlPDW0RXp9bNC5M1L4,McDonald's Mangere,-36.9692386,174.8003548,"119 Bader Drive, Māngere, Auckland","restaurant,food,point_of_interest,establishment",restaurant
ChIJOcXzhKBPDW0RGAJMHkoXOSU,Pizza Hut,-36.9694216,174.7969118,"40-44 Orly Avenue, Mangere Central, Auckland","meal_delivery,meal_takeaway,restaurant,food,point_of_interest,establishment",restaurant
ChIJGyPlUHVPDW0RQuusT62-HPQ,Mangere Kiwi Roast,-36.9694099,174.7968069,"4/44 Orly Avenue, Māngere, Auckland","meal_takeaway,restaurant,food,point_of_interest,establishment",restaurant
ChIJyXM7hqBPDW0RGhxdR6rcn8U,Subway,-36.96923609999999,174.79681,"7/44 Orly Avenue, Māngere, Auckland","restaurant,food,point_of_interest,establishment",restaurant
ChIJM1N8BgpPDW0Rn500QcOqrzY,Noodle Canteen,-36.9704314,174.7985644,"93 Bader Drive, Māngere, Auckland","restaurant,food,point_of_interest,establishment",restaurant
ChIJSTGnnadPDW0Ru-9kj0yTfxk,KFC,-36.9702943,174.8021325,"Mascot Ave &, Wanstead Way, Mangere Central, Auckland","meal_takeaway,restaurant,food,point_of_interest,establishment",restaurant
ChIJFckCE5xPDW0RrrN944jJNlE,Airport Kebabs & Pizza,-36.97344289999999,174.7882066,"shop 7/203 Kirkbride Road, Māngere, Auckland","restaurant,food,point_of_interest,establishment",restaurant
ChIJyVPB3IRPDW0RTjMy8VqKttU,Rennie Drive Lunchbar,-36.9760616,174.7826544,"6 Rennie Drive, Māngere, Auckland","restaurant,food,point_of_interest,establishment",restaurant
ChIJP4x7FJ1PDW0RehWzzFBbFf0,Indian Express,-36.97029249999999,174.7853834,"149 D Kirkbride Road, Māngere, Airport Oaks","meal_takeaway,restaurant,food,point_of_interest,establishment",restaurant
ChIJP4x7FJ1PDW0RYIazJSj7pho,Bakehaven Cafe,-36.97042409999999,174.7854579,"149f Kirkbride Road, Māngere, Auckland","cafe,restaurant,food,point_of_interest,establishment",restaurant
ChIJMSNt5HJPDW0Rxu76y_NA8WY,Domino's Pizza Mangere,-36.9696781,174.800088,"Centre Shop 37B/93 Bader Drive, Māngere, Manukau","restaurant,food,point_of_interest,establishment",restaurant
ChIJ2dT2QApPDW0RBHsk4iW8p7E,Carl's Jr. Mangere,-36.9676511,174.7981449,"94-96 Bader Drive, Māngere, Auckland","restaurant,food,point_of_interest,establishment",restaurant
ChIJTwOSAXVPDW0RvA7d4X9lppE,Nice Food Take Aways,-36.9663722,174.7918319,"61 Idlewild Avenue, Māngere, Auckland","meal_takeaway,restaurant,food,point_of_interest,establishment",restaurant
ChIJv2FA0yxPDW0RV8adG40bWis,Auntyy Enahs Kai,-36.96332819999999,174.7917834,"96 Caravelle Close, Māngere, Manukau","meal_takeaway,restaurant,food,point_of_interest,establishment",restaurant
ChIJY1Zag6BPDW0RcVH_P6ANeKo,Nocky Takeaways,-36.9693403,174.796776,"44 Orly Avenue, Māngere, Auckland","meal_takeaway,restaurant,food,point_of_interest,establishment",restaurant
ChIJ63O5krhPDW0RDh7SHBI8TyE,Chicking Mangere,-36.9694493,174.7969455,"2/44 Orly Avenue, Māngere, Auckland","restaurant,food,point_of_interest,establishment",restaurant
ChIJy1-IVZtPDW0Ra82gpUPEa08,Southmade Seafood Boils 5024 to 275,-36.9696585,174.7977709,"Orly Ave Carpark, Māngere, Auckland","meal_takeaway,restaurant,food,point_of_interest,establishment",restaurant
ChIJpQHSj6BPDW0RIk8i2jazqbo,Oriental Takeaways,-36.970044,174.7973028,"49 Orly Avenue, Māngere, Manukau","meal_takeaway,restaurant,food,point_of_interest,establishment",restaurant
ChIJJcEmWDhPDW0RiogejUdCDAE,ZARA KEBAB,-36.9693689,174.7999589,"1C Mangere Town Square, Māngere, Auckland","restaurant,food,point_of_interest,establishment",restaurant
ChIJBbuSAUdPDW0RAw3EoKrGe6E,Pacific Fresh Fish & Takeaway,-36.9702127,174.7986644,"18 Mangere Town Square, Māngere, Auckland","meal_takeaway,restaurant,food,point_of_interest,establishment",restaurant
ChIJuyqjc7VPDW0RIl3bSn68V8Q,GOOD TASTE TAKEAWAY,-36.9694616,174.8003603,"NZ 46Mangere Town Centre 46 Mangere Town Square, Māngere, Auckland","meal_takeaway,restaurant,food,point_of_interest,establishment",restaurant
ChIJLdmo2uRPDW0RN7ZOPSPCYgM,Jolly Goods,-36.9699261,174.8000485,"Shop 41A Mangere Town Square, Māngere, Auckland","restaurant,food,point_of_interest,establishment",restaurant
ChIJyWR0AiRPDW0RoiN3M543Eaw,Mr Katsu Mangere,-36.970208,174.7996071,"26 Mangere Town Square, Māngere, Auckland","restaurant,food,point_of_interest,establishment",restaurant
ChIJYzB46qBPDW0RWGAIkoxXunI,Pizza & Curry Corner (HALAL),-36.9705013,174.7988783,"shop 1/18 Waddon Place, Māngere, Auckland","meal_takeaway,restaurant,food,point_of_interest,establishment",restaurant
ChIJd8V6xRZPDW0Rn7GoomfHyTQ,Ali's Mobile Indian Kitchen,-36.9698219,174.8007603,"34 Mangere Town Square, Māngere, Auckland","restaurant,food,point_of_interest,establishment",restaurant
ChIJ7xnZXKdPDW0RFJEDMXgNN84,Sushi Time,-36.9700748,174.8006601,"Shop 36, Mangere Town Centre, Māngere, Auckland","restaurant,food,point_of_interest,establishment",restaurant
ChIJHUQHZ6dPDW0RhSoT-FAs-z4,Sun Tasty BbQ & Takeaways,-36.9699482,174.8009199,"Bader Drive, Māngere, Auckland","restaurant,food,point_of_interest,establishment",restaurant
ChIJ-9VLSadPDW0RzpN8KEhvkH4,Catering Masters Nz Ltd,-36.9705413,174.7999474,"Māngere, Auckland","restaurant,food,point_of_interest,establishment",restaurant
ChIJFeQDnh9PDW0RG2y6YbZM1BE,Kowhai cafe,-36.9711954,174.7982454,"10 Waddon Place, Māngere, Auckland","restaurant,food,point_of_interest,establishment",restaurant
ChIJ39H8RqdPDW0R-rkX5JRF-Ew,Jk Takeaway,-36.9705312,174.8002815,"28 Mangere Town Square, Māngere, Auckland","meal_takeaway,restaurant,food,point_of_interest,establishment",restaurant
ChIJBeDNAghPDW0RpZYgAocoEHU,Burger King Mangere Central,-36.969482,174.8037043,"4 Canning Crescent, Māngere, Auckland","restaurant,food,point_of_interest,establishment",restaurant
ChIJM5W0jrJPDW0RkXGzT2Nv9Mg,Yummy Munch,-36.9692762,174.8039947,"125 Bader Drive, Māngere, Auckland","meal_takeaway,restaurant,food,point_of_interest,establishment",restaurant
ChIJrWa89v5PDW0R6hRKoIWpi3o,Auckland Airport Kiwi Hotel,-36.9655314,174.7861774,"150 McKenzie Road, Māngere, Auckland","lodging,bar,restaurant,food,point_of_interest,establishment",restaurant
ChIJTfQ2fPlPDW0Rfswu1x8-eBY,McKenzie Bar & Restaurant,-36.9655314,174.7861774,"150 McKenzie Road, Māngere Bridge, Auckland","restaurant,food,point_of_interest,establishment",restaurant
ChIJbzo4wh9PDW0RNRWz1Zj7Gtk,HENRY'S LUNCH BAR & TAKEAWAY,-36.9570408,174.8035799,"165a Hall Avenue, Favona, Auckland","meal_takeaway,restaurant,food,point_of_interest,establishment",restaurant
ChIJ3T6u5rVPDW0R8DmKokZ4ktU,Razeens fastfood and takeaway,-36.9570726,174.803742,"167 Hall Avenue, Favona, Auckland","meal_takeaway,restaurant,food,point_of_interest,establishment",restaurant
ChIJ19It7Q5PDW0RV07nR7P827M,Arr foods ltd,-36.9570725,174.803742,"167 Hall Avenue, Favona, Auckland","meal_takeaway,restaurant,food,point_of_interest,establishment",restaurant
ChIJ-76cY4RPDW0RSLbjZCnuN1A,7 Paintings - Auckland,-36.9714081,174.7856039,"153 Kirkbride Road, Māngere, Auckland","restaurant,food,point_of_interest,establishment",restaurant
ChIJPzrajZxPDW0RBu_N3hvs5t4,Vapor Restaurant,-36.97300229999999,174.7858827,"2 Ascot Road, Māngere, Auckland","restaurant,food,point_of_interest,establishment",restaurant
ChIJPzrajZxPDW0RLzx7bn2btPo,Rumpus Bar,-36.97306869999999,174.7858439,"2 Ascot Road, Māngere, Auckland","restaurant,bar,food,point_of_interest,establishment",restaurant
ChIJze4MVwBPDW0RPGD--3KP_wk,Enrico’s Grill,-36.9735014,174.8068511,"61 Friesian Drive, Māngere, Auckland","restaurant,food,point_of_interest,establishment",restaurant
ChIJNeyBLWBPDW0R66tHAblfbOE,wildbean cafe,-36.9534876,174.7909137,"154 Coronation Road, Māngere Bridge, Auckland","cafe,bakery,restaurant,food,store,point_of_interest,establishment",restaurant
ChIJZ_8FUgBPDW0RyXjRDEp11to,Yummy Dumplings,-36.9527458,174.802064,"1/1 Robertson Road, Favona, Auckland","restaurant,food,point_of_interest,establishment",restaurant
ChIJgWGUDW9PDW0Rzpi-Rxw7wy0,Mountain Rd Takeaway,-36.9546159,174.7851588,"92 Mountain Road, Māngere Bridge, Auckland","meal_takeaway,restaurant,food,point_of_interest,establishment",restaurant
ChIJo7JwaABPDW0RCRvcXAy4mG8,Ashley Takeaways,-36.9687172,174.8131426,"9 Ashley Avenue, Māngere East, Auckland","meal_takeaway,restaurant,food,point_of_interest,establishment",restaurant
ChIJY2m86KtPDW0RygksVF8lYoA,Fast Food,-36.9737914,174.8106236,"45/47 Imrie Avenue, Māngere, Auckland","restaurant,food,point_of_interest,establishment",restaurant
ChIJtdqz8OFPDW0RjEpkKgyH4-Y,Rex Koepp,-36.9627778,174.8144444,"1 Garus Avenue, Māngere, Auckland","restaurant,food,point_of_interest,establishment",restaurant
ChIJ9Sz_mv1PDW0RrFPJ0SwykkY,Royal Indian Cuisine Royal pizza Mangere,-36.9537386,174.8092256,"141 A Gadsby Road, Favona, Auckland","restaurant,food,point_of_interest,establishment",restaurant
ChIJ7btOnlRODW0Rs_757LrO5jw,Auckland Airport Easy Hotel,-36.9757287,174.8163279,"12 Tidal Road, Māngere, Auckland","lodging,bar,restaurant,food,point_of_interest,establishment",restaurant
ChIJk4abDfJODW0Rc8f29kLqOZI,McDonald's Massey Road,-36.96067240000001,174.8318794,"264/266 Massey Road, Māngere East, Auckland","restaurant,food,point_of_interest,establishment",restaurant
ChIJ8ZbO6flODW0RT9N1Px_fcDg,KFC,-36.9663363,174.8251511,"Mangere East Shopping Centre, 365 Massey Road, Māngere East, Auckland","meal_takeaway,restaurant,food,point_of_interest,establishment",restaurant
ChIJ8y96pu1ODW0RymBh-LW1ni8,Select pizza mangere,-36.95786799999999,174.8326725,"6 Savill Drive, Favona, Auckland","meal_delivery,meal_takeaway,restaurant,food,point_of_interest,establishment",restaurant
ChIJWfGRt41ODW0ROyz9zUteSpU,Subway,-36.9632037,174.8413004,"100 Hospital Road, Middlemore Hospital, Ōtāhuhu, Auckland","restaurant,food,point_of_interest,establishment",restaurant
ChIJYdSMTuxODW0R9wZpbqQBLJA,The Great Tong Takeaway (Mangere),-36.9577379,174.8327924,"6 Savill Drive, Māngere East, Auckland","meal_takeaway,restaurant,food,point_of_interest,establishment",restaurant
ChIJTz14Au1ODW0RXJE7K8VZuMA,Burger King (Express) Mangere East,-36.9573527,174.8335874,"1 Savill Drive, Favona, Auckland","restaurant,food,point_of_interest,establishment",restaurant
ChIJ-SF5RwBPDW0ROQ-E9ZoG_Kk,Hunga Tonga & Hunga Ha’apai Diner,-36.9651875,174.8259424,"351 Massey Road, Māngere East, Auckland","restaurant,food,point_of_interest,establishment",restaurant
ChIJSd7-3JlPDW0RMW4S2x8l00c,Street Chicken,-36.96621,174.8255997,"NZ, 345 Massey Road, Māngere East, Auckland","restaurant,food,point_of_interest,establishment",restaurant
ChIJR9514vlODW0RaxCI91An394,Laki Mana Mei Langi Restaurante,-36.9660315,174.8254926,"Māngere East, Auckland","restaurant,food,point_of_interest,establishment",restaurant
ChIJZ572W_dODW0RUnolCIIRP3g,Lim's Fast Food,-36.96642,174.8252433,"371 Massey Road, Māngere East, Auckland","meal_takeaway,restaurant,food,point_of_interest,establishment",restaurant
ChIJaTDOosZPDW0RlyRokEVJfk0,KFC,-36.9675054,174.8238242,"389 Massey Road, Māngere East, Auckland","restaurant,food,point_of_interest,establishment",restaurant
ChIJF-8t4bdPDW0R_bdeutQPsYE,wildbean cafe,-36.9605902,174.8320302,"264 Massey Road, Māngere East, Auckland","cafe,bakery,store,restaurant,food,point_of_interest,establishment",restaurant
ChIJU_k80oxODW0RwB4aAHWgf1c,Tasty Chef,-36.963473,174.836226,"65B Rosella Road, Māngere East, Auckland","meal_takeaway,restaurant,food,point_of_interest,establishment",restaurant
ChIJM-w4H4lPDW0R2BCU2dIv_W0,Fuzion Kebab Mangere,-36.9594497,174.8329315,"240C Massey Road, Māngere East, Auckland","restaurant,food,point_of_interest,establishment",restaurant
ChIJZ8QX5_BPDW0R9K1wmBdVg34,K Chicken Mangere,-36.95940049999999,174.8329356,"240 Massey Road, Māngere East, Auckland","meal_takeaway,restaurant,food,point_of_interest,establishment",restaurant
ChIJj3KG4TVPDW0R5EwE-pKJFng,Domino's Pizza Mangere East,-36.9594846,174.8331181,"240 Massey Road, Māngere East, Auckland","meal_delivery,meal_takeaway,restaurant,food,point_of_interest,establishment",restaurant
ChIJ83n8SwVPDW0R5tvt5Q3JmtY,Hungers Kitchen,-36.9716946,174.8275494,"38A Kairanga Street, Māngere East, Auckland","meal_takeaway,restaurant,food,point_of_interest,establishment",restaurant
ChIJYdSMTuxODW0RRCZfeDLmGxI,Jewel Of Bombay,-36.9583581,174.8327292,"6 Savill Drive, Favona, Auckland","restaurant,food,point_of_interest,establishment",restaurant
ChIJiwBzD01PDW0RP9EsaN3ER2I,Ribs & Wings - Māngere,-36.9578931,174.8327371,"221 Massey Road, Māngere East, Auckland","meal_takeaway,restaurant,food,point_of_interest,establishment",restaurant
ChIJybNXPR5PDW0RXEa6jrMoSb0,Kebabs & Curries,-36.9582001,174.8239978,"60 Vine Street, Māngere East, Auckland","meal_takeaway,restaurant,food,point_of_interest,establishment",restaurant
ChIJYcrd-NlPDW0RMJfGd6Wtg3s,Mk Takeaway,-36.9576071,174.8328557,"6 Savill Drive, Favona, Auckland","restaurant,food,point_of_interest,establishment",restaurant
ChIJoYUeS6tPDW0R7GsZLgow9CI,May Wah Takeaways,-36.9724701,174.8341729,"2 Graeme Avenue, Māngere East, Auckland","meal_takeaway,restaurant,food,point_of_interest,establishment",restaurant
ChIJV--oQABPDW0RVI4fEgDfZ1c,Butter Chicken Factory Mangere East,-36.9570841,174.8333924,"1 Savill Drive Unit 2 Mangere East, Favona, Auckland","meal_takeaway,restaurant,food,point_of_interest,establishment",restaurant
ChIJQ5Q9-exODW0RhcrmCQ4UXgA,Country Roast,-36.9570114,174.8335504,"Savill Drive, Favona, Auckland","restaurant,food,point_of_interest,establishment",restaurant
ChIJ5cfEpxBPDW0RYj6ol-tp3_A,4 seasons Indian cuisine,-36.96878379999999,174.8189291,"21 James Street, Māngere East, Auckland","restaurant,food,point_of_interest,establishment",restaurant
ChIJqcbOEgBPDW0R0xga7bKFyEw,The Biriyani House,-36.9693351,174.8190921,"16 James Street, Māngere East, Auckland","restaurant,food,point_of_interest,establishment",restaurant
ChIJ97_SvShPDW0RpRm5xnp1M48,Fuku Sushi,-36.96326320000001,174.8411009,"Scott, Ōtāhuhu, Auckland","restaurant,food,point_of_interest,establishment",restaurant
ChIJ5wEmlVVODW0RsfGlMbXbofw,Massey Road Seafood,-36.97145919999999,174.8190246,"461b Massey Road, Māngere East, Auckland","meal_takeaway,restaurant,food,point_of_interest,establishment",restaurant
ChIJgVFWkWFODW0RM-Xea0gUMM8,Canton Foodbar,-36.9727342,174.8400854,"55 Portage Road, Papatoetoe, Auckland","restaurant,food,point_of_interest,establishment",restaurant
ChIJsYnSB89PDW0Rki96-FZPx9g,Pizza Club Papatoetoe,-36.9727479,174.8400829,"55 Portage Road, Papatoetoe, Auckland","meal_takeaway,restaurant,food,point_of_interest,establishment",restaurant
ChIJNyVS7q1PDW0Rs0jWfWtYb6c,275 Kai,-36.95490799999999,174.8209054,"64 Blake Road, Māngere, Auckland","meal_takeaway,restaurant,food,point_of_interest,establishment",restaurant
ChIJ5a0nB4RPDW0R5KmJRr5fPbU,Viti Flavors Takeaway,-36.9729853,174.8402597,"68 Portage Road, Papatoetoe, Auckland","meal_takeaway,restaurant,food,point_of_interest,establishment",restaurant
ChIJ2UXCwrlPDW0RSyYgkVKimyQ,THE LAMB INDIAN CUISINE,-36.9729853,174.8402597,"68 Portage Road, Papatoetoe, Auckland","meal_takeaway,restaurant,food,point_of_interest,establishment",restaurant
ChIJ6dP5cABPDW0RylRnO_Nwlns,Agrawal takeaways,-36.9729853,174.8402597,"68 Portage Road, Papatoetoe, Auckland","restaurant,food,point_of_interest,establishment",restaurant
ChIJVcn8aopPDW0Ry5JQOkZ9qqs,Beach Pizza Papatoetoe,-36.9729513,174.8403075,"66 Portage Road, Papatoetoe, Auckland","restaurant,food,point_of_interest,establishment",restaurant
ChIJRdW1FohODW0RgXG6ivERznc,Cuisine India Papatoetoe,-36.97035349999999,174.8453996,"28 Swaffield Road, Papatoetoe, Auckland","meal_takeaway,restaurant,food,point_of_interest,establishment",restaurant
ChIJVTwvYlNODW0RJl5hXuspvJI,Pacific Bar & Restaurant,-36.97559869999999,174.8167962,"Mangere, 12 Tidal Road, Manukau, Auckland","restaurant,food,point_of_interest,establishment",restaurant
ChIJCUy5E8JPDW0RAN6B-e2OA4I,Amphora Woks Taste Of Fiji (Halal),-36.9516497,174.8388605,"91A Mangere Road, Ōtāhuhu, Auckland","restaurant,food,point_of_interest,establishment",restaurant
ChIJoUzodupODW0RXoTNaJCguZ4,Hollow Legs Lunch Bar,-36.9496599,174.8322345,"12 Kaka Street, Ōtāhuhu, Auckland","restaurant,food,point_of_interest,establishment",restaurant
ChIJI068H41PDW0RrGD9QQ51V3E,Bhoj,-36.9723618,174.8461723,"11 Barrie Avenue, Papatoetoe, Auckland","meal_takeaway,restaurant,food,point_of_interest,establishment",restaurant
ChIJ_wy8VJBPDW0RjEWLPqCFbCM,Ulutoa & Sons,-36.9516738,174.8395087,"87 Mangere Road, Ōtāhuhu, Auckland","meal_takeaway,restaurant,food,point_of_interest,establishment",restaurant
ChIJC-cLHDpMDW0RvI-lDnlYWi8,McDonald's Otara 99/70 3 Booth Dthru,-36.96223250000001,174.872062,"1 Newbury Street, Ōtara, Auckland","restaurant,food,point_of_interest,establishment",restaurant
ChIJQWXYcitMDW0ROOv9k8LavPQ,Papatoetoe Clubrooms,-36.9698332,174.8606814,"183 Great South Road, Papatoetoe, Auckland","restaurant,bar,food,point_of_interest,establishment",restaurant
ChIJmalPWzBMDW0Rv-8BxL2Mxbg,Wendy's Hamburgers,-36.9633545,174.8691863,"153 East Tamaki Road, Ōtara, Auckland","restaurant,food,point_of_interest,establishment",restaurant
ChIJ2yubbitMDW0RC20PNBf2bX8,"Karachi Kebabs, Hunters Plaza",-36.9707628,174.8614882,"217 Great South Road, Papatoetoe, Auckland","restaurant,food,point_of_interest,establishment",restaurant
ChIJJyUY-CtMDW0RUF8IBWA8vmU,KFC,-36.96722949999999,174.8618367,"60-62 East Tamaki Road, Papatoetoe, Auckland","meal_takeaway,restaurant,food,point_of_interest,establishment",restaurant
ChIJN3ofpCtMDW0Rzv5FVaa-hBI,Milanos Pizza Papatoetoe,-36.9688695,174.860303,"154 Great South Road, Papatoetoe, Auckland","meal_delivery,meal_takeaway,restaurant,food,point_of_interest,establishment",restaurant
ChIJZwJoVipMDW0R7rhhJPGgKmI,Shivani - Papatoetoe,-36.9691219,174.8589924,"23 Eric Baker Place, Papatoetoe, Auckland","meal_takeaway,store,restaurant,food,point_of_interest,establishment",restaurant
ChIJ6WzOw4tIDW0RowHrrNHlMfo,Choice Indian Restaurant,-36.9710981,174.8626218,"262 Great South Road, Papatoetoe, Auckland","restaurant,food,point_of_interest,establishment",restaurant
ChIJnzOZgrxODW0R-Vge4KYgvjc,Curry Palace,-36.9737671,174.8647921,"366 Great South Road, Papatoetoe, Auckland","meal_takeaway,restaurant,food,point_of_interest,establishment",restaurant
ChIJW2Zz8jlMDW0R-X2sSkOerg4,Subway,-36.9607192,174.8728856,"Ōtara, Auckland","restaurant,food,point_of_interest,establishment",restaurant
ChIJ6ZD-8TlMDW0RKDgWeh05M44,Tastihut,-36.9608283,174.8730661,"Opposite Cash Converters 30 Fair Mall, Ōtara, Auckland","restaurant,food,point_of_interest,establishment",restaurant
ChIJf6w1VplODW0RvngAiQ6bYLk,Toby's Seafood,-36.9554334,174.8511032,"628 Great South Road, Ōtāhuhu, Auckland","meal_takeaway,restaurant,food,point_of_interest,establishment",restaurant
ChIJ-7fk3j5MDW0RfwPkIr_5n1s,Dine Restaurant,-36.9554024,174.8748321,"Ōtara, Auckland","restaurant,food,point_of_interest,establishment",restaurant
ChIJqYf-sitMDW0R4I3ZBMw3BVg,Lucky Star Restaurant,-36.9685858,174.8595453,"125 Great South Road, Papatoetoe, Auckland","restaurant,food,point_of_interest,establishment",restaurant
ChIJ77NlMNNNDW0Ro9dyspubwbI,Li'l Abners Takeaway,-36.97277870000001,174.8638004,"313 Great South Road, Papatoetoe, Auckland","meal_takeaway,restaurant,food,point_of_interest,establishment",restaurant
ChIJBU2LryxMDW0Rfti465qG1qE,Yee Hing Takeaways,-36.9714276,174.8625749,"262 Great South Road, Papatoetoe, Auckland","meal_takeaway,restaurant,food,point_of_interest,establishment",restaurant
ChIJffTngCtMDW0RAH46FxEu_DE,Hunters Inn sports Bar & Kitchen,-36.9695073,174.861993,"22 Charles Street, Papatoetoe, Auckland","bar,night_club,restaurant,food,point_of_interest,establishment",restaurant
ChIJ5e1Ot_RNDW0ROtH9_Rl7PHM,Burger King East Tamaki Road,-36.9670204,174.8624268,"68 East Tamaki Road, Papatoetoe, Auckland","restaurant,food,point_of_interest,establishment",restaurant
ChIJw6jsCgBNDW0RQnxmTZ-giYw,Popeyes Famous Louisiana Chicken Papatoetoe,-36.9670744,174.8625176,"66 East Tamaki Road, Papatoetoe, Auckland","restaurant,food,point_of_interest,establishment",restaurant
ChIJlzrz0b5NDW0RuuZbiTCkv5Q,Khanz Fusion Buffet Restaurant,-36.96742589999999,174.8611138,"38 East Tamaki Road, Papatoetoe, Auckland","restaurant,food,point_of_interest,establishment",restaurant
ChIJqRHqEwBNDW0RM39t3nhF-K8,Desi Dosa Food Truck,-36.967737,174.8605589,"32 East Tamaki Road, Papatoetoe, Auckland","restaurant,food,point_of_interest,establishment",restaurant
ChIJLWKJByVNDW0RgX4GNO3wbRY,KingMoala Catering,-36.9682321,174.8601635,"14 East Tamaki Road, Papatoetoe, Auckland","restaurant,food,point_of_interest,establishment",restaurant
ChIJMZLq8mdNDW0Roa2eg3Tm8AU,Midodo Chicken,-36.9683453,174.8600083,"4 East Tamaki Road, Papatoetoe, Auckland","meal_takeaway,restaurant,food,point_of_interest,establishment",restaurant
ChIJq-03oYlIDW0ROjYHHsmzi5w,New Horse Takeaways,-36.96852989999999,174.8594868,"123 Great South Road, Papatoetoe, Auckland","meal_takeaway,restaurant,food,point_of_interest,establishment",restaurant
ChIJgf0jpCtMDW0REi72-BrsJX8,Crystal Horse Chinese Takeaways,-36.9689746,174.8603578,"156 Great South Road, Papatoetoe, Auckland","meal_takeaway,restaurant,food,point_of_interest,establishment",restaurant
ChIJeQ2IeMdNDW0ROGMNhNsVofk,Biryaniwala - Papatoetoe,-36.9690562,174.8604635,"162 Great South Road, Papatoetoe, Manukau","meal_takeaway,restaurant,food,point_of_interest,establishment",restaurant
ChIJ5zWXXA9LDW0RUClnTm-nBcI,Khanz Restaurant,-36.96891890000001,174.859664,"135 Great South Road Parking at, Eric Baker Place, Papatoetoe, Auckland","restaurant,food,point_of_interest,establishment",restaurant
ChIJCfGBdStMDW0RXYAh9EGChTc,Hunters Takeaways,-36.9693174,174.8610714,"39 Charles Street, Papatoetoe, Auckland","meal_takeaway,restaurant,food,point_of_interest,establishment",restaurant
ChIJxVhiqCtMDW0RTxD6A0eqObo,Sweet Sohals Tandoori Night,-36.9690828,174.8599968,"147 Great South Road, Papatoetoe, Auckland","restaurant,food,point_of_interest,establishment",restaurant
ChIJZyL3SrFNDW0Rgt_QMTPwctA,Patiala House Takeaways,-36.9691117,174.8600175,"147 Great South Road, Papatoetoe, Auckland","restaurant,food,point_of_interest,establishment",restaurant
ChIJr2lQIQBNDW0R4GM5x_kGzK0,Bula Fiji Takeaways,-36.9693258,174.8609631,"41 Charles Street, Papatoetoe, Auckland","restaurant,food,point_of_interest,establishment",restaurant
ChIJkY8cRABNDW0Rs66T6139NdM,Bollywood Mart - Papatoetoe,-36.9693924,174.8614854,"24A Charles Street, Papatoetoe, Auckland","convenience_store,cafe,grocery_or_supermarket,meal_takeaway,store,restaurant,food,point_of_interest,establishment",restaurant
ChIJe1ksJQBNDW0R9pEfz0SqztI,Taste of Fiji,-36.96648649999999,174.8673189,"14 Huia Road, Papatoetoe, Auckland","restaurant,food,point_of_interest,establishment",restaurant
ChIJy4iuditMDW0RRYZ5Hupx3pQ,McDonald's Papatoetoe,-36.9697559,174.8610548,"194 Great South Road, Papatoetoe, Auckland","restaurant,food,point_of_interest,establishment",restaurant
ChIJu6F8qCtMDW0Rqwb77V7dpFY,Hunters Corner Curry House,-36.9696988,174.8603806,"4/147 Kolmar Road, Papatoetoe, Auckland","restaurant,food,point_of_interest,establishment",restaurant
ChIJ4yVBBABNDW0R6P-YRRcgJ7g,"Car Park, Khanz Restaurant, Papatoetoe",-36.9694066,174.8592966,"Papatoetoe, Auckland","restaurant,food,point_of_interest,establishment",restaurant
ChIJMdstfhJNDW0R-dXosInMznE,Halwai Sweets and Restaurant,-36.9699809,174.861476,"204 Great South Road, Papatoetoe, Auckland","restaurant,food,point_of_interest,establishment",restaurant
ChIJJc6BbCVMDW0RTmP898pAeZA,Ashton Takeaways,-36.9603332,174.8655748,"Ōtara, Auckland","restaurant,food,point_of_interest,establishment",restaurant
ChIJ0f5uxoRNDW0RylCaN5bL21k,GRACE Eatery,-36.9707637,174.8615144,"217 Great South Road Shop 55 , Hunters Plaza Mall, Papatoetoe, Auckland","cafe,restaurant,food,point_of_interest,establishment",restaurant
ChIJLUrAYuxNDW0R7KIx_rTVYz4,Karachi Indian Cuisine,-36.9707628,174.8614882,"Karachi Indian Cuisine, Hunters Plaza Shop 36, 217 Great South Road, Papatoetoe, Auckland","restaurant,food,point_of_interest,establishment",restaurant
ChIJF8HF4JlNDW0RwGSQwjVBQqo,LJ's Hunters Plaza,-36.9707628,174.8614882,"217 Great South Road, Papatoetoe, Auckland","restaurant,food,point_of_interest,establishment",restaurant
ChIJXRpSMABNDW0REVwlqHyLtLU,SushiLand,-36.9708754,174.8604448,"Hunters Plaza Foodcourt, Papatoetoe, Auckland","restaurant,food,point_of_interest,establishment",restaurant
ChIJ2yubbitMDW0ROWcUWZqXmQk,Tender's fried chicken,-36.9709801,174.8603765,"217 Great South Road, Papatoetoe, Auckland","restaurant,food,point_of_interest,establishment",restaurant
ChIJ-ad7bwBNDW0RcC0nEgyxzJs,Tran's Kitchen Vietnamese papatoetoe,-36.9710164,174.8604637,"Great South Road, Papatoetoe, Auckland","restaurant,food,point_of_interest,establishment",restaurant
ChIJ4c09TFpNDW0RU3ggjnwfFm0,Khao peeyo,-36.97115519999999,174.861651,"Roop darshan jewellery, car park 223 Great South Road, Papatoetoe, Auckland","restaurant,food,point_of_interest,establishment",restaurant
ChIJWSVc5wpNDW0RtgXJWxpmwGQ,Ambarsariya Cafe & Restaurant,-36.9704973,174.858441,"Cafe & Restaurant 152 Kolmar Road, Papatoetoe, Auckland","restaurant,food,point_of_interest,establishment",restaurant
ChIJoe5IkiZNDW0RnCMCU3P_XWQ,Papatoetoe Night Market,-36.9710006,174.8597106,"Bisley Street, Papatoetoe, Auckland","restaurant,food,point_of_interest,establishment",restaurant
ChIJ52eU3YJODW0RYdnAqRBhfKA,Huanoa Restaurant & Takeaway,-36.96227289999999,174.8546384,"4 Great South Road, Papatoetoe, Auckland","restaurant,food,point_of_interest,establishment",restaurant
ChIJ2YRfdwBNDW0RummbuzlredA,Baba food restaurant,-36.9714992,174.8626472,"266 Great South Road, Papatoetoe, Auckland","restaurant,food,point_of_interest,establishment",restaurant
ChIJtdcyjENPDW0R1DZyD8mwcfM,Sai kitchen limited,-36.9622389,174.8545872,"4 Great South Road, Papatoetoe, Auckland","meal_takeaway,restaurant,food,point_of_interest,establishment",restaurant
ChIJcwPXiYBPDW0Rwuvh223PWwY,Wah Ji Wah Indian Cuisine,-36.9622389,174.8545872,"4 Great South Road, Papatoetoe, Auckland","restaurant,food,point_of_interest,establishment",restaurant
ChIJlXdGzj5NDW0RWAt_6Q7aPqk,Indigo street food papatoetoe,-36.9718559,174.863114,"286 Great South Road, Papatoetoe, Auckland","meal_takeaway,restaurant,food,point_of_interest,establishment",restaurant
ChIJHaVr7flMDW0RZrS7zZI4r3A,Spices Thai Restaurant,-36.9642661,174.9028571,"123 Ormiston Road, Flat Bush, Auckland","restaurant,food,point_of_interest,establishment",restaurant
ChIJ6wnhbPdMDW0ReQnFLuDvYlQ,Indian Accent Botany,-36.961793,174.9019942,"5/308 Te Irirangi Drive, Flat Bush, Auckland","meal_delivery,meal_takeaway,restaurant,food,point_of_interest,establishment",restaurant
ChIJ07W1pPlMDW0Rbq01fBieUD0,The Coffee Club Botany Junction,-36.9647553,174.902485,"Unit 35 - Botany Junction, 277 Te Irirangi Drive, Flat Bush, Auckland","cafe,restaurant,food,store,point_of_interest,establishment",restaurant
ChIJFYX8QEVMDW0RQkdoE6ETpVI,Lucky Star,-36.9612149,174.8867907,"267 East Tamaki Road, East Tāmaki, Auckland","meal_takeaway,restaurant,food,point_of_interest,establishment",restaurant
ChIJDe1Vl_dMDW0Rqp7BgZGcO7Q,New Seoul Korean Restaurant,-36.9616114,174.8997346,"9/14 Bishop Lenihan Place, East Tāmaki, Auckland","restaurant,food,point_of_interest,establishment",restaurant
ChIJr612efdMDW0RnNMw5l_zwZA,Pasha kebabs,-36.96258389999999,174.9013351,"Unit 4/302 Te Irirangi Drive, Flat Bush, Auckland","restaurant,food,point_of_interest,establishment",restaurant
ChIJvWZOlvlMDW0R7p81In1Xx2U,Subway Botany Junction,-36.9644366,174.9023651,"23/123 Ormiston Road, Flat Bush, Auckland","meal_takeaway,restaurant,food,point_of_interest,establishment",restaurant
ChIJ66MZwPlMDW0RD92GGsM-1Lg,Mexicali Fresh Botany Junction,-36.9643383,174.9024079,"123 Ormiston Road, Flat Bush, Auckland","restaurant,food,point_of_interest,establishment",restaurant
ChIJa8Zd6vlMDW0Rke5qT8Yg6pU,Pita Pit Botany Junction,-36.9642801,174.9029323,"123 Ormiston Road, Flat Bush, Auckland","restaurant,food,point_of_interest,establishment",restaurant
ChIJ_8dd8_lMDW0R8X_W0rhkzJE,Domino's Pizza Botany Junction,-36.9643733,174.903304,"Shop 8botany Junction 123 Ormiston Road, Botany, Auckland","meal_delivery,meal_takeaway,restaurant,food,point_of_interest,establishment",restaurant
ChIJCbe66_lMDW0RxPsS9oVgYWM,"TANK Botany Junction - Smoothies, Raw Juices, Salads & Wraps",-36.9643987,174.903599,"123 Ormiston Road, Flat Bush, Auckland","meal_takeaway,restaurant,food,point_of_interest,establishment",restaurant
ChIJTa_2tDlMDW0RE8juWMT8zAE,Island BBQ,-36.96121049999999,174.8871428,"269 East Tamaki Road, Ōtara, Auckland","meal_takeaway,restaurant,food,point_of_interest,establishment",restaurant
ChIJsUL_eUVMDW0Rz8rOOOESVv4,Night ‘n Day East Tamaki,-36.961815,174.8858582,"263 East Tamaki Road, Ōtara, Auckland","convenience_store,cafe,supermarket,meal_takeaway,grocery_or_supermarket,restaurant,food,store,point_of_interest,establishment",restaurant
ChIJHTRt8vZMDW0Rdr-Y_VFyphI,"Novelty Sweets & Restaurant Botany, Auckland",-36.9592423,174.9022599,"10J/2 Bishop Browne Place, Flat Bush, Auckland","restaurant,food,store,point_of_interest,establishment",restaurant
ChIJWXaJafpMDW0RoHelk7qCnUU,Nourish Cafe,-36.96452739999999,174.9052399,"125 Ormiston Road, East Tāmaki, Auckland","cafe,restaurant,food,point_of_interest,establishment",restaurant
ChIJk_gqo_tMDW0Rj1sfCq_luQ0,Curry Masala Indian Takeaway,-36.9670583,174.9056488,"144 Chapel Road, Flat Bush, Auckland","meal_takeaway,restaurant,food,point_of_interest,establishment",restaurant
ChIJXQRTr_tMDW0Rdc5h2I_zMhU,"Kiwi Roast, Bakery & Cafe",-36.9665839,174.9059372,"164 Chapel Road, Flat Bush, Auckland","meal_takeaway,restaurant,food,point_of_interest,establishment",restaurant
ChIJLycRNPJMDW0RjiV5gUsDKh0,Fo Guang Shan Buddhist Temple,-36.9575073,174.9097278,"16 Stancombe Road, Flat Bush, Auckland","tourist_attraction,art_gallery,place_of_worship,restaurant,food,point_of_interest,establishment",restaurant
ChIJffPDDuZMDW0RFIIxrl4lDbM,Yellow Chili Indian Takeaway Auckland,-36.96448899999999,174.914489,"2/Bellingham Road, Flat Bush, Auckland","meal_takeaway,restaurant,food,point_of_interest,establishment",restaurant
ChIJecjHiuZMDW0RN9xtAwuzdCs,McDonald's Ormiston,-36.9664031,174.9153582,"249 Ormiston Road, Flat Bush, Auckland","restaurant,food,point_of_interest,establishment",restaurant
ChIJpx4DGPpMDW0RzMVu00Tilwc,Flame Pizza,-36.9643948,174.9026224,"125 Ormiston Road, Flat Bush, Auckland","restaurant,food,point_of_interest,establishment",restaurant
ChIJLd_QQqpNDW0R6AsADBHF8Go,Select Pizza,-36.9769441,174.8970368,"130 Dawson Road, Clover Park, Auckland","meal_takeaway,restaurant,food,point_of_interest,establishment",restaurant
ChIJgcX2aIFNDW0RlGeokAnetkE,Jax Burger Shack East Tamaki,-36.9629687,174.89914,"2/64 Ormiston Road, East Tāmaki, Auckland","restaurant,food,point_of_interest,establishment",restaurant
ChIJyZn7Bt5NDW0Rslw2hFNlVhk,Pizza Inn,-36.96281200000001,174.8991693,"64 Ormiston Road, East Tāmaki, Auckland","restaurant,food,point_of_interest,establishment",restaurant
ChIJ5ycM9O5NDW0RiYiLtCb2Q4s,HomeCooked Cafe Bistro,-36.96281200000001,174.8991693,"64 Ormiston Road, East Tāmaki, Auckland","restaurant,food,point_of_interest,establishment",restaurant
ChIJT0GemzNNDW0RVoyYT97VcR4,Chicking Ormiston,-36.96281200000001,174.8991693,"64 Ormiston Road, East Tāmaki, Auckland","restaurant,food,point_of_interest,establishment",restaurant
ChIJ3dj6VJBLDW0RJMKvu_KoY2w,Natalia's Kitchen,-36.9626607,174.8992918,"64 Ormiston Road, East Tāmaki, Auckland","meal_takeaway,restaurant,food,point_of_interest,establishment",restaurant
ChIJ-U8kk_dMDW0R3WJjMjf5Kw4,100 Spicy Foods,-36.9624627,174.8993449,"8H Bishop Lenihan Place, East Tāmaki, Auckland","restaurant,food,point_of_interest,establishment",restaurant
ChIJu9nN-kpNDW0Rk5Oae_ureNw,Love Asia Restaurant & Bar,-36.962615,174.8999687,"6 Bishop Lenihan Place, East Tāmaki, Auckland","bar,restaurant,food,point_of_interest,establishment",restaurant
ChIJ3cxGjPdMDW0R0rXmUVmv7t8,Poong Ro Korean BBQ Restaurant,-36.962024,174.8996029,"8P Bishop Lenihan Place, East Tāmaki, Auckland","grocery_or_supermarket,store,restaurant,food,point_of_interest,establishment",restaurant
ChIJF10yNclNDW0RsbVK460nfdU,Khao Hom Thai Kitchen,-36.9620831,174.8997112,"8 Bishop Lenihan Place, East Tāmaki, Auckland","restaurant,food,point_of_interest,establishment",restaurant
ChIJRcjPDItNDW0RCgCqdbWj6vo,Hot & Spicy Pot (一麻一辣),-36.9621131,174.8997729,"8N Bishop Lenihan Place, East Tāmaki, Auckland","restaurant,food,point_of_interest,establishment",restaurant
ChIJrYW9RwBNDW0R48bfsX2pO4Q,참살이반찬(Chamsari),-36.96206850000001,174.899844,"7/14 Bishop Lenihan Place, East Tāmaki, Auckland","restaurant,food,point_of_interest,establishment",restaurant
ChIJDe1Vl_dMDW0R9Pjo8WLmBDI,MUI Japanese Restaurant,-36.9619556,174.9003347,"1/14 Bishop Lenihan Place, East Tāmaki, Auckland","restaurant,food,point_of_interest,establishment",restaurant
ChIJCRQXtItNDW0R_gBqD0q4g54,BBQ Duck Palace,-36.96550879999999,174.9019717,"Botany Junction Shopping Centre shop 44a/277 Te Irirangi Drive, Flat Bush, Auckland","restaurant,food,point_of_interest,establishment",restaurant
ChIJAV-BQDNNDW0RxO4iB0RDdhA,wildbean cafe,-36.9628825,174.9018043,"300 Te Irirangi Drive, Flat Bush, Auckland","cafe,bakery,store,restaurant,food,point_of_interest,establishment",restaurant
ChIJPWGZrMNNDW0RhHB5Zh3QpsY,Mithaas Indian Sweets & Snacks,-36.9655012,174.9022834,"42A/277 Te Irirangi Drive, Flat Bush, Auckland","restaurant,food,point_of_interest,establishment",restaurant
ChIJLR3WQZhNDW0RjWVu_smAbmE,KHANZ Restaurant Botany,-36.9627998,174.9018142,"302 Te Irirangi Drive, Flat Bush, Auckland","restaurant,food,point_of_interest,establishment",restaurant
ChIJXxU2IE5NDW0RoQx7xm6zXIE,Mastani shisha lounge,-36.9627998,174.9018142,"Unit 1/302 Te Irirangi Drive, Flat Bush, Auckland","restaurant,food,point_of_interest,establishment",restaurant
ChIJZaEahJBNDW0RafSrb39U03w,Tarka Indian Eatery Botany,-36.9627673,174.9018726,"302 Te Irirangi Drive, Flat Bush, Auckland","restaurant,food,point_of_interest,establishment",restaurant
ChIJq6gKaKZNDW0RGc_QzRM1WgM,Raviz Botany Junction,-36.9648928,174.9024469,"42A/277 Te Irirangi Drive, Flat Bush, Auckland","restaurant,food,point_of_interest,establishment",restaurant
ChIJj8abzrdNDW0RQtCi79noFho,Melt Soul Food,-36.96420599999999,174.9024902,"Botany Junction 21/123 Ormiston Road, Flat Bush, Auckland","bar,restaurant,food,point_of_interest,establishment",restaurant
ChIJaQVMDgBNDW0RiSJ3EqoX7lE,My Kitchen,-36.96451130000001,174.9026891,"25/123 Ormiston Road, Flat Bush, Auckland","restaurant,food,point_of_interest,establishment",restaurant
ChIJE-h66N1NDW0RcbQWXYZYfpU,Jinweide Noodles,-36.96428139999999,174.9027263,"20/123 Ormiston Road, Flat Bush, Auckland","restaurant,food,point_of_interest,establishment",restaurant
ChIJHaVr7flMDW0RKnaXP6224HE,Fine Food,-36.9642532,174.9028609,"123 Ormiston Road, Flat Bush, Auckland","restaurant,food,point_of_interest,establishment",restaurant
ChIJZ0WM9PlMDW0RT_X3iQ1iF-8,Roast Hut,-36.9642801,174.9029323,"123 Ormiston Road, Flat Bush, Auckland","restaurant,food,point_of_interest,establishment",restaurant
ChIJpx4DGPpMDW0RJdWuLxvmzYE,kebabs Aladdin,-36.9642801,174.9029323,"123 Ormiston Road, Flat Bush, Auckland","restaurant,food,point_of_interest,establishment",restaurant
ChIJGToTAgBNDW0RGZLnaPMiSLA,Dosa Plaza Botany,-36.9645413,174.9030103,"14B Botany Junction 277 Te Irirangi Drive, Flat Bush, Auckland","restaurant,food,point_of_interest,establishment",restaurant
ChIJ-bj_TwBNDW0RejyqMyL-PU0,Spudfull,-36.96100649999999,174.8885815,"283 East Tamaki Road, Ōtara, Auckland","meal_takeaway,restaurant,food,point_of_interest,establishment",restaurant
ChIJHaVr7flMDW0RA0kBFDSBi0A,Ocean Avenue Takeaways,-36.96458839999999,174.9031521,"11/123 Ormiston Road, Flat Bush, Manukau","meal_takeaway,restaurant,food,point_of_interest,establishment",restaurant
ChIJ7ws9V51NDW0RPS6ISQW98bM,CHOICE KAI OTARA,-36.9607738,174.8883827,"279C East Tamaki Road, Ōtara, Auckland","meal_takeaway,restaurant,food,point_of_interest,establishment",restaurant
ChIJOR4g86ZNDW0RsPIzvKW2usc,Faletui Restaurant and Catering Function Centre,-36.9609385,174.8882018,"279 E 1/279 East Tamaki Road, Ōtara, Auckland","restaurant,food,point_of_interest,establishment",restaurant
ChIJY23iP_1NDW0RAhlQiETNO3s,Talimanao Restaurant and Catering.,-36.9608722,174.8882448,"279 E/279 E East Tamaki Road, Ōtara, Auckland","restaurant,bar,food,point_of_interest,establishment",restaurant
ChIJaX_1f4pNDW0Rjmrmzui-cwA,Bruce Lee Sushi and Roll Botany Junction,-36.9646706,174.9035916,"125 Ormiston Road, Flat Bush, Auckland","meal_takeaway,restaurant,food,point_of_interest,establishment",restaurant
ChIJzVYjNkVMDW0R6UfqJXRb1CY,Tasty Roast Takeaway,-36.9610624,174.8876332,"273 East Tamaki Road, Ōtara, Auckland","restaurant,food,point_of_interest,establishment",restaurant
ChIJMUfzSzhNDW0RWOMzw-C9Ye0,Taza Takeaway,-36.96131570000001,174.8871916,"269 East Tamaki Road, East Tāmaki, Auckland","restaurant,food,point_of_interest,establishment",restaurant
ChIJCbKMv-pNDW0Rny_jkWORv7M,Food Hut Otara,-36.9612589,174.8871664,"3/269 East Tamaki Road, Papatoetoe, Auckland","meal_takeaway,restaurant,food,point_of_interest,establishment",restaurant
ChIJN60qVgBNDW0R2EQdvu4Er7o,Steak and Chop Grill,-36.9612192,174.887159,"269 East Tamaki Road, Ōtara, Auckland","restaurant,food,point_of_interest,establishment",restaurant
ChIJv2gGieBNDW0Rx4qcGzOTbd0,Country Fried Chicken Otara,-36.9612192,174.887159,"269 East Tamaki Road, Ōtara, Auckland","meal_takeaway,restaurant,food,point_of_interest,establishment",restaurant
ChIJNc5Pj4lNDW0R2sIcjhYMUns,Kandhan Investment,-36.9653636,174.930191,"3 Savina Court, Flat Bush, Auckland","restaurant,food,point_of_interest,establishment",restaurant
ChIJCVSo8DlNDW0RJHwR9Oef5m4,Hong Yuan Flat Bush,-36.9614103,174.9261649,"1/142 Stancombe Road, Flat Bush, Auckland","restaurant,food,point_of_interest,establishment",restaurant
ChIJmWy_cTxNDW0RnWty7BbYfnI,Hell Pizza Ormiston,-36.961283,174.9261359,"4/142 Stancombe Road, Flat Bush, Auckland","meal_delivery,meal_takeaway,restaurant,food,point_of_interest,establishment",restaurant
ChIJ6biHISFNDW0RrbS7xd4-m8U,Punjab Express Flatbush,-36.9612599,174.9261746,"142 Stancombe Road, Flat Bush, Auckland","meal_takeaway,restaurant,food,store,point_of_interest,establishment",restaurant
ChIJ8R-vzThNDW0RHiIToxDV-ko,Beached As,-36.96111039999999,174.9261028,"Shop 7/142 Stancombe Road, Flat Bush, Auckland","meal_takeaway,restaurant,food,point_of_interest,establishment",restaurant
ChIJ7ac5r59NDW0Rkl9xaG_5b7k,Deji Tea Restaurant,-36.9609907,174.9263985,"142 Stancombe Road, Flat Bush, Auckland","restaurant,food,point_of_interest,establishment",restaurant
ChIJiQLf9-9NDW0RVUvIDcR0XPk,Nainy's Kitchen,-36.9663364,174.9202274,"9 Montanez Drive, Flat Bush, Auckland","meal_takeaway,restaurant,food,point_of_interest,establishment",restaurant
ChIJvfjdESJNDW0RqrnBgNL8VZ0,Poosinville Plaza,-36.96101489999999,174.9352834,"9 Beros Place, Flat Bush, Auckland","restaurant,food,point_of_interest,establishment",restaurant
ChIJsarKiBhNDW0RkLaI2IaN-c8,wildbean cafe,-36.96649689999999,174.9156446,"255 Ormiston Road, Flat Bush, Auckland","cafe,bakery,restaurant,food,store,point_of_interest,establishment",restaurant
ChIJx8x5BwVNDW0RodxA-XXdgVc,Sams Kebab Ormiston,-36.9643479,174.9146161,"Shop 3 Block C/1 Bellingham Road, Ormiston, Auckland","restaurant,food,point_of_interest,establishment",restaurant
ChIJ8cgNUgRNDW0RjTnq6Lw7K6E,The Rustic Pizzeria,-36.9644997,174.9144283,"2/1 Bellingham Road, Flat Bush, Auckland","meal_takeaway,restaurant,food,point_of_interest,establishment",restaurant
ChIJl03920BNDW0RXjvYLHoOhls,ZANA Ormiston,-36.9647846,174.9143627,"Ormiston Town Centre Shop C07/1 Bellingham Road, Flat Bush, Auckland","restaurant,food,point_of_interest,establishment",restaurant
ChIJBe3gdeZMDW0RxPrtSObq19g,Ormiston Cafe & Bistro,-36.9648291,174.9143544,"Shop#5/1 Bellingham Road, Flat Bush, Auckland","cafe,meal_takeaway,restaurant,food,store,point_of_interest,establishment",restaurant
ChIJC4waFDlNDW0R7WYVlIT8MeE,ACE NZ RESTAURANT LIMITED,-36.9722304,174.9177217,"24 Arranmore Drive, Flat Bush, Auckland","restaurant,food,point_of_interest,establishment",restaurant
ChIJPURKvEdNDW0RnNOyoW3a3-k,California Burrito,-36.9647196,174.9141562,"Shop F42/240 Ormiston Road, Flat Bush, Auckland","restaurant,food,point_of_interest,establishment",restaurant
ChIJZdbU3oxNDW0RGYFy7zs_wLc,Zana Event And Buffet Center,-36.9646481,174.9136944,"226 Ormiston Road, Flat Bush, Auckland","restaurant,food,point_of_interest,establishment",restaurant
ChIJv07xOLBNDW0RwLO-WedP9ww,Tornado Potato,-36.9721198,174.9166031,"3 Clady Drive, Flat Bush, Auckland","restaurant,food,point_of_interest,establishment",restaurant
ChIJ4WvfAgtNDW0RsOmikLvbEPY,Pizza Boyz - Flat Bush,-36.9739644,174.9185069,"Unit 2/1 Arranmore Drive, Flat Bush, Auckland","meal_takeaway,restaurant,food,point_of_interest,establishment",restaurant
ChIJJzhoOgBNDW0RyyQO50vlzRM,Friends Dumpling,-36.973957,174.9184826,"1 Arranmore Drive, Flat Bush, Auckland","restaurant,food,point_of_interest,establishment",restaurant
ChIJUeQ7Z5BNDW0RIW4NmFRmtks,Better Burger Ormiston,-36.9643263,174.91325,"Ormiston Town Centre, Block FJ- 23 240 Ormiston Road, William Ralph Road, Flat Bush, Auckland","restaurant,food,point_of_interest,establishment",restaurant
ChIJtUXBlwVNDW0RfrB7lIFplXY,Journal Cafe,-36.96432720000001,174.913249,"240 Ormiston Road, Flat Bush, Auckland","cafe,store,restaurant,food,point_of_interest,establishment",restaurant
ChIJsbK0u01NDW0Rr34XXhWSSls,Mighty Hotdog Ormiston,-36.96455999999999,174.9131803,"F15, Ormiston Town Centre Food Court 240 Ormiston Road, Flat Bush, Auckland","meal_takeaway,restaurant,food,point_of_interest,establishment",restaurant
ChIJI5G4WlBNDW0Rb7nC-c0aypw,Tran's Kitchen Vietnamese Ormiston,-36.9645644,174.913179,"240 Ormiston Road, Flat Bush, Auckland","restaurant,food,point_of_interest,establishment",restaurant
ChIJ64XGfNdNDW0R0_O-nsHkb-0,Ramen Renggadilao,-36.97410709999999,174.9185353,"1 Arranmore Drive, Flat Bush, Auckland","restaurant,food,point_of_interest,establishment",restaurant
ChIJEZfbMvlNDW0R4R7pfbDb-uQ,Chinese Food Bar,-36.9742833,174.9186184,"5/1 Arranmore Drive, Flat Bush, Auckland","meal_takeaway,restaurant,food,point_of_interest,establishment",restaurant
ChIJVW6FYQBNDW0RYyf6vYNJw5I,Manna Kitchen,-36.9643723,174.9128275,"Shop F21A, Ormiston Town Centre, Flat Bush, Auckland","restaurant,food,point_of_interest,establishment",restaurant
ChIJDX1RuaBNDW0RqQ3wDIbV_Wk,Kokodak Chicken - Ormiston,-36.9644313,174.9126974,"240 Ormiston Road, Flat Bush, Auckland","restaurant,food,point_of_interest,establishment",restaurant
ChIJ75jTaPpNDW0R_WqIq1jENAI,Moo Moo Smokehouse & Grill Ormiston,-36.9642989,174.9126501,"240 Ormiston Road, Flat Bush, Auckland","restaurant,food,point_of_interest,establishment",restaurant
ChIJWWHzpRNNDW0RakYSSmpYz-I,Maru Sushi&Don,-36.9645352,174.9125664,"240 Ormiston Road, Flat Bush, Auckland","restaurant,food,point_of_interest,establishment",restaurant
ChIJ34I22E5NDW0RgzmwmTXcNKY,Zana,-36.964633,174.9125473,"240 Ormiston Road, Flat Bush, Auckland","restaurant,food,point_of_interest,establishment",restaurant
ChIJaWs9-O9NDW0Rb8ZgOgMqEgU,Madras Indian Eatery,-36.964633,174.9125473,"240 Ormiston Road, Flat Bush, Auckland","restaurant,food,point_of_interest,establishment",restaurant
ChIJB8hggBpNDW0RSIjf54B-xLI,Katsubi Ormiston,-36.964633,174.9125473,"240 Ormiston Road, Flat Bush, Auckland","restaurant,food,point_of_interest,establishment",restaurant
ChIJT494N0hNDW0REQwME1N_6wo,Bollywood Indian restaurant Ormiston,-36.9646162,174.9124798,"240 Ormiston Road, Flat Bush, Auckland","restaurant,food,point_of_interest,establishment",restaurant
ChIJx1wb58hNDW0R6G7DfKBx8VM,Ormiston Town Centre Eatery,-36.96446419999999,174.9123662,"Ormiston, Flat Bush, Auckland","restaurant,food,point_of_interest,establishment",restaurant
ChIJb_Xjk4xNDW0RU_JlzPEtrdY,Me & Chef,-36.9644615,174.9123516,"Shop F08 Ormiston Town Centre, Flat Bush, Auckland","restaurant,food,point_of_interest,establishment",restaurant
ChIJW9EFuuFNDW0R7CiNlrL73Sw,St Pierres Sushi + Bento Bowl (Ormiston),-36.9648856,174.9120027,"Ormiston Town Centre Tenancy F77/240 Ormiston Road, Flat Bush, Auckland","restaurant,food,point_of_interest,establishment",restaurant
ChIJR3vlMOxMDW0RAGfHIYfaVIY,Water Drop Vegetarian Cafe,-36.9567451,174.9109807,"16 Stancombe Road, Flat Bush, Auckland","restaurant,food,point_of_interest,establishment",restaurant
ChIJ85lNpPtMDW0RXwox9sR3vK4,New Garden Restaurant 新花園,-36.9667533,174.9058463,"156 Chapel Road, Flat Bush, Auckland","restaurant,food,point_of_interest,establishment",restaurant
ChIJB_l6pftMDW0RKVOjEmlF9rM,Pizza Club - Chapel Road,-36.966603,174.90577,"162 Chapel Road, Flat Bush, Auckland","meal_delivery,meal_takeaway,restaurant,food,point_of_interest,establishment",restaurant
ChIJCV9Fl_tMDW0RKDopYSCJdyY,Magic Chef Takeaway,-36.9669799,174.9056982,"150 Chapel Road, Flat Bush, Auckland","meal_takeaway,restaurant,food,point_of_interest,establishment",restaurant
ChIJqRfcKp1NDW0Rd86aeflCdLQ,Sham Grill - Auckland New Zealand,-36.967261,174.9056722,"138 Chapel Road, Flat Bush, Auckland","restaurant,food,point_of_interest,establishment",restaurant
ChIJOQtu_GtNDW0R1UFdI0-anCo,KATSU-TEI Japanese Katsu Restaurant かつ亭 Ormiston,-36.9648902,174.9138398,"240 Ormiston Road, Flat Bush, Auckland","restaurant,food,point_of_interest,establishment",restaurant
ChIJ7whqYGZpDW0Rwayg6cqOPxw,Waitakere Resort & Spa,-36.92276629999999,174.5635941,"573 Scenic Drive, Waiatarua, Auckland","spa,lodging,restaurant,food,point_of_interest,establishment",restaurant
ChIJEZ5tVjdpDW0RKQY8BeLSVhQ,PARK RESTAURANT,-36.9224902,174.5641482,"573 Scenic Drive, Waiatarua, Auckland","restaurant,lodging,food,point_of_interest,establishment",restaurant
ChIJTWGaOGxCDW0RjKOuZE2bRGk,"The Olive Kitchen and Bar, Titirangi",-36.9441424,174.6203534,"233 Scenic Drive, Titirangi, Auckland","restaurant,cafe,bar,meal_takeaway,food,store,point_of_interest,establishment",restaurant
ChIJZaGHiihCDW0R4qKJL_ivM5s,Roast Away Bakehouse,-36.92203169999999,174.6385989,"108 Glengarry Road, Glen Eden, Auckland","meal_takeaway,restaurant,food,point_of_interest,establishment",restaurant
ChIJS69igTxDDW0RQNHWVmGROOc,Adriatic Food Bar,-36.9214509,174.6397174,"98 Glengarry Road, Glen Eden, Auckland","restaurant,food,point_of_interest,establishment",restaurant
ChIJZwkbtslDDW0RldMjw0xbmfQ,Tobys Restaurant & Bar,-36.94015489999999,174.6554082,"120 Park Road, Titirangi, Auckland","restaurant,food,point_of_interest,establishment",restaurant
ChIJ-wS6lMhDDW0R9GnJQ_wZqXc,Hell Pizza,-36.9379472,174.6572492,"5/402 Titirangi Road, Titirangi, Auckland","meal_delivery,meal_takeaway,restaurant,food,point_of_interest,establishment",restaurant
ChIJRU-M6shDDW0RXWLQ795dzU0,Titirangi Village Kebab,-36.9374344,174.6567828,"423 Titirangi Road, Titirangi, Auckland","restaurant,meal_takeaway,food,point_of_interest,establishment",restaurant
ChIJE4-WNudDDW0R9VE7_yX-sb4,Golden Bridge Takeaways golf road,-36.9265129,174.6703782,"172 Golf Road, Titirangi, Auckland","meal_takeaway,restaurant,food,point_of_interest,establishment",restaurant
ChIJZ5q7IrJDDW0RprRsauuh4EA,The Hardware Cafe,-36.9378683,174.6569231,"404 Titirangi Road, Titirangi, Auckland","cafe,restaurant,food,point_of_interest,establishment",restaurant
ChIJ1T9qOk9GDW0RY8DcIIc3TMU,Stumpy's Pizza,-36.9380873,174.6562182,"490 South Titirangi Rd., The Rise, Titirangi","meal_takeaway,restaurant,food,point_of_interest,establishment",restaurant
ChIJdYpcA8lDDW0Rwda3MW2Hujc,Deco Eatery,-36.938224,174.6553793,"418 Titirangi Road, Titirangi, Auckland","restaurant,cafe,food,point_of_interest,establishment",restaurant
ChIJXe26j9FDDW0RcU0WFb4x1b8,Golden Fork Takeaway,-36.92734689999999,174.6544817,"111 Atkinson Road, Titirangi, Auckland","meal_takeaway,restaurant,food,point_of_interest,establishment",restaurant
ChIJhdped9FDDW0RJKAdsjorFbk,Curry Zone,-36.927312,174.6544702,"109 Atkinson Road, Titirangi, Auckland","meal_takeaway,restaurant,food,point_of_interest,establishment",restaurant
ChIJcWfhkMhDDW0RRbCxHiHBQ9Q,Vevo.,-36.9380308,174.6575724,"400 Titirangi Road, Titirangi, Auckland","cafe,restaurant,food,point_of_interest,establishment",restaurant
ChIJVbus5xRDDW0Rj1HKa6RXDaQ,Ambrosia Bar and Restaurant Titirangi,-36.9377937,174.6575709,"400 Titirangi Road, Titirangi, Auckland","restaurant,food,point_of_interest,establishment",restaurant
ChIJg-B6vshDDW0RlK53hIgDi74,iTi,-36.93757329999999,174.6573625,"421 Titirangi Road, Titirangi, Auckland","restaurant,bar,food,point_of_interest,establishment",restaurant
ChIJqR-alMhDDW0RjjS6d3poKOg,Southern Fried Chicken,-36.9378727,174.6571696,"402 Titirangi Road, Titirangi, Auckland","meal_takeaway,restaurant,food,point_of_interest,establishment",restaurant
ChIJ-wS6lMhDDW0RjAgZoqgSKtc,Titirangi Takeaways,-36.93787400000001,174.657155,"402 Titirangi Road, Titirangi, Auckland","meal_takeaway,restaurant,food,point_of_interest,establishment",restaurant
ChIJo0XjvBdDDW0Rl5iNunc3dd4,Soul Batter-Fish & Chips,-36.9376119,174.6570128,"1/421A Titirangi Road, Titirangi, Auckland","meal_takeaway,restaurant,food,point_of_interest,establishment",restaurant
ChIJXTEJopVDDW0Rmm3Vqkhno_A,Titirangi Indian Kitchen - Indian Restaurant,-36.937344,174.6569087,"2/421b Titirangi Road, Titirangi, Auckland","meal_takeaway,restaurant,food,point_of_interest,establishment",restaurant
ChIJy2bKHMlDDW0R5Rq2gb3fvdY,Soy & Ginger (Titirangi),-36.937883,174.656434,"416 Titirangi Road, Titirangi, Auckland","restaurant,food,point_of_interest,establishment",restaurant
ChIJv7cm-3dDDW0Rr7oEcbUATnw,Sam’s kebab and cuisine,-36.9379998,174.6561441,"414 Titirangi Road, Titirangi, Auckland","restaurant,food,point_of_interest,establishment",restaurant
ChIJSa83_ZdDDW0RTliXJ-AU0JU,Loco Bro's Taqueria - Titirangi,-36.9379748,174.6561377,"Shop 3/490 South Titirangi Road, Titirangi, Auckland","restaurant,food,point_of_interest,establishment",restaurant
ChIJT9irWFg_DW0RSzBSsACayxU,Jo Bros Burgers - Titirangi,-36.9379748,174.6561377,"Shop 4/490 South Titirangi Road, Titirangi, Auckland","restaurant,food,point_of_interest,establishment",restaurant
ChIJxygOuslDDW0RYxb1tDVaCeE,Stripe Cafe,-36.939734,174.6550674,"521 South Titirangi Road, Titirangi, Auckland","cafe,restaurant,food,point_of_interest,establishment",restaurant
ChIJAR7kgdVDDW0RWZYJsow3cgs,Titirangi Roast,-36.94015489999999,174.6554082,"120 Park Road, Titirangi, Auckland","meal_takeaway,restaurant,food,point_of_interest,establishment",restaurant
ChIJVwz-uPpDDW0Rp2q3lWq_tOE,Green Bay Takeaways,-36.9305353,174.6800894,"56B Godley Road, Green Bay, Auckland","meal_takeaway,restaurant,food,point_of_interest,establishment",restaurant
ChIJEZLbaB1EDW0RkgRlvvReD6g,King of Kings Chinese Takeaways,-36.92297499999999,174.7017639,"548 Blockhouse Bay Road, Blockhouse Bay, Auckland","meal_takeaway,restaurant,food,point_of_interest,establishment",restaurant
ChIJSzfzHx1EDW0Rg2ErA2fr8nk,Mt Everest Kitchen,-36.9246233,174.701659,"571 Blockhouse Bay Road, Blockhouse, Auckland","restaurant,food,point_of_interest,establishment",restaurant
ChIJMVkfFR1EDW0RlWKzC7LVJG4,Mai Sushi,-36.92343990000001,174.7015514,"523 Blockhouse Bay Road, Blockhouse Bay, Auckland","meal_takeaway,meal_delivery,restaurant,food,point_of_interest,establishment",restaurant
ChIJv7Rnm_lDDW0RsTjgnsT07mY,South Vietnamese Takeaways,-36.929805,174.6852644,"2 Bishop Street, Green Bay, Auckland","restaurant,food,point_of_interest,establishment",restaurant
ChIJI5mPx_pDDW0RewD05-jNAzs,Bishop Fish and Chips,-36.9298127,174.6852435,"2 Bishop Street, Green Bay, Auckland","restaurant,food,point_of_interest,establishment",restaurant
ChIJJ3v-EEtBDW0REZ-oQ825wnw,Sweet Azz Hawaiian BBQ,-36.9255094,174.6950693,"23 Armagh Road, Blockhouse Bay, Auckland","meal_takeaway,restaurant,food,point_of_interest,establishment",restaurant
ChIJbX_RhEBDDW0R_M79Atdrskc,Baywok,-36.9294909,174.685312,"1/16 Godley Road, Green Bay, Auckland","meal_takeaway,restaurant,food,point_of_interest,establishment",restaurant
ChIJ0UvVRUxFDW0RUgv-IfkRmZ4,Suburb’s Kitchen,-36.9239621,174.6907706,"130 Portage Road, New Lynn, Auckland","restaurant,food,point_of_interest,establishment",restaurant
ChIJOzGlPFxFDW0ROP7pvEhYn2s,Ricksha Indian Fusion Restaurant & Bar,-36.9235651,174.7018588,"568 Blockhouse Bay Road, Blockhouse Bay, Auckland","restaurant,food,point_of_interest,establishment",restaurant
ChIJH-V6Ex1EDW0RBUYA8kgODsI,Blockhouse Bay Fisheries,-36.9232098,174.7017433,"556 Blockhouse Bay Road, Blockhouse Bay, Auckland","restaurant,food,point_of_interest,establishment",restaurant
ChIJ5-FAaR1EDW0RaoZwtDDBUws,Chill Out Thai @ Bay Takeaway & Delivery,-36.9230883,174.7017739,"552 Blockhouse Bay Road, Blockhouse Bay, Auckland","meal_takeaway,restaurant,food,point_of_interest,establishment",restaurant
ChIJaQtObx1EDW0RXiTafT9NJvY,Best Chicken / Best Sushi Blockhouse bay (Korean Fried Chicken & Japanese Food),-36.9230239,174.7017655,"550 Blockhouse Bay Road, Blockhouse Bay, Auckland","meal_takeaway,restaurant,food,point_of_interest,establishment",restaurant
ChIJyUBJ8qdGDW0RWhVzKJKKB94,Bay's Kebab & Coffee,-36.9224656,174.7016005,"532 Blockhouse Bay Road, Blockhouse Bay, Auckland","restaurant,food,point_of_interest,establishment",restaurant
ChIJ3zx1RyhEDW0RdcahwlitioI,KFC,-36.924359,174.7224574,"570 Hillsborough Road, Lynfield, Auckland","meal_takeaway,restaurant,food,point_of_interest,establishment",restaurant
ChIJtecdaihEDW0RlLKoJn9wfkE,Chilli Bar & Cafe,-36.9258726,174.7227564,"8A/570 Hillsborough Road, Mount Roskill, Auckland","cafe,bar,restaurant,food,point_of_interest,establishment",restaurant
ChIJH-6g2X5GDW0R8ahIv2ZK_mc,Domino's Pizza Mount Roskill,-36.920729,174.7358746,"1249 Dominion Road Extension, Mount Roskill, Auckland","meal_takeaway,meal_delivery,restaurant,food,point_of_interest,establishment",restaurant
ChIJkQV-Xp1GDW0R-G-DL_mFTKs,MELBA Hillsborough,-36.9227035,174.7200263,"1/602 Hillsborough Road, Mount Roskill, Auckland","cafe,restaurant,food,point_of_interest,establishment",restaurant
ChIJZ0pTPihEDW0RBZBngKvVYuU,Curry O’ City Indian Restaurant & Bar,-36.92467600000001,174.722239,"574 B Hillsborough Road, Lynfield, Auckland","meal_delivery,restaurant,food,point_of_interest,establishment",restaurant
ChIJUY6byCVEDW0RdJn6K8UM2T0,Subway,-36.926133,174.7229022,"3/570 Hillsborough Road, Lynfield, Auckland","restaurant,food,point_of_interest,establishment",restaurant
ChIJk4EBMR5TDW0R1WantRMVZqo,HotShott Chicken,-36.9304157,174.7377236,"435 Hillsborough Road, Mount Roskill, Auckland","meal_takeaway,restaurant,food,point_of_interest,establishment",restaurant
ChIJb6wBo6RFDW0RdCtY3d5_Z5g,Waikowhai Kebab,-36.93041949999999,174.7378108,"435 Hillsborough Road, Hillsborough, Auckland","restaurant,food,point_of_interest,establishment",restaurant
ChIJXXucAKFFDW0RO84tVHmnTcA,Taj flavors,-36.9302754,174.7385533,"421 Hillsborough Road, Hillsborough, Auckland","meal_takeaway,restaurant,food,point_of_interest,establishment",restaurant
ChIJP6XxUwBFDW0R3-OuFRg50sc,McDonald's Lynfield,-36.9263142,174.724548,"516/518 Hillsborough Road, Mount Roskill, Auckland","restaurant,food,point_of_interest,establishment",restaurant
ChIJvwJL1NVFDW0Rt5c9gixLOLQ,Hui Kee Kitchen,-36.9261329,174.7366022,"49 Glass Road, Mount Roskill, Auckland","meal_takeaway,restaurant,food,point_of_interest,establishment",restaurant
ChIJ3zx1RyhEDW0RgSjPaq7pXbg,Wendy's Hamburgers,-36.924763,174.722825,"570 Hillsborough Road, Lynfield, Auckland","restaurant,food,point_of_interest,establishment",restaurant
ChIJN8TguadFDW0RgeERTuaswek,Roast Cuisine Lynfield,-36.9258726,174.7227564,"570 Hillsborough Road, Mount Roskill, Auckland","restaurant,food,point_of_interest,establishment",restaurant
ChIJWfjA9ihEDW0RUOCTCtm69po,Sushi Zen,-36.9258274,174.7227233,"Shop4/570 Hillsborough Road, Lynfield, Auckland","restaurant,food,point_of_interest,establishment",restaurant
ChIJtZz3aShEDW0Ro7JivOEEdIs,Dicey Reillys Pub and Eatery,-36.9252489,174.722398,"570 Hillsborough Road, Mount Roskill, Auckland","bar,restaurant,food,point_of_interest,establishment",restaurant
ChIJjXYGaihEDW0Rx-1y7hoGu-k,Pizza Hut Lynfield,-36.9247397,174.7223436,"570 Hillsborough Road, Lynfield, Auckland","meal_takeaway,meal_delivery,restaurant,food,point_of_interest,establishment",restaurant
ChIJxTzyZV1HDW0RlnogUtMavZs,IQR Businesses,-36.9226669,174.7336968,"1281C Dominion Road Extension, Mount Roskill, Auckland","restaurant,food,point_of_interest,establishment",restaurant
ChIJmSFLk3tHDW0RzJF4Q6-fSow,KJo's Kitchen,-36.9214891,174.7320348,"Anita Avenue, Mount Roskill, Auckland","meal_takeaway,restaurant,food,point_of_interest,establishment",restaurant
ChIJ8ftIMndHDW0Rb5U3etkHP7k,ChickHEN Republic Mount Roskill,-36.9227718,174.7201152,"2/602 Hillsborough Road, Mount Roskill, Auckland","restaurant,food,point_of_interest,establishment",restaurant
ChIJ5UxLCthFDW0RxKqMLVrZ0fc,Fine Food Takeaway,-36.9241371,174.7432098,"4 McKinnon Street, Mount Roskill, South","meal_takeaway,restaurant,food,point_of_interest,establishment",restaurant
ChIJp0jM2H5GDW0RXta7GgigjZE,Sensational Chicken & NZ Kebabs (Mt Roskill),-36.9208662,174.7358127,"1253 Dominion Road, Mount Roskill, Auckland","meal_takeaway,restaurant,food,store,point_of_interest,establishment",restaurant
ChIJVSXi3H5GDW0RW5Tm3NGBw1U,Hong Won Takeaway,-36.92065600000001,174.7358921,"1247 Dominion Road, Mount Roskill, Auckland","meal_takeaway,restaurant,food,point_of_interest,establishment",restaurant
ChIJiVSa2X5GDW0R86jQtzZWElY,Lucky Dragon Takeaway,-36.92065600000001,174.7358921,"1247 Dominion Road, Mount Roskill, Auckland","restaurant,food,point_of_interest,establishment",restaurant
ChIJEVHOsQtGDW0RTEOp1p_T5nU,Sushi Plus,-36.9214801,174.755655,"182A Hillsborough Road, Hillsborough, Auckland","restaurant,food,point_of_interest,establishment",restaurant
ChIJgRJjYl5PDW0RBAJDrkM31aI,Diamond Horse Takeaways,-36.9443057,174.7776906,"12 Wallace Road, Māngere Bridge, Auckland","meal_takeaway,restaurant,food,point_of_interest,establishment",restaurant
ChIJl24AawdGDW0R-jcdSPTlRVk,Kenndesign,-36.9238141,174.7666275,"Hillsborough, Auckland","restaurant,food,point_of_interest,establishment",restaurant
ChIJ7cEqH_JHDW0RSal-jOAY6GA,Addaa Indian Cuisine,-36.923792,174.7666895,"92 Frederick Street, Hillsborough, Auckland","meal_takeaway,restaurant,food,point_of_interest,establishment",restaurant
ChIJnyAM1lRHDW0RNgrDBX4R7vE,TIKKA n CURRY,-36.923792,174.7666895,"92 Frederick Street, Hillsborough, Auckland","restaurant,food,point_of_interest,establishment",restaurant
ChIJ7S0d9rJIDW0RLn-XAV0CWQw,Luscious Cafe & Catering,-36.92336390000001,174.7856,"165 Onehunga Mall, Onehunga, Auckland","cafe,bakery,store,restaurant,food,point_of_interest,establishment",restaurant
ChIJR0AHcURPDW0R_jtzwvNigZk,Neptune Seafoods,-36.9415514,174.787289,"23 Coronation Road, Māngere Bridge, Auckland","meal_takeaway,restaurant,food,point_of_interest,establishment",restaurant
ChIJgx-NU0RPDW0RikWPiz2jQyE,Best Baits,-36.9394182,174.786735,"1 Coronation Road, Māngere Bridge, Auckland","meal_takeaway,restaurant,food,point_of_interest,establishment",restaurant
ChIJ1888e0RPDW0RrnBqkfJ7nYw,Coronation Restaurant & Cafe,-36.941389,174.7868277,"28A Coronation Road, Māngere Bridge, Auckland","restaurant,food,point_of_interest,establishment",restaurant
ChIJNw1meURPDW0RsB3UJ4cGJV4,Ruby Red,-36.9416072,174.786877,"30 Coronation Road, Māngere Bridge, Auckland","cafe,restaurant,food,point_of_interest,establishment",restaurant
ChIJm0tLpsxIDW0Riisw-aEWmwk,Epic Beer,-36.92554819999999,174.7997737,"230B Neilson Street, Onehunga, Auckland","bar,restaurant,food,point_of_interest,establishment",restaurant
ChIJiY9aPNFFDW0Rql_ffAJPu-c,Sim's Kitchen,-36.9239894,174.7926344,"1/59 Victoria Street, Onehunga, Auckland","restaurant,food,point_of_interest,establishment",restaurant
ChIJw80ov9JIDW0R0YN6tsxUdeU,Subway,-36.9257274,174.8058986,"2 Angle Street, Onehunga, Auckland","restaurant,food,point_of_interest,establishment",restaurant
ChIJ9WlstrJIDW0R-rsSO8g3W_g,The Good Home Onehunga,-36.9254219,174.7849862,"55 Princes Street, Onehunga, Auckland","restaurant,food,point_of_interest,establishment",restaurant
ChIJ57ii3LJIDW0RgkQfOKBUNFM,Chang Gaow Thai Restaurant,-36.9248088,174.7858443,"123 Onehunga Mall, Onehunga, Auckland","restaurant,food,point_of_interest,establishment",restaurant
ChIJdQXR5a1IDW0RZPFzOIhXo34,Subway,-36.92159719999999,174.7868408,"518/151 Arthur Street, Onehunga, Auckland","restaurant,food,point_of_interest,establishment",restaurant
ChIJt6z3101PDW0R1uaoj1SJkvI,The Landing Restaurant & Bar,-36.93126199999999,174.7852466,"2 Onehunga Harbour Road, Onehunga, Auckland","restaurant,bar,food,point_of_interest,establishment",restaurant
ChIJz7jrQrJIDW0RJ1HpSaf0-yM,Sushi-Ko,-36.9223979,174.7851369,"186 Onehunga Mall, Onehunga, Auckland","restaurant,food,point_of_interest,establishment",restaurant
ChIJcfqPcz9PDW0R0jDRbMthXI0,Sushi Eden,-36.9447337,174.7955363,"51b Hastie Avenue, Māngere Bridge, Auckland","restaurant,food,point_of_interest,establishment",restaurant
ChIJZdjgk9xPDW0R9biW4-BPYTg,Village Fishery,-36.9394305,174.7867482,"1 Coronation Road, Māngere Bridge, Auckland","restaurant,food,point_of_interest,establishment",restaurant
ChIJLzL4JeNPDW0R1Hi-UNd_Kgg,Brandy's Roast,-36.9414212,174.7872438,"21 Coronation Road, Māngere Bridge, Auckland","meal_takeaway,restaurant,food,point_of_interest,establishment",restaurant
ChIJVwxNcERPDW0RZXsmm-Pcles,Hongkong Takeaway,-36.94142399999999,174.787243,"21c Coronation Road, Māngere Bridge, Auckland","meal_takeaway,restaurant,food,point_of_interest,establishment",restaurant
ChIJN3jQwIRPDW0RcKLYR7PkdnE,Sweet Desserts,-36.9418999,174.7873935,"27 Coronation Road, Māngere Bridge, Auckland","bakery,store,restaurant,food,point_of_interest,establishment",restaurant
ChIJCWxzGgBPDW0RYh7exHZryx8,Pasta in a box,-36.9418561,174.7873574,"27 Coronation Road, Māngere Bridge, Auckland","restaurant,food,point_of_interest,establishment",restaurant
ChIJVSqudURPDW0Rdpn8uO1ZSds,Black Box Pizza - Mangere Bridge,-36.9418556,174.787334,"27 Coronation Road, Māngere Bridge, Auckland","meal_takeaway,restaurant,food,point_of_interest,establishment",restaurant
ChIJldq9xytPDW0RBK0_UaA2H70,Butter Chicken Factory Mangere Bridge,-36.9419856,174.7873734,"27 Coronation Road, Māngere Bridge, Auckland","meal_takeaway,restaurant,food,point_of_interest,establishment",restaurant
ChIJt9RxikNPDW0RkmAwkLkR89I,Happy Horse Takeaways,-36.9420787,174.7873561,"29 Coronation Road, Māngere Bridge, Auckland","meal_takeaway,restaurant,food,point_of_interest,establishment",restaurant
ChIJAeHyv8dPDW0RTzduIUscanc,Burger & Green,-36.9413878,174.7868274,"28 Coronation Road, Māngere Bridge, Auckland","restaurant,food,point_of_interest,establishment",restaurant
ChIJn6-mfERPDW0RDPJ7Yz0Qmlk,Lucky Cafe,-36.9415197,174.7868703,"24 Coronation Road, Māngere Bridge, Auckland","cafe,restaurant,food,point_of_interest,establishment",restaurant
ChIJ-SyGeURPDW0RQg6wlZtbe6A,Phnom Penh Restaurant & Cafe Mangere Bridge,-36.941668,174.7869095,"30 Coronation Road, Māngere Bridge, Auckland","restaurant,food,point_of_interest,establishment",restaurant
ChIJg96GY0RPDW0RN7MTbp83JDM,Mangere Bridge Takeaways,-36.942754,174.7869556,"44 Coronation Road, Māngere Bridge, Auckland","meal_takeaway,restaurant,food,point_of_interest,establishment",restaurant
ChIJp-v0kVNPDW0RGnIsIMo-Z7U,The Gaff Cafe & Eatery,-36.9447682,174.7876893,"64 Coronation Road, Māngere Bridge, Auckland","restaurant,food,point_of_interest,establishment",restaurant
ChIJj9-ALLVIDW0RNMXTx8OEt-4,The Food Shop,-36.9259736,174.7919418,"144 Neilson Street, Onehunga, Auckland","restaurant,food,point_of_interest,establishment",restaurant
ChIJTYQW9bRIDW0RqrP9ohkfULQ,Da Laughing Buddha,-36.92348339999999,174.7902127,"17 Spring Street, Onehunga, Auckland","restaurant,food,point_of_interest,establishment",restaurant
ChIJpwqiptJIDW0RMtIsU9hhxqM,Pita House,-36.92581260000001,174.8049447,"277 Neilson Street, Onehunga, Auckland","restaurant,meal_takeaway,food,point_of_interest,establishment",restaurant
ChIJldtB8cxIDW0Rta4w8-p-3tU,Bistro Box.,-36.924269,174.8011254,"Onehunga, Auckland","restaurant,food,point_of_interest,establishment",restaurant
ChIJy0uGte5JDW0Rfg4hVN7gotM,Time Out Lunch Bar,-36.92594829999999,174.8057996,"4 Angle Street, Onehunga, Auckland","restaurant,food,point_of_interest,establishment",restaurant
ChIJkXkx-mZPDW0RHcp19dJiSlA,St Pierres Sushi & Bento Bowl (Onehunga),-36.9268996,174.7845244,"8-10 Ororke Street Corner of Neilson St &, Ororke Street, Onehunga, Auckland","meal_takeaway,restaurant,food,point_of_interest,establishment",restaurant
ChIJFfZL3NJIDW0Rb6lSQgBzvjU,ONEHUNGA CLASSIC BAKERY & CAFE,-36.9256232,174.8071017,"305A Neilson Street, Onehunga, Auckland","restaurant,food,point_of_interest,establishment",restaurant
ChIJmSSPD6FJDW0RtKJc5ud-fhY,Tukemata Bistro and Catering,-36.9253747,174.7851988,"57 Princes Street, Onehunga, Auckland","restaurant,food,point_of_interest,establishment",restaurant
ChIJ1TfdaSRJDW0R1D15f3yynU4,Happy BBQ Kitchen,-36.924953,174.7858227,"115 Onehunga Mall, Onehunga, Auckland","restaurant,food,point_of_interest,establishment",restaurant
ChIJLVcU27JIDW0RpiNQzQDWLAc,Happy BBQ Kitchen,-36.924953,174.7858227,"115 Onehunga Mall, Onehunga, Auckland","restaurant,food,point_of_interest,establishment",restaurant
ChIJuQe2hslJDW0RLd8ZXhTLJmE,The Rusty Morris Bar & Eatery,-36.9249719,174.7854772,"The Rusty Morris 120 Onehunga Mall, Onehunga, Auckland","restaurant,food,point_of_interest,establishment",restaurant
ChIJd8W7Xh9PDW0RQMCn3q8XRqo,Good Luck Sea Takeways Fish And Chips,-36.9486779,174.8108926,"Forbes Road, Favona, Auckland","restaurant,food,point_of_interest,establishment",restaurant
ChIJLfNu5rJIDW0R_hY2QEZAHbM,Ichiban Dimsum Takeaway,-36.9242706,174.7856458,"143 Onehunga Mall, Onehunga, Auckland","meal_takeaway,restaurant,food,point_of_interest,establishment",restaurant
ChIJXclFVUFJDW0R1gBG46l8oSo,wenji kitchen,-36.9242382,174.7856487,"143A Onehunga Mall, Onehunga, Auckland","meal_takeaway,restaurant,food,point_of_interest,establishment",restaurant
ChIJAbAWNbRIDW0R629terSBeH4,Saltwater Burger Bar,-36.9222964,174.791367,"156 Church Street, Onehunga, Auckland","restaurant,food,point_of_interest,establishment",restaurant
ChIJD2V1DrRJDW0R1USMZUl8wbE,Delicious Korean Chicken,-36.9217677,174.7995825,"233A Church Street, Onehunga, Auckland","meal_takeaway,restaurant,food,point_of_interest,establishment",restaurant
ChIJ8ZBrBcxIDW0RDZ-gHOKALVA,Sushi One,-36.9217199,174.7999853,"241 Church Street, Onehunga, Auckland","restaurant,food,point_of_interest,establishment",restaurant
ChIJfxFO2M1IDW0R2YdL5UoPWTU,CMA Big Momma's Kitchen,-36.9223389,174.8030748,"273 Church Street, Onehunga, Auckland","restaurant,food,point_of_interest,establishment",restaurant
ChIJwZSp9bJIDW0RxKQCmWKJONE,Cafe Tran Onehunga,-36.9233037,174.7853015,"170 Onehunga Mall, Onehunga, Auckland","cafe,meal_takeaway,restaurant,food,point_of_interest,establishment",restaurant
ChIJC2h19bJIDW0RKze_-dXCcqI,Bakehaven Cafe,-36.9232905,174.7852727,"172 Onehunga Mall, Onehunga, Auckland","cafe,restaurant,food,point_of_interest,establishment",restaurant
ChIJ01Jm781IDW0RBXrT8gEyaC0,Daruma Food,-36.9219823,174.8038104,"5 Patrick Street, Onehunga, Auckland","meal_takeaway,restaurant,food,point_of_interest,establishment",restaurant
ChIJB5EtirJIDW0R0ghrWXDnxNA,Rainbow Takeaway,-36.9232786,174.7847893,"6 Upper Municipal Place, Onehunga, Auckland","meal_takeaway,restaurant,food,point_of_interest,establishment",restaurant
ChIJtTLQWutJDW0RC8LGVewvww4,Good Dog Bad Dog Onehunga,-36.923069,174.785216,"178-182 Onehunga Mall, Onehunga, Auckland","restaurant,food,point_of_interest,establishment",restaurant
ChIJPwBpHwBJDW0R1vlKN-L12ak,Manania seafood,-36.9230156,174.7852896,"Onehunga, Auckland","restaurant,food,point_of_interest,establishment",restaurant
ChIJmSUeXLJIDW0RMPGzLAND0Pw,King Prawn Seafoods,-36.9230001,174.7852683,"Onehunga, Auckland","restaurant,food,point_of_interest,establishment",restaurant
ChIJ52lqgYVJDW0RQdwQ3tZ8NMk,SLABS,-36.92307849999999,174.7850965,"178/182 Onehunga Mall, Onehunga, Auckland","restaurant,food,point_of_interest,establishment",restaurant
ChIJZZ83DQBJDW0RMc8mZCPchLc,VANIYÉ Patisserie - Onehunga,-36.9238292,174.7829861,"2/15 Fleming Street, Onehunga, Auckland","cafe,bakery,store,restaurant,food,point_of_interest,establishment",restaurant
ChIJqw7Ch5ZJDW0R1DIwYig2YUA,Self-ordering Kiosk nz,-36.9211109,174.8028062,"270 Church Street, Onehunga, Auckland","finance,store,restaurant,food,point_of_interest,establishment",restaurant
ChIJFR70QrJIDW0RS9ZaYGl_1FY,Onehunga Roasts,-36.922337,174.7851504,"188 Onehunga Mall, Onehunga, Auckland","restaurant,food,point_of_interest,establishment",restaurant
ChIJx-Ajb7lODW0RbM7NONJrtBs,Secret Thai Garden,-36.9426149,174.8404262,"25 Station Road, Ōtāhuhu, Auckland","restaurant,food,point_of_interest,establishment",restaurant
ChIJTwiOSLpODW0RL_zA03-b2qs,Samwoo Vietnamese Cafe,-36.9411191,174.8426614,"15 Princes Street, Ōtāhuhu, Auckland","restaurant,food,point_of_interest,establishment",restaurant
ChIJXUKdV7pODW0RYrOMMNI1Stg,Try It Out Restaurant,-36.9411491,174.8435214,"79 Atkinson Avenue, Ōtāhuhu, Auckland","restaurant,food,point_of_interest,establishment",restaurant
ChIJ379I_rpODW0R_cXTXUhZSHE,Vietnam Cafe,-36.9416951,174.844436,"38 Atkinson Avenue, Ōtāhuhu, Auckland","restaurant,food,point_of_interest,establishment",restaurant
ChIJ05VMcbtODW0RuAxymrzWoU0,McDonald's Otahuhu,-36.9435844,174.8440857,"121 Atkinson Avenue, Ōtāhuhu, Auckland","restaurant,food,point_of_interest,establishment",restaurant
ChIJp7nZl7xODW0RRMb1MgK8WRE,Pinati's Keke Pua'a,-36.94571240000001,174.843724,"19 A Queen Street, Ōtāhuhu, Auckland","restaurant,food,point_of_interest,establishment",restaurant
ChIJ0ZJMYWVJDW0RFhqXZf2uHRA,Wendy's Hamburgers,-36.9268543,174.8417054,"517 Mount Wellington Highway, Mount Wellington, Auckland","restaurant,food,point_of_interest,establishment",restaurant
ChIJe7Wt5LtODW0RfSEJRoeGHYI,Chandu's Corner,-36.94381519999999,174.8416444,"Food City, 15 Mason Avenue, Ōtāhuhu, Auckland","restaurant,food,point_of_interest,establishment",restaurant
ChIJp7nZl7xODW0RuN6CzNuekZ8,Halal Tasty Foods Ltd,-36.94202559999999,174.841438,"283 Great South Road, Ōtāhuhu, Auckland","meal_takeaway,restaurant,food,point_of_interest,establishment",restaurant
ChIJdeWoTb9ODW0R_LZShw-R3cE,Tai-Pan Seafoods,-36.9443457,174.8367214,"78 Huia Road, Ōtāhuhu, Auckland","restaurant,food,point_of_interest,establishment",restaurant
ChIJESAvhblODW0RSGrbBhphqtg,Pita Pit Otahuhu,-36.9410838,174.8402293,"225 Great South Road, Ōtāhuhu, Auckland","restaurant,food,point_of_interest,establishment",restaurant
ChIJTz7uLLpODW0RgH1tNZRxk7c,Chok Chai Thai Restaurant,-36.9415744,174.8415868,"224 Great South Road, Ōtāhuhu, Auckland","restaurant,food,point_of_interest,establishment",restaurant
ChIJ65Gn2btODW0R9v0zqG83fVU,Fiji Curry House,-36.9425031,174.8413776,"14 Station Road, Ōtāhuhu, Auckland","restaurant,meal_takeaway,food,point_of_interest,establishment",restaurant
ChIJwRKPv0xJDW0R-Lx8ELITgZo,Kreem cafe Mt Wellington,-36.927447,174.8428035,"570 Mount Wellington Highway, Mount Wellington, Auckland","cafe,restaurant,food,point_of_interest,establishment",restaurant
ChIJjYrLm7tODW0RnDn6gG6QZwU,KFC,-36.9458674,174.8457369,"400 Great South Road, Ōtāhuhu, Auckland","meal_takeaway,restaurant,food,point_of_interest,establishment",restaurant
ChIJW6FBv7tODW0RHuSAEtXfgg0,Double Happy Barbecue Shop,-36.9428107,174.8425979,"278 Great South Road, Ōtāhuhu, Auckland","meal_takeaway,restaurant,food,point_of_interest,establishment",restaurant
ChIJsecGFbNODW0RPV6HauKEtSs,Food King Takeaway,-36.929507,174.8419918,"627 Mount Wellington Highway, Mount Wellington, Auckland","meal_takeaway,restaurant,food,point_of_interest,establishment",restaurant
ChIJScoiXbtODW0RGlXDzXojl8M,Nice Food Centre,-36.94397,174.8449284,"70 Atkinson Avenue, Ōtāhuhu, Auckland","meal_takeaway,restaurant,food,point_of_interest,establishment",restaurant
ChIJy7WlCbtODW0RKPgIx59zj_g,The Otahuhu Club Inc,-36.9452056,174.8439331,"Victoria Arcade, Level 1/, 435 Great South Road, Ōtāhuhu, Auckland","casino,bar,restaurant,food,point_of_interest,establishment",restaurant
ChIJ6esPvrtODW0R2m2f_w3h-ck,Otahuhu Fisheries,-36.9430439,174.8427593,"292 Great South Road, Ōtāhuhu, Auckland","restaurant,food,point_of_interest,establishment",restaurant
ChIJHwtxf4dJDW0R-wptJJkUQ_0,Domino's Pizza Otahuhu NZ,-36.9434263,174.8447572,"62E Atkinson Avenue, Ōtāhuhu, Auckland","meal_delivery,meal_takeaway,restaurant,food,point_of_interest,establishment",restaurant
ChIJUaeFa7tODW0RXGGl6HuC454,Chaska Indian Restaurant Otahuhu,-36.94337629999999,174.8447685,"62 Atkinson Avenue, Ōtāhuhu, Auckland","meal_delivery,meal_takeaway,restaurant,food,point_of_interest,establishment",restaurant
ChIJiRotCLhODW0R5jg4jVfNejQ,GWF,-36.9396551,174.8360617,"73-105 Great South Road, Ōtāhuhu, Auckland","restaurant,food,point_of_interest,establishment",restaurant
ChIJoZvlYnBPDW0RWQCoemkfo9I,The Food Hut,-36.9423676,174.8341765,"26 Saleyards Road, Ōtāhuhu, Auckland","restaurant,meal_takeaway,food,point_of_interest,establishment",restaurant
ChIJGUPaij1PDW0RO0xYEw-3-RE,Country Fried Chicken Otahuhu,-36.94248679999999,174.8342781,"26A Saleyards Road, Ōtāhuhu, Auckland","meal_takeaway,restaurant,food,point_of_interest,establishment",restaurant
ChIJf0qrmY1PDW0RPQNSn2_a2tI,Spice fusion /restaurant catering/venue hire,-36.94248679999999,174.8342781,"26A Saleyards Road, Ōtāhuhu, Auckland","restaurant,food,point_of_interest,establishment",restaurant
ChIJh_UaOLZODW0R7gKcbRAma04,Portage Food and Coffee,-36.9354367,174.8368919,"71 Portage Road, Ōtāhuhu, Auckland","cafe,store,restaurant,food,point_of_interest,establishment",restaurant
ChIJq5GtPhxPDW0RifWCpZMEPtc,Khana Khazana,-36.9373153,174.8375435,"32 Great South Road, Ōtāhuhu, Auckland","meal_takeaway,restaurant,food,point_of_interest,establishment",restaurant
ChIJCa_tcABPDW0Ra1TG_Df-CTw,Fried Chicken Zone,-36.9354691,174.8370764,"71 Portage Road, Ōtāhuhu, Auckland","restaurant,food,point_of_interest,establishment",restaurant
ChIJ6xjA9bhODW0RV71F8kfEFGM,Ivans Lunch Bar,-36.9416033,174.8374922,"30 Huia Road, Ōtāhuhu, Auckland","cafe,restaurant,food,point_of_interest,establishment",restaurant
ChIJe1kltrxODW0Rgd-PLwFn4c0,Wolfgramm & Sons Group Ltd,-36.9412416,174.8383633,"20A Huia Road, Ōtāhuhu, Auckland","night_club,hair_care,real_estate_agency,car_repair,lodging,restaurant,food,general_contractor,health,point_of_interest,establishment",restaurant
ChIJ2Wb7SkFPDW0RR_Gt7NNrLe0,Panda 6,-36.9446927,174.8364443,"119 Station Road, Ōtāhuhu, Auckland","meal_takeaway,restaurant,food,point_of_interest,establishment",restaurant
ChIJ0W-pnLlODW0RkFk9ffNgtY0,Eight Roses Buffet Restaurant,-36.9409138,174.8400669,"13/225 Great South Road, Ōtāhuhu, Auckland","restaurant,meal_takeaway,food,point_of_interest,establishment",restaurant
ChIJl2mFEABPDW0Rt2jp1rvGs94,Kebab shack,-36.9411859,174.8401235,"7/225 Great South Road, Ōtāhuhu, Auckland","meal_takeaway,restaurant,food,point_of_interest,establishment",restaurant
ChIJe-bsnrlODW0RoP6r6TzXQZU,Robbers Burger,-36.94109769999999,174.8402265,"217/225 Great South Road, Ōtāhuhu, Auckland","meal_takeaway,restaurant,food,point_of_interest,establishment",restaurant
ChIJ0W-pnLlODW0RB38cGqQELCY,Wasabi & Sushi,-36.9410921,174.8403077,"NZ, 225 Great South Road, Ōtāhuhu, Auckland","restaurant,food,point_of_interest,establishment",restaurant
ChIJvUCJLLpODW0Rn5WiHsYr6vk,Maharaja Dine In Takeaway,-36.9415725,174.8414449,"222 Great South Road, Ōtāhuhu, Auckland","meal_takeaway,restaurant,food,point_of_interest,establishment",restaurant
ChIJQbqz74FPDW0RJy1RTDAldFg,Otahuhu Butter Chicken Centre,-36.9419445,174.8413567,"277 Great South Road, Ōtāhuhu, Auckland","restaurant,food,point_of_interest,establishment",restaurant
ChIJD5PDDt9PDW0RBRU_F7Q_4vw,Rolling Chopstick,-36.9416658,174.8416022,"228 Great South Road, Ōtāhuhu, Auckland","restaurant,food,point_of_interest,establishment",restaurant
ChIJ6Y5i7-RPDW0RUmtm2mJ6KLk,Polynesian Taste,-36.9420737,174.8414867,"285 Great South Road, Ōtāhuhu, Auckland","restaurant,food,point_of_interest,establishment",restaurant
ChIJG617RgBPDW0R-0-Pv99y0g4,Pirates kebabs,-36.9424424,174.8414684,"10 Station Road, Ōtāhuhu, Auckland","restaurant,food,point_of_interest,establishment",restaurant
ChIJE9O59zVPDW0RNf4iEXFk8Ao,Best Halal Takeaways,-36.9424424,174.8414684,"10 Station Road, Ōtāhuhu, Auckland","meal_takeaway,restaurant,food,point_of_interest,establishment",restaurant
ChIJ0TbOr8VPDW0R4gsbjp7SsCI,Lima Bintang Malaysia Cuisine,-36.94241279999999,174.8415546,"6 Station Road, Ōtāhuhu, Auckland","restaurant,food,point_of_interest,establishment",restaurant
ChIJ25AP5QRPDW0RzfUdYu3T4ao,Poolside Bar & Restaurant,-36.9347,174.8421233,"676 Mount Wellington Highway, Mount Wellington, Auckland","restaurant,food,point_of_interest,establishment",restaurant
ChIJBeQfE7FPDW0RElQdsnss-RE,Bigbird fried chicken and burgers,-36.9423056,174.8416862,"10 Station Road, Ōtāhuhu, Auckland","meal_takeaway,restaurant,food,point_of_interest,establishment",restaurant
ChIJ_7mKJs9PDW0R6wb6SvYaLHo,One Sushi Otahuhu,-36.9421741,174.8419812,"242 Great South Road, Ōtāhuhu, Auckland","restaurant,food,point_of_interest,establishment",restaurant
ChIJW0Yq4lxPDW0REu-gwqWwPsM,GOODIE CHICKEN,-36.9421741,174.8419812,"242 Great South Road, Ōtāhuhu, Auckland","meal_takeaway,restaurant,food,point_of_interest,establishment",restaurant
ChIJsdvQGXJPDW0RVduzjHzzyec,8Thai TakeAway,-36.9421741,174.8419812,"242 Great South Road, Ōtāhuhu, Auckland","restaurant,food,point_of_interest,establishment",restaurant
ChIJcy-p5LtODW0RHod0LJ7Cg5M,Hungry Corner,-36.9436077,174.8414256,"Shop 6/15 Mason Avenue, Ōtāhuhu, Auckland","meal_takeaway,restaurant,food,point_of_interest,establishment",restaurant
ChIJqUyGPDVPDW0ROeZOi0g8jxs,BIG BITES,-36.9436573,174.8414387,"15 Mason Avenue, Ōtāhuhu, Auckland","meal_takeaway,restaurant,food,point_of_interest,establishment",restaurant
ChIJGx4ZCQBPDW0RMkqa3AagkaU,Tamaki Toppers,-36.9436233,174.8414777,"15 Mason Avenue, Ōtāhuhu, Auckland","restaurant,food,point_of_interest,establishment",restaurant
ChIJCc5QGtlNDW0R0Y2G6AOc18s,Korean Cuisine,-36.9437005,174.8414781,"Food City 15 Mason Avenue, Ōtāhuhu, Auckland","restaurant,food,point_of_interest,establishment",restaurant
ChIJaS5JRLpODW0RSnGmtIsEcRA,Burger King Otahuhu,-36.9409283,174.8429173,"19 Princes Street, Ōtāhuhu, Auckland","restaurant,food,point_of_interest,establishment",restaurant
ChIJe7Wt5LtODW0RopIp3hzgex4,Kra-Tip Issan Foods,-36.94368670000001,174.8415105,"15 Mason Avenue, Ōtāhuhu, Auckland","restaurant,food,point_of_interest,establishment",restaurant
ChIJRRmMfV1NDW0RykwU9vdd7p8,Aberdeen,-36.94369299999999,174.841509,"Food City, 15 Mason Avenue, Ōtāhuhu, Auckland","restaurant,food,point_of_interest,establishment",restaurant
ChIJda0wqjhNDW0RqXDniy59Eqc,Bento Sushi,-36.943775,174.8415394,"Food City 15 Mason Avenue, Ōtāhuhu, Auckland","restaurant,food,point_of_interest,establishment",restaurant
ChIJSRhQWTVPDW0Rr05hCIUWAjw,Traditional Thai Sizzlers,-36.9437295,174.8416146,"Food City, 15 Mason Avenue, Ōtāhuhu, Auckland","restaurant,food,point_of_interest,establishment",restaurant
ChIJjVBE47tODW0R6-pWW7PrjC0,ROTI'S INDIAN FOOD HALAL,-36.9438266,174.8415746,"15 Mason Avenue, Ōtāhuhu, Auckland","restaurant,meal_takeaway,food,point_of_interest,establishment",restaurant
ChIJ9zfBWZ5FDW0R9EdBubI1mrA,Huzaifa Mughlai Foods - 1042 NZ,-36.9437181,174.8416666,"Otahuhu Food Court - Food City, Ōtāhuhu, Auckland","restaurant,food,point_of_interest,establishment",restaurant
ChIJe7Wt5LtODW0RP1kTaSYXPKU,Thai Noodles,-36.9438374,174.8415857,"15 Mason Avenue, Ōtāhuhu, Auckland","restaurant,food,point_of_interest,establishment",restaurant
ChIJ1Ur3-AxMDW0Rd9xi7Wm6KiY,Subway Highbrook Business Park,-36.93716089999999,174.8753986,"Tenancy C, Building 2/60 Highbrook Drive, Manukau, North Island","restaurant,food,point_of_interest,establishment",restaurant
ChIJ0Sij-QxMDW0R5q0XgydoqKI,Namaste Indian Restaurant and Bar,-36.93716089999999,174.8753986,"Wynyard Wood House 60 Highbrook Drive, East Tāmaki, Auckland","restaurant,food,point_of_interest,establishment",restaurant
ChIJAb-_wwxMDW0RxkpNAzO5okQ,Sierra Coffee,-36.937059,174.876043,"52 Highbrook Dr, Open Country House Ground Floor/8 Business Parade South, East Tāmaki, Auckland","cafe,restaurant,food,point_of_interest,establishment",restaurant
ChIJgYf9PmxMDW0RVYur78lwrY0,Sushi Eden,-36.9445864,174.8817704,"NZ, Unit 4/65 Kerwyn Avenue, East Tāmaki, Auckland","restaurant,food,point_of_interest,establishment",restaurant
ChIJg9Xx9gxMDW0RnfYgW-7iVeM,Kagura Sushi Donburi,-36.9369161,174.875254,"LG House Ground Floor/60 Highbrook Drive, East Tāmaki, Auckland","restaurant,food,point_of_interest,establishment",restaurant
ChIJG0feBhlNDW0RkGa0Po5MmL4,Olea Cafe,-36.9371032,174.8760833,"8 Business Parade South, East Tāmaki, Auckland","cafe,restaurant,food,point_of_interest,establishment",restaurant
ChIJmQQQKP5LDW0RQpkjOFz2_6M,Country Fried Chicken,-36.9256463,174.856836,"37 Jolson Road, Mount Wellington, Auckland","restaurant,food,point_of_interest,establishment",restaurant
ChIJv0-a87pODW0RcbU3QJKrV6o,South City Takeaways,-36.94070729999999,174.8441537,"23 Princes Street, Ōtāhuhu, Auckland","meal_takeaway,restaurant,food,point_of_interest,establishment",restaurant
ChIJ-4J1E7tODW0R3xdGpxbT1Hc,Kris Curry House,-36.94310160000001,174.8448883,"19 Avenue Road, Ōtāhuhu, Auckland","restaurant,food,point_of_interest,establishment",restaurant
ChIJScoiXbtODW0R0N_EapvzW3o,Prize Catch,-36.9439397,174.845187,"70 Atkinson Avenue, Ōtāhuhu, Auckland","restaurant,food,point_of_interest,establishment",restaurant
ChIJScoiXbtODW0RgCfqF2HBrv0,Pacific Taro,-36.9439397,174.845187,"70D Atkinson Avenue, Ōtāhuhu, Auckland","restaurant,food,point_of_interest,establishment",restaurant
ChIJwTNALvhPDW0Rk5uMSSMt9hs,Faleofa Takeaway,-36.943977,174.8450939,"70 Atkinson Avenue, Ōtāhuhu, Auckland","restaurant,food,point_of_interest,establishment",restaurant
ChIJuYyISRhPDW0RsbT4Oc7GblU,Haamongaa Maui Takeaway,-36.943977,174.8450939,"70 Atkinson Avenue, Ōtāhuhu, Auckland","meal_takeaway,restaurant,food,point_of_interest,establishment",restaurant
ChIJdQAQE7tODW0RzQAAWtzAiH0,Helu Vilikikihi otahuhu Auckalnd,-36.94309320000001,174.8446352,"60 Atkinson Avenue, Ōtāhuhu, Auckland","restaurant,food,point_of_interest,establishment",restaurant
ChIJrYG3KbdPDW0RXAXu6MzVGMo,Eli & Beths Kitchen,-36.9439986,174.8449155,"9/70 Atkinson Avenue, Ōtāhuhu, Auckland","meal_takeaway,bakery,store,restaurant,food,point_of_interest,establishment",restaurant
ChIJA5ayX7pODW0RcvAu9kmoZls,Tim's Roast Takeaway,-36.94056469999999,174.8436027,"Atkinson Avenue, Ōtāhuhu, Auckland","meal_takeaway,restaurant,food,point_of_interest,establishment",restaurant
ChIJw1zvX7tODW0RGCOmk4OZzIw,Lee Hong BBQ 李鸿,-36.94446980000001,174.8451069,"76 Atkinson Avenue, Ōtāhuhu, Auckland","restaurant,food,point_of_interest,establishment",restaurant
ChIJITVc5XZPDW0Re2RkXvMuNWk,Taco Bell Otahuhu,-36.942846,174.8441368,"101 Atkinson Avenue, Ōtāhuhu, Auckland","restaurant,food,point_of_interest,establishment",restaurant
ChIJW_ttu9hPDW0R6uBUcTzOw_M,The Flava Master's,-36.93286649999999,174.8440775,"1 Camp Road, Mount Wellington, Auckland","restaurant,food,point_of_interest,establishment",restaurant
ChIJYcE1Un1PDW0RBiyfsCXAZig,Master Chinese Takeaways,-36.943912,174.844286,"23 Criterion Street, Ōtāhuhu, Auckland","meal_takeaway,restaurant,food,point_of_interest,establishment",restaurant
ChIJ2UEMMgBPDW0RhMA6ag4G_uY,Kokodak Chicken Otahuhu,-36.9443252,174.8444944,"135 Atkinson Avenue, Ōtāhuhu, Auckland","restaurant,food,point_of_interest,establishment",restaurant
ChIJ40OGYLtODW0R3fFdWHhAUYw,Tandoori and Curry Indian Cuisine,-36.9453575,174.8451124,"Ōtāhuhu, Auckland","restaurant,food,point_of_interest,establishment",restaurant
ChIJw6YVKP5LDW0RbgdpnTg6XQE,Jolson Takeaways,-36.9453575,174.8451124,"Ōtāhuhu, Auckland","restaurant,food,point_of_interest,establishment",restaurant
ChIJp7nZl7xODW0RDPUMyl5E9A8,Lam Lunch Bar,-36.9453575,174.8451124,"Ōtāhuhu, Auckland","restaurant,food,point_of_interest,establishment",restaurant
ChIJlc2OKQBPDW0RIENFW0hWL_8,Mama Sila Restaurant & Event Centre Otahuhu,-36.9426857,174.8436587,"14 Avenue Road, Ōtāhuhu, Auckland","restaurant,food,point_of_interest,establishment",restaurant
ChIJa9u2g7xODW0RGaYsSBewvEY,Mamas Spicy Pizza Halal,-36.9446224,174.8442809,"368 Great South Road, Papatoetoe, Auckland","restaurant,food,point_of_interest,establishment",restaurant
ChIJ6asdg7xODW0RvwdkszZEa00,Golden King,-36.9446711,174.8442887,"374 Great South Road, Ōtāhuhu, Auckland","restaurant,food,point_of_interest,establishment",restaurant
ChIJNY5P5j1PDW0RWjDp6Hu6XfA,Hunga Tonga & Hunga Ha’apai Diner,-36.9457463,174.8449161,"471 Great South Road, Ōtāhuhu, Auckland","restaurant,food,point_of_interest,establishment",restaurant
ChIJrUWilrxODW0Rn1wNSkyM_bo,South City Bakery and Cafe,-36.94567960000001,174.8448458,"469 Great South Road, Ōtāhuhu, Auckland","restaurant,bakery,store,food,point_of_interest,establishment",restaurant
ChIJea0t2rxODW0RA3Qaq5yBCJk,Subway,-36.946529,174.8452071,"507A Great South Road, Ōtāhuhu, Auckland","meal_takeaway,restaurant,food,point_of_interest,establishment",restaurant
ChIJSfDS9GxMDW0RtNjyXFWmI6M,Golden Dragon Nz Limited,-36.9449061,174.8800314,"9c Lorien Place, East Tāmaki, Auckland","restaurant,food,point_of_interest,establishment",restaurant
ChIJq9qEkd1PDW0ReQwP9PlS_F8,Sensational Chicken / NZ Kebabs Otahuhu,-36.94669789999999,174.8451608,"507C Great South Road, Ōtāhuhu, Auckland","restaurant,meal_takeaway,food,point_of_interest,establishment",restaurant
ChIJF-KXDuRPDW0RejRtb_qANb4,Eden Noodles Otahuhu,-36.94681610000001,174.8452433,"8/507 Great South Road, Ōtāhuhu, Auckland","restaurant,food,point_of_interest,establishment",restaurant
ChIJTVLVBQBPDW0RaWuScClJE2M,Tasty House Restaurant,-36.94557619999999,174.8443087,"7 Park Avenue, Ōtāhuhu, Auckland","restaurant,food,point_of_interest,establishment",restaurant
ChIJNckFW5ZPDW0R-Vht_sBZ3_s,West Delhi Food Cart,-36.947497,174.8455244,"529 Great South Road, Ōtāhuhu, Auckland","restaurant,food,point_of_interest,establishment",restaurant
ChIJyRkMhbxODW0RJ3Z61rUz28U,Otahuhu RSA,-36.9452441,174.8437384,"435 Great South Road, Ōtāhuhu, Auckland","local_government_office,restaurant,food,point_of_interest,establishment",restaurant
ChIJP57jVwBNDW0RnQzrFsoSBZA,Newman horse takeaway,-36.9531168,174.8696855,"22 Franich Street, Ōtara, Auckland","restaurant,food,point_of_interest,establishment",restaurant
ChIJdbmAZZ5MDW0RPNihIMN7p7g,Goode Brothers Botany,-36.9342184,174.9132194,"Botany Town Centre Shop 36 Town Centre Drive, Botany, Auckland","restaurant,bar,food,point_of_interest,establishment",restaurant
ChIJY1fgioFLDW0Rp6KQyG9S-vs,Nishiki Japanese Restaurant in Botany,-36.9256716,174.8965211,"9 Torrens Road, Burswood, Auckland","restaurant,food,point_of_interest,establishment",restaurant
ChIJfzUiUX1LDW0R9G_1pDjswxg,Oceanz Seafood Botany,-36.9297957,174.9086272,"451 Ti Rakau Drive, Botany Downs, Auckland","restaurant,food,point_of_interest,establishment",restaurant
ChIJq72EwJ1MDW0R-AxgtMMhB1k,Nando's Botany,-36.9329699,174.9127997,"1 Town Centre Drive, East Tāmaki, Auckland","meal_takeaway,restaurant,food,point_of_interest,establishment",restaurant
ChIJdbmAZZ5MDW0RamlJxAVl6DA,Daikoku Botany 大黒ボタニー店,-36.9332685,174.9125519,"Botany Shopping Centre ASB Bank, 1st Floor/588 Chapel Road, East Tāmaki, Auckland","restaurant,food,point_of_interest,establishment",restaurant
ChIJoXnKioFLDW0RVUvQjb-kZcw,Sri Mahkota East Tamaki 满金香,-36.9252001,174.8971182,"22D Torrens Road, Burswood, Auckland","restaurant,food,point_of_interest,establishment",restaurant
ChIJNzA9e2FLDW0RmiLh3UK9XjI,McDonald's Ti Rakau,-36.9286527,174.9131741,"500 Ti Rakau Drive, Northpark, Auckland","restaurant,food,point_of_interest,establishment",restaurant
ChIJKUsiUX1LDW0RVsux1CY8rsc,Star Seafood Restaurant,-36.9298714,174.9076582,"451 Ti Rakau Drive, Huntington Park, Auckland","restaurant,food,point_of_interest,establishment",restaurant
ChIJsR2fyWJLDW0R_FEatgpaf8s,KFC,-36.92918629999999,174.9107109,"The Hub 451 Ti Rakau Drive, Botany Downs, Manukau","meal_takeaway,restaurant,food,point_of_interest,establishment",restaurant
ChIJd6eM7-RSDW0RieP8HtBfWtE,Sushi Sora,-36.9286712,174.914018,"500 Ti Rakau Drive, Botany Downs, Auckland","restaurant,food,point_of_interest,establishment",restaurant
ChIJFQ4O2n1LDW0R-WNBEeOgla4,One World Takeaway,-36.9291713,174.9040206,"12 Amera Place Huntington Park, East Tāmaki, Dannemora","restaurant,food,point_of_interest,establishment",restaurant
ChIJPzpCqagMLwARcAxUfR9Tw2I,The Waypoint,-36.9437167,174.8941412,"89 Springs Road, East Tāmaki, Dannemora","bar,restaurant,food,point_of_interest,establishment",restaurant
ChIJdbmAZZ5MDW0RnzmwZok7z5A,Gloria Jean’s Cafe East Tāmaki,-36.9345646,174.8869509,"19 Cryers Road, East Tāmaki, Auckland","cafe,store,restaurant,food,point_of_interest,establishment",restaurant
ChIJtUHJAoBLDW0RIAs7jzKTfgI,E-PACS Supermart,-36.929879,174.8983979,"12 Nandina Avenue, East Tāmaki, Auckland","supermarket,grocery_or_supermarket,store,restaurant,food,point_of_interest,establishment",restaurant
ChIJO-z3qn9LDW0RwezhWzwXKS4,Raviz Botany,-36.9278307,174.8996976,"d/317 Ti Rakau Drive, Botany Downs, Auckland","meal_takeaway,meal_delivery,restaurant,food,point_of_interest,establishment",restaurant
ChIJ4foOOFtNDW0Rt80ZxqqdRLs,KOHKOZ - Real Lebanese Cuisine,-36.9263492,174.8957203,"290 Ti Rakau Drive, East Tāmaki, Auckland","meal_takeaway,restaurant,food,point_of_interest,establishment",restaurant
ChIJUcjamIFLDW0RXgzgTFQjYjs,Paldo Korean Buffet Botany,-36.92628849999999,174.8963849,"298B Ti Rakau Drive, Manukau City Centre, Auckland","restaurant,food,point_of_interest,establishment",restaurant
ChIJscFZ70K2cm0RlPW4nndLoI4,Bayleaf and Beyond Indian Restaurant (formerly Foreshore Ti Rakau),-36.92585059999999,174.8938177,"272D Ti Rakau Drive, Pakuranga, Auckland","restaurant,food,point_of_interest,establishment",restaurant
ChIJYbp4q-lHDW0Rw1YJRW7YgU4,Lee Hong BBQ 李鸿,-36.925165,174.8931079,"262 Ti Rakau Drive, Burswood, Auckland","meal_takeaway,meal_delivery,restaurant,food,point_of_interest,establishment",restaurant
ChIJ1VNTuWJLDW0Rzb0uh9gedXw,Pita Pit Botany Hub,-36.9301889,174.9098343,"Unit P/451 Ti Rakau Drive, Botany, Auckland","restaurant,food,point_of_interest,establishment",restaurant
ChIJz6HxrJ1MDW0RWqIZN7f1pks,St Pierres Sushi (Botany),-36.9339749,174.9120453,"Shop 12 Market Square, East Tāmaki, Auckland","restaurant,food,point_of_interest,establishment",restaurant
ChIJ5VobNX1LDW0RAJi1wR5vOuY,Noodle Canteen,-36.9294289,174.9099296,"451 Ti Rakau Drive, Botany Downs, Auckland","restaurant,food,point_of_interest,establishment",restaurant
ChIJKUsiUX1LDW0RgI0tfokvs4A,Pizza Hut,-36.9294289,174.9099296,"The Hub 451 Ti Rakau Drive, Botany Downs, Auckland","meal_delivery,meal_takeaway,restaurant,food,point_of_interest,establishment",restaurant
ChIJqc4S7mJLDW0RUmFNF1ZnvmQ,Daruma Ramen,-36.9296157,174.9105868,"451 Ti Rakau Drive, Huntington Park, Auckland","restaurant,food,point_of_interest,establishment",restaurant
ChIJq_-OjGFLDW0RCmznYMbi0UM,Shamiana Cuisines of India,-36.93424599999999,174.9138497,"588 Chapel Road, East Tāmaki, Auckland","meal_takeaway,restaurant,food,point_of_interest,establishment",restaurant
ChIJPdIPxJ1MDW0RQNzOBdF2zW0,"TANK Botany Town Centre - Smoothies, Raw Juices, Salads & Wraps",-36.93397499999999,174.9137549,"588 Chapel Road, East Tāmaki, Auckland","meal_takeaway,restaurant,food,point_of_interest,establishment",restaurant
ChIJO4Y-051MDW0RyQJ6wgyxc4I,Lone Star Botany,-36.9338898,174.9137969,"Botany Town Centre 588 Chapel Road, East Tāmaki, Auckland","bar,restaurant,food,point_of_interest,establishment",restaurant
ChIJIavxnX9LDW0RXLEf5roZ6eY,GENGHIS KHAN,-36.9280844,174.8992256,"317 Ti Rakau Drive, Burswood, Auckland","restaurant,food,point_of_interest,establishment",restaurant
ChIJfzUiUX1LDW0RgbFa3QOB5Oo,BurgerFuel Botany Downs,-36.92945,174.909874,"451 Ti Rakau Drive, Golflands, Auckland","restaurant,food,point_of_interest,establishment",restaurant
ChIJB8V4M35NDW0RyvRr1-kptU8,11 Dim Sum Chinese Restaurant 11拾一点心粤菜中餐厅,-36.949365,174.9115783,"Unit 9/345 Chapel Road, Flat Bush, Auckland","restaurant,food,point_of_interest,establishment",restaurant
ChIJPWHaUZJMDW0RETLEBm7N67E,Pizza Hut,-36.9496582,174.9114435,"345 Chapel Road, Botany Downs, Auckland","meal_delivery,meal_takeaway,restaurant,food,point_of_interest,establishment",restaurant
ChIJcyw7nWFLDW0Rtuw5k7X6Li8,Subway Botany Downs,-36.9287631,174.9139859,"Building D/500 Ti Rakau Drive, Botany Downs, Auckland","restaurant,food,point_of_interest,establishment",restaurant
ChIJ5-VTUIFLDW0RLOt9NNslmsU,The Bailey,-36.9259719,174.8940677,"272B Ti Rakau Drive, East Tāmaki, Auckland","bar,restaurant,food,point_of_interest,establishment",restaurant
ChIJ5-VTUIFLDW0Ra8TCT4UZ9Js,Metro Bar Pakuranga,-36.92599479999999,174.8942565,"Unit 3/272 Ti Rakau Drive, Pakuranga, east Tamaki","bar,restaurant,food,point_of_interest,establishment",restaurant
ChIJr4YJ42ZMDW0RrUKYXsisoJg,Subway,-36.9489494,174.89148,"2 Kerwyn Avenue, East Tāmaki, Auckland","meal_takeaway,restaurant,food,point_of_interest,establishment",restaurant
ChIJnZnrBOtNDW0RNPwykYaK6Mo,Toshi Sushi,-36.9411309,174.8937803,"1/22 Harris Road, East Tāmaki, Auckland","meal_takeaway,restaurant,food,point_of_interest,establishment",restaurant
ChIJFQpeoIBMDW0Rlw5ULUl3xmg,Sushi World,-36.9349611,174.8982756,"1/14 Greenmount Drive, East Tāmaki, Auckland","restaurant,food,point_of_interest,establishment",restaurant
ChIJmzIauFJNDW0RDel5Op5U7H4,Food Culture Cafe,-36.93340500000001,174.8969507,"107 Harris Road, East Tāmaki, Auckland","restaurant,food,point_of_interest,establishment",restaurant
ChIJASwHwIBMDW0R3AR756x25vA,Greenmount Lunchbar,-36.9347584,174.899588,"22 Greenmount Drive, East Tāmaki, Auckland","restaurant,food,point_of_interest,establishment",restaurant
ChIJdZTcvmRMDW0Rzv9mfV3-byE,9 Bowls Japanese Eatery,-36.9427201,174.8917349,"9A Allens Road, East Tāmaki, Auckland","meal_takeaway,restaurant,food,point_of_interest,establishment",restaurant
ChIJ_dbZoKdNDW0RVEZtI2BPqqQ,Han's Korean Chicken East Tamaki,-36.9427802,174.8917241,"9a Allens Road, East Tāmaki, Auckland","restaurant,food,point_of_interest,establishment",restaurant
ChIJB4vrYf5NDW0RrTPa3nqbS3E,Five Star Dumplings East Tamaki,-36.9436479,174.8942995,"89D Springs Road, East Tāmaki, Auckland","meal_takeaway,restaurant,food,point_of_interest,establishment",restaurant
ChIJNZzYe2NMDW0RJfhynAWIxmo,Letz Eat Lunch Bar,-36.9436493,174.894209,"89 Springs Road, East Tāmaki, Auckland","restaurant,food,point_of_interest,establishment",restaurant
ChIJAesxq3pMDW0RIsPUtikYIb4,Hilltop Lunch Bar,-36.941106,174.888051,"43 Allens Road, East Tāmaki, Auckland","bar,restaurant,food,point_of_interest,establishment",restaurant
ChIJg8V6NWJMDW0Rt-GgSBhKT5k,Frenchys Lunch Bar,-36.9454173,174.8959979,"41 Sir William Avenue, East Tāmaki, Manukau","restaurant,food,point_of_interest,establishment",restaurant
ChIJZ1SdZoVNDW0RgKDEcBU6CmI,The Food Corner,-36.9302574,174.8965169,"3/138 Harris Road, East Tāmaki, Auckland","restaurant,food,point_of_interest,establishment",restaurant
ChIJ7bKq8G5NDW0RzsOA8e4exOg,Maru Sushi & Don,-36.9379056,174.8848829,"5 Cryers Road, East Tāmaki, Auckland","restaurant,meal_takeaway,food,point_of_interest,establishment",restaurant
ChIJMSD_un9LDW0RrkRH7Qkg4r4,Sopheak's Lunch Bar,-36.92903369999999,174.9003045,"329E Ti Rakau Drive, East Tāmaki, Auckland","restaurant,food,point_of_interest,establishment",restaurant
ChIJMSD_un9LDW0RQ3ssgDoi_EQ,Tokyo kitchen,-36.92903369999999,174.9003045,"329E Ti Rakau Drive, East Tāmaki, Auckland","restaurant,food,point_of_interest,establishment",restaurant
ChIJ-cVqo39LDW0Rri73tuLal28,Meet In The Sandwich Cafe,-36.9286987,174.8999358,"329 Ti Rakau Drive, East Tāmaki, Auckland","cafe,restaurant,food,point_of_interest,establishment",restaurant
ChIJZ7_yg3ZMDW0R5GBh-RWsYxU,Sugar Bun Lunch Bar,-36.93323829999999,174.8835067,"18 Stonedon Drive, East Tāmaki, Manukau","restaurant,food,point_of_interest,establishment",restaurant
ChIJdUWkPTNLDW0RZxwcGelchos,Gymkhana Banquet & Function,-36.9280929,174.8991546,"317 Ti Rakau Drive, Botany Downs, Auckland","restaurant,food,point_of_interest,establishment",restaurant
ChIJr001SzdLDW0RJKLcL8-R14E,Kabul House Restaurant Botany,-36.92806420000001,174.8994134,"317 Ti Rakau Drive, Burswood, Auckland","restaurant,food,point_of_interest,establishment",restaurant
ChIJTx0Q8V5LDW0R8a9yyKbuCnE,Korea Top BBQ,-36.9274195,174.8964645,"unit2/295 Ti Rakau Drive, Burswood, Auckland","restaurant,food,point_of_interest,establishment",restaurant
ChIJdQMY3MtLDW0RsFP1CBgnJcg,Ming Yue Hui,-36.9274194,174.8964646,"295 Ti Rakau Drive, Burswood, Auckland","restaurant,food,point_of_interest,establishment",restaurant
ChIJadws1otLDW0RdDJJc3V6A30,Jack n Jill Eatery,-36.9278795,174.8995222,"Unit 1/317 Ti Rakau Drive, Burswood, Auckland","bar,restaurant,food,point_of_interest,establishment",restaurant
ChIJw8rfcmRLDW0RyvRIiJwtX-s,HELL Pizza Botany Downs,-36.925953,174.912539,"309 Botany Road, Golflands, Auckland","meal_takeaway,meal_delivery,restaurant,food,point_of_interest,establishment",restaurant
ChIJw8rfcmRLDW0RSGAaGAUwowE,Raja's Indian Restaurant & Bar,-36.9258533,174.9124933,"9/309 Botany Road, Golflands, Auckland","meal_takeaway,restaurant,food,point_of_interest,establishment",restaurant
ChIJ44PunllNDW0RCn_4s9_fTVE,King Made Rice 人民大食堂,-36.93428830000001,174.9141151,"NZ, Auckland 588 Chapel Road, East Tāmaki, Auckland","restaurant,food,point_of_interest,establishment",restaurant
ChIJtdw_NblNDW0RC5Bfbgftrgw,Mutha Cluckin Chicken,-36.9344929,174.9137951,"East Tāmaki, Auckland","restaurant,food,point_of_interest,establishment",restaurant
ChIJf638RUBNDW0RewQZy_yq5v8,Mozaic Kebab,-36.9342016,174.9139082,"25G/588 Chapel Road, East Tāmaki, Auckland","restaurant,food,point_of_interest,establishment",restaurant
ChIJ6RuILZxMDW0RSNfeuxrfdOE,LJ's Botany Town Centre Foodcourt,-36.9340726,174.9139175,"25A Town Centre Drive, East Tāmaki, Auckland","restaurant,food,point_of_interest,establishment",restaurant
ChIJKxOTQRxNDW0RWfpDKJSQdWo,Botany Commons,-36.93443329999999,174.9137191,"29 Town Centre Drive, East Tāmaki, Auckland","restaurant,food,point_of_interest,establishment",restaurant
ChIJXZSHShpNDW0R3r7KnnxN6HM,Charcoal Chicken,-36.9342499,174.9137778,"588 Chapel Road, East Tāmaki, Auckland","restaurant,food,point_of_interest,establishment",restaurant
ChIJFXJ9LgBNDW0RK-6cmoRgxkk,Buns N Rolls - Botany,-36.9340565,174.9137884,"588 Chapel Road, East Tāmaki, Auckland","restaurant,food,point_of_interest,establishment",restaurant
ChIJ8bOKLJxMDW0RNWJA3Fx92Xo,Bigmi,-36.9342426,174.9136955,"588 Chapel Road, East Tāmaki, Auckland","restaurant,food,point_of_interest,establishment",restaurant
ChIJDaygUDxNDW0RdNuqrYzPCgw,Mighty Hotdog Botany,-36.9340214,174.9137044,"588 Chapel Road, Flat Bush, Auckland","meal_takeaway,restaurant,food,point_of_interest,establishment",restaurant
ChIJI6P40Z1MDW0RhFn17rD3XMo,McDonald's Botany Town Centre,-36.93402899999999,174.913684,"25B Town Centre Drive, Northpark, Botany Town Centre","restaurant,food,point_of_interest,establishment",restaurant
ChIJsSBJQpVLDW0RSRpbL2reo0c,Corner38 | Bar & Bistro,-36.9343301,174.9133789,"Shop 38 Town Centre Drive, Botany Town Centre, Auckland","restaurant,bar,food,point_of_interest,establishment",restaurant
ChIJTcaosZxNDW0RshXxqwDBDWQ,Burger Wisconsin Botany,-36.9336851,174.9133284,"1 Town Centre Drive, East Tāmaki, Auckland","restaurant,food,point_of_interest,establishment",restaurant
ChIJNeAND6ZNDW0RsGo4zJMu2Ks,Pretzel Pretzel,-36.93430230000001,174.9130435,"588 Chapel Road, East Tāmaki, Auckland","restaurant,food,point_of_interest,establishment",restaurant
ChIJOa9fKwBNDW0Rxsnbw-fDdzA,Nene Chicken Botany,-36.93430230000001,174.9130435,"Shop-SP0532,Botany Town Centre 588,Chapel Road,Flat Bush, East Tāmaki, Auckland","meal_takeaway,grocery_or_supermarket,restaurant,food,store,point_of_interest,establishment",restaurant
ChIJ5eGYSUtNDW0RxGnFZa6aENk,Sushi Sushi Botany,-36.9329026,174.9136131,"SP0142 Botany Town Centre, 588 Chapel Street, East Tāmaki, Auckland","restaurant,food,point_of_interest,establishment",restaurant
ChIJKbjaFOlLDW0R4H_yhDJzH7I,Golden Bowl,-36.9336178,174.9131934,"Shop 129/Town Centre Drive, Pakuranga, Auckland","restaurant,food,point_of_interest,establishment",restaurant
ChIJiW99tJNNDW0REl5VhlMHsrs,PappaRich Botany,-36.9321855,174.913632,"588 Chapel Road, East Tāmaki, Auckland","restaurant,food,point_of_interest,establishment",restaurant
ChIJ_aHSaeJLDW0Rzx1M7ScwoG4,wildbean cafe,-36.928392,174.9166456,"500 Chapel Road, Northpark, Auckland","cafe,bakery,restaurant,food,store,point_of_interest,establishment",restaurant
ChIJl_Ty1Y1LDW0RuT6ImdviMa8,Wicked Chicken Botany Downs,-36.9289242,174.9158839,"500 Ti Rakau Drive, Botany Downs, Auckland","restaurant,food,point_of_interest,establishment",restaurant
ChIJlb-1ludLDW0RLu0J-TD3Qcg,Sumthin Dumplin Botany,-36.9290043,174.915598,"500 Ti Rakau Drive, Northpark, Auckland","restaurant,food,point_of_interest,establishment",restaurant
ChIJH0v8kGVNDW0RBC8-Ou7HwzM,Subway Botany Town Center,-36.93372579999999,174.9120386,"Botany Downs, Auckland","restaurant,food,point_of_interest,establishment",restaurant
ChIJwQu7px1LDW0RgxsESnucr2I,Better Burger Botany,-36.9283298,174.9141183,"500 Ti Rakau Drive, Botany Downs, Auckland","restaurant,food,point_of_interest,establishment",restaurant
ChIJNzA9e2FLDW0RNdmB13Ck0JY,Vedana Restaurant,-36.9282492,174.9136505,"500 Ti Rakau Drive, Northpark, Auckland","restaurant,food,point_of_interest,establishment",restaurant
ChIJs6lvsYJMDW0RQBTITASmXmw,Burger King Ormiston,-36.93091319999999,174.9110914,"550 Te Irirangi Drive, East Tāmaki, Auckland","restaurant,food,point_of_interest,establishment",restaurant
ChIJM8ArKQBLDW0Rk8T7Ll0w91U,Saigon Garden Vietnamese Restaurant,-36.9298432,174.9109904,"Inside Woolworths 475 Ti Rakau Drive, Huntington Park, Auckland","restaurant,food,point_of_interest,establishment",restaurant
ChIJn-gAWhZLDW0Rre3KLj_qeus,HIPPO Cafe,-36.9302205,174.9099993,"451 Ti Rakau Drive, Huntington Park, Auckland","cafe,meal_takeaway,store,restaurant,food,point_of_interest,establishment",restaurant
ChIJrZTdDqdLDW0R6RkfGBYmZQs,Taco Bell Botany,-36.9296854,174.9093477,"451 Ti Rakau Drive, Botany Downs, Auckland","restaurant,food,point_of_interest,establishment",restaurant
ChIJ99BG8P9LDW0RZy4APGaDV4k,Chicking Botany,-36.9260854,174.9125378,"309 Botany Road, Botany Downs, Auckland","restaurant,food,point_of_interest,establishment",restaurant
ChIJBY2VdGRLDW0RrXlrp2x4qbI,Good Well BBQ Restaurant,-36.92572439999999,174.9126282,"7/309 Botany Road, Golflands, Auckland","restaurant,food,point_of_interest,establishment",restaurant
ChIJ8QVWfQBLDW0Rg7yZfvQIHac,chan kee 陈记,-36.9305037,174.9083429,"d/451 Ti Rakau Drive, Huntington Park, Auckland","restaurant,food,point_of_interest,establishment",restaurant
ChIJKUsiUX1LDW0RbY07O9fM1-I,Daruma Sushi-Go-Round Botany,-36.9298344,174.908546,"451J Ti Rakau Drive, East Tāmaki, Auckland","restaurant,food,point_of_interest,establishment",restaurant
ChIJrSzqFNhNDW0R8jNLGDKUToQ,Spice Heritage Indian Cuisine Flatbush,-36.9494066,174.9111474,"8/345 Chapel Road, Flat Bush, Auckland","restaurant,food,point_of_interest,establishment",restaurant
ChIJwffQhGBNDW0RcYI6zZOWWYc,PHOTUNE,-36.9500164,174.9114383,"15/345 Chapel Road, Flat Bush, Auckland","restaurant,food,point_of_interest,establishment",restaurant
ChIJe5sRLgBLDW0RB0m-oQj-QAk,DAGU Rice Noodle Botany大鼓米线东区店,-36.9298154,174.9079994,"451 Ti Rakau Drive, Botany Downs, Auckland","restaurant,food,point_of_interest,establishment",restaurant
ChIJ6zEMiWizcm0RXHMapt3i2t8,The Lime Tree Cafe,-36.94457569999999,174.964048,"730 Whitford Road, Howick, Auckland","cafe,store,restaurant,food,point_of_interest,establishment",restaurant
ChIJ5ZXSVpCzcm0RkZ5ri_dfpc8,The Stables Whitford,-36.9453137,174.9640554,"1 Whitford Wharf Road, Whitford","restaurant,bar,food,point_of_interest,establishment",restaurant
ChIJjb-vB3O7cm0RT8EEwinJ7F8,The Oyster Gallery,-36.9483073,175.1078534,"914 Clevedon-Kawakawa Road, Papakura, Auckland","meal_takeaway,restaurant,food,point_of_interest,establishment",restaurant
ChIJ-7piuHlBDW0R4yJK50kiGF4,Thip Thai Restaurant,-36.910543,174.6513073,"26 Glenmall Place, Glen Eden, Auckland","restaurant,food,point_of_interest,establishment",restaurant
ChIJG1HDsmhBDW0RCVhspZkJ9fg,Pizza Hut,-36.91054099999999,174.6521061,"210 West Coast Road, Glen Eden, Auckland","meal_delivery,meal_takeaway,restaurant,food,point_of_interest,establishment",restaurant
ChIJU1jSNOxBDW0RhaDlcmpXals,Bodega Eatery,-36.9058995,174.6227296,"99 Parrs Cross Road, Henderson, Auckland","restaurant,food,point_of_interest,establishment",restaurant
ChIJOX1lxHlBDW0RnBq6wElx-Zc,Kathmandu Kitchen | Nepali and Indian Restaurant,-36.910227,174.6509567,"262 West Coast Road, Glen Eden, Auckland","restaurant,meal_delivery,meal_takeaway,food,point_of_interest,establishment",restaurant
ChIJpVQTWY1BDW0R3FZQY0kudfU,Tobys Seafoods Ltd - Glen Eden,-36.9114638,174.6521691,"1/5/9 Captain Scott Road, Glen Eden, Auckland","restaurant,food,point_of_interest,establishment",restaurant
ChIJM-gLgnlBDW0RbvnzXaBPW1A,Noodle Canteen,-36.9115019,174.6523377,"9 Captain Scott Road, Glen Eden, Auckland","meal_takeaway,restaurant,food,point_of_interest,establishment",restaurant
ChIJ3RwE9HlBDW0RQ9OqVYALRUE,Kampung Style Malaysian Cafe,-36.9102665,174.6528379,"145 West Coast Road, Glen Eden, Auckland","restaurant,food,point_of_interest,establishment",restaurant
ChIJgVN7ZQBBDW0RvotpqqemG_o,Burger Hut,-36.9089728,174.6317377,"434 West Coast Road, Glen Eden, Auckland","restaurant,food,point_of_interest,establishment",restaurant
ChIJOUYXAZZBDW0RxCQ4ehjiYOU,Rosier Takeaways,-36.90867839999999,174.6412276,"354 West Coast Road, Glen Eden, Auckland","meal_takeaway,restaurant,food,point_of_interest,establishment",restaurant
ChIJ_WZnUihCDW0RSFs87MyJxgQ,Pad Thai,-36.9214685,174.6398748,"96 Glengarry Road, Glen Eden, Auckland","meal_takeaway,restaurant,food,point_of_interest,establishment",restaurant
ChIJd6WTCcBBDW0RFMYniD9lXkE,Bombay Kitchen,-36.89673289999999,174.6268456,"6/80 Bruce McLaren Road, Henderson, Auckland","restaurant,food,point_of_interest,establishment",restaurant
ChIJRayQCcBBDW0Rhukr6anLoQw,Sunny Takeaways,-36.8967192,174.62679,"80 Bruce McLaren Road, Henderson, Auckland","meal_takeaway,restaurant,food,point_of_interest,establishment",restaurant
ChIJ4YiTRnhBDW0RYZhZ8OD2U1s,The Foothills,-36.9106994,174.6496503,"9 Glendale Road, Glen Eden, Auckland","restaurant,food,point_of_interest,establishment",restaurant
ChIJ29TnkL9BDW0RuxMXzCzhytE,B & M Roast Takeaway,-36.8955043,174.6278719,"64A Bruce McLaren Road, Henderson, Auckland","restaurant,food,point_of_interest,establishment",restaurant
ChIJT3p4y3lBDW0R_Sy9cR5DjDI,Glen Eden Kebab Glen eden,-36.9101779,174.6506748,"4/2 Glendale Road, Glen Eden, Auckland","meal_takeaway,restaurant,food,point_of_interest,establishment",restaurant
ChIJM-sGy3lBDW0RYGCr31ANxPQ,Fish Stop Glen Eden,-36.91024419999999,174.6506873,"4 Glendale Road, Glen Eden, Auckland","meal_takeaway,restaurant,food,point_of_interest,establishment",restaurant
ChIJz4ZEynlBDW0RJ_wxZU3ISI4,Bakehouse Cafe Grill and Roast,-36.9103663,174.6507116,"2-4 Glenmall Place, Glen Eden, Auckland","meal_takeaway,restaurant,food,point_of_interest,establishment",restaurant
ChIJqYqFGr1BDW0R6cY3Q7iWOqY,Sunnyvale Takeaways,-36.8956388,174.6355615,"14 Sunnyside Road, Sunnyvale, Auckland","meal_takeaway,restaurant,food,point_of_interest,establishment",restaurant
ChIJ29TnkL9BDW0RZlbCgXLBQtY,Golden Palace Takeaways,-36.8954024,174.6278609,"64 Bruce McLaren Road, Henderson, Auckland","meal_takeaway,restaurant,food,point_of_interest,establishment",restaurant
ChIJEY4hzHlBDW0R4U4W170kKtQ,West Roast Takeaways,-36.9100802,174.6508254,"272 West Coast Road, Glen Eden, Auckland","meal_takeaway,restaurant,food,point_of_interest,establishment",restaurant
ChIJCVgczHlBDW0RFooaPjHam1g,Silver Fern Sushi & Pho,-36.9100735,174.65089,"270 West Coast Road, Glen Eden, Auckland","meal_takeaway,restaurant,food,point_of_interest,establishment",restaurant
ChIJKT-hzXlBDW0RNsmd9Bj_NkM,Glen Eden Takeaways,-36.910182,174.6509785,"264 West Coast Road, Glen Eden, Auckland","meal_takeaway,restaurant,food,point_of_interest,establishment",restaurant
ChIJmxG0QtlBDW0R5___pYiQe2k,Chicking Glen Eden,-36.9097638,174.651021,"271 West Coast Road, Glen Eden, Auckland","restaurant,food,point_of_interest,establishment",restaurant
ChIJ5Q8uxHlBDW0RBECVp8vqsEg,Good Food Place Takeaway,-36.9102415,174.6513096,"248 West Coast Road, Glen Eden, Auckland","meal_takeaway,restaurant,food,point_of_interest,establishment",restaurant
ChIJERHr6nlBDW0RbYess-wGa5U,Glen Eden Foodbar,-36.91049059999999,174.6519352,"218 West Coast Road, Glen Eden, Auckland","meal_takeaway,restaurant,food,point_of_interest,establishment",restaurant
ChIJl1zdgXlBDW0Rf2oZELsu_9c,La Rosa Restaurant,-36.9119237,174.6529501,"1/16 Captain Scott Road, Glen Eden, Auckland","restaurant,food,point_of_interest,establishment",restaurant
ChIJpVR1cPZBDW0RA-pi5t_dshQ,Thai Chawa,-36.9105345,174.6522274,"206 West Coast Road, Glen Eden, Auckland","restaurant,food,point_of_interest,establishment",restaurant
ChIJ41Cik3lBDW0Rc0ciXAJSWzU,Yummy sushi,-36.9107488,174.6522652,"60 Glenmall Place, Glen Eden, Auckland","restaurant,food,point_of_interest,establishment",restaurant
ChIJvXiSgnlBDW0RwL7Z74ZAqgU,Glenmall Roast,-36.9114927,174.6523164,"5 Captain Scott Road, Glen Eden, Auckland","meal_takeaway,restaurant,food,point_of_interest,establishment",restaurant
ChIJo52VlHlBDW0RtGayfb0L3ZA,Kool's Chicken 'n' Fries,-36.9107643,174.6524021,"62 Glenmall Place, Glen Eden, Auckland","meal_takeaway,restaurant,food,point_of_interest,establishment",restaurant
ChIJi3yulXlBDW0RQM4QUVVZSZk,J. S. Cool Co Limited,-36.9107643,174.6524021,"62 Glenmall Place, Glen Eden, Auckland","restaurant,food,point_of_interest,establishment",restaurant
ChIJQQ9MTgBBDW0Rg7mieYmBGXY,C&C Family takeaways,-36.9118767,174.6526344,"Glen Eden, Auckland","restaurant,food,point_of_interest,establishment",restaurant
ChIJtagICu1BDW0Rjqp98iIgcJ4,K Chicken Glen Eden,-36.91065049999999,174.6527064,"196 West Coast Road, Glen Eden, Auckland","meal_takeaway,restaurant,food,point_of_interest,establishment",restaurant
ChIJ68VSLTBBDW0R1Rp3N6RpvNs,Sweet Pao Pao,-36.9125654,174.6527963,"18 Captain Scott Road, Huia","restaurant,food,point_of_interest,establishment",restaurant
ChIJ0dhh-ohBDW0RLB9CKmujVi8,kebabies,-36.8935542,174.6287695,"39 Bruce McLaren Road, Henderson, Auckland","restaurant,food,point_of_interest,establishment",restaurant
ChIJA8Kko7hBDW0RxTJHyWgK8fA,Pizza Boyz Glen Eden,-36.91111960000001,174.6531387,"Unit-5/182 West Coast Road, Glen Eden, Auckland","restaurant,food,point_of_interest,establishment",restaurant
ChIJBVTvTG9BDW0RVJzsN1H2ZTU,McDonald's Kelston,-36.9087377,174.6646446,"Cnr Great North Rd &, West Coast Road, Glen Eden, Auckland","restaurant,food,point_of_interest,establishment",restaurant
ChIJCd3hdk5BDW0RoxiOif_3q5Y,Denny's New Lynn,-36.907921,174.6838875,"Lynnmall Shopping Centre 15 Memorial Drive, New Lynn, Auckland","restaurant,food,point_of_interest,establishment",restaurant
ChIJH44etU9BDW0RLAQgiT9GdD0,Mae Nam Khong Thai Restaurants,-36.9089324,174.6819021,"2/4 Todd Plaza, New Lynn, Auckland","restaurant,food,point_of_interest,establishment",restaurant
ChIJdSRqDtxJDW0R3LFk7KY4bMY,The Attic Bar & Restaurant,-36.90943349999999,174.6808885,"3 Totara Avenue, New Lynn, Auckland","restaurant,food,point_of_interest,establishment",restaurant
ChIJf7Fxp05BDW0RAsi5IJebA1I,Nando's New Lynn,-36.9062788,174.6847284,"3041 Great North Road, New Lynn, Auckland","meal_takeaway,restaurant,food,point_of_interest,establishment",restaurant
ChIJiaPiX05BDW0RL-yK8eKn_6A,Bunga Raya Restaurant,-36.9078777,174.6832553,"2A/3062 Great North Road, New Lynn, Auckland","restaurant,food,point_of_interest,establishment",restaurant
ChIJ2Zrp-U5BDW0RYkv8bn3g4Nw,Halong Vietnamese Restaurant,-36.9076195,174.6824799,"26 Delta Avenue, New Lynn, Auckland","restaurant,food,point_of_interest,establishment",restaurant
ChIJU4qLM05BDW0RMO5T1pAkB-A,HELL Pizza New Lynn,-36.9095019,174.6821375,"41 Totara Avenue, New Lynn, Auckland","meal_takeaway,meal_delivery,restaurant,food,point_of_interest,establishment",restaurant
ChIJvYr8vlNBDW0R-oZpaqdvJxU,Lai Thai Bistro,-36.90831110000001,174.6825547,"3076 Great North Road, New Lynn, Auckland","restaurant,food,point_of_interest,establishment",restaurant
ChIJg00OZE5BDW0R-DVNk3Q7zn0,McDonald's New Lynn,-36.9082807,174.6836228,"1 Memorial Drive, New Lynn, Auckland","restaurant,food,point_of_interest,establishment",restaurant
ChIJ-SyCGE5BDW0RaD3816smDe4,Ruby Eatery,-36.9101255,174.6836859,"2 Rankin Avenue, New Lynn, Auckland","cafe,restaurant,food,point_of_interest,establishment",restaurant
ChIJf7Fxp05BDW0Ro6WkCpmD6mw,Noodle Canteen New lynn,-36.906211,174.684536,"3/3041 Great North Road, New Lynn, Auckland","restaurant,food,point_of_interest,establishment",restaurant
ChIJOQTP-HpBDW0RS2GKxkHeV-M,Domino's Pizza Glen Eden,-36.9116095,174.6558203,"Unit A/83 West Coast Road, Glen Eden, Auckland","meal_takeaway,meal_delivery,restaurant,food,point_of_interest,establishment",restaurant
ChIJG1HDsmhBDW0RyuLP9u2OW34,Subway,-36.9092302,174.6637838,"Shop 4/1-3 West Coast Road, Shopping Centre, Auckland","restaurant,food,point_of_interest,establishment",restaurant
ChIJyc-08W1BDW0RrLs3pivinVU,Caves Painting,-36.90319239999999,174.6592538,"29 Cartwright Road, Glen Eden, Auckland","restaurant,food,point_of_interest,establishment",restaurant
ChIJH2w_r2hBDW0RTV_QIczK6v4,"TANK Kelston - Smoothies, Raw Juices, Salads & Wraps",-36.9092461,174.6638782,"Kelston Shopping Centre, Great North Road, Glen Eden, Auckland","meal_takeaway,restaurant,food,point_of_interest,establishment",restaurant
ChIJKx3fymhBDW0RtFi43KH9fUI,Gold Ribbon,-36.9081687,174.6635651,"w 0602, 1 West Coast Road, Glen Eden, Auckland","restaurant,food,point_of_interest,establishment",restaurant
ChIJu72P925BDW0Rrm6ytVTwmo4,Pita Pit Kelston,-36.9064779,174.661042,"4038 Great North Road, Kelston, Auckland","restaurant,food,point_of_interest,establishment",restaurant
ChIJu72P925BDW0Rq4zs1Cq76xI,Aroha Restaurant & Bar,-36.9060898,174.661075,"4038 Great North Road, Glen Eden, Auckland","restaurant,food,point_of_interest,establishment",restaurant
ChIJIRFEXkVBDW0RfYGxNeePiPY,Adanaa Turkish Takeaway,-36.9091616,174.6789319,"3120 Great North Road, New Lynn, Auckland","restaurant,food,point_of_interest,establishment",restaurant
ChIJE5RME0VBDW0RUjyMaVho9KY,Settebello,-36.90941509999999,174.6812941,"9 Totara Avenue, New Lynn, Auckland","restaurant,food,point_of_interest,establishment",restaurant
ChIJbYaUsU9BDW0RFo923XeWFqU,Musashi Japanese Cuisine - New Lynn (MINATO),-36.908598,174.681654,"3073 Great North Road, New Lynn, Auckland","meal_takeaway,restaurant,food,point_of_interest,establishment",restaurant
ChIJMV4aTk5BDW0RdC1ho8TdomM,Sal's Authentic NY Pizza New Lynn,-36.9085149,174.6822297,"3086 Great North Road, New Lynn, Auckland","restaurant,food,point_of_interest,establishment",restaurant
ChIJoc5l2nRBDW0RzWXuYm6mFwA,Shamiana Cuisines of India,-36.90779969999999,174.6859626,"Lynnmall Shopping Mall Great North Road, New Lynn, Auckland","restaurant,food,point_of_interest,establishment",restaurant
ChIJ4aMWG1ZBDW0Ra_dSLRD74sk,Jolly NZ Services - Taxation & Accounting,-36.9089396,174.6837793,"Akehurst Ave, New Lynn, Auckland","hindu_temple,gym,meal_takeaway,grocery_or_supermarket,accounting,travel_agency,finance,place_of_worship,store,health,restaurant,food,point_of_interest,establishment",restaurant
ChIJ8effak5BDW0R1uXGXjXxjLI,XiaoShiShang,-36.9091796,174.6835479,"38 Totara Avenue, New Lynn, Auckland","restaurant,food,point_of_interest,establishment",restaurant
ChIJTWdVbk5BDW0R_UpH54tISJ4,Pita Pit New Lynn,-36.9089079,174.6835233,"Shop E, Building B/20-26 McCrae Way, New Lynn, Auckland","restaurant,food,point_of_interest,establishment",restaurant
ChIJNz9XYkFBDW0RqdjUL446fZA,rimu Takeaway,-36.9045877,174.6721301,"53a Rimu Street, New Lynn, Auckland","meal_takeaway,restaurant,food,point_of_interest,establishment",restaurant
ChIJ9RowDG5BDW0Rcunr3mtquO0,Stanley's Roast,-36.9044352,174.6595949,"4055 Great North Road, Glen Eden, Auckland","meal_takeaway,restaurant,food,point_of_interest,establishment",restaurant
ChIJk1rOSk5BDW0R-ADRrVyC6P4,Black Salt Bar & Eatery,-36.9090217,174.6819757,"Corner Great North Road and, Totara Avenue, New Lynn, Auckland","bar,restaurant,food,point_of_interest,establishment",restaurant
ChIJ3_szOnpBDW0RmLkoYHZQF8o,Little India Glen Eden,-36.91136700000001,174.6544017,"142 West Coast Road, Glen Eden, Auckland","meal_takeaway,restaurant,food,point_of_interest,establishment",restaurant
ChIJk3eGMkxBDW0RDxCP8th5Lig,"TANK LynnMall - Smoothies, Raw Juices, Salads & Wraps",-36.9075246,174.6856652,"3058 Great North Road, New Lynn, Auckland","meal_takeaway,restaurant,food,point_of_interest,establishment",restaurant
ChIJW-pjt2ZBDW0RrL0BXnFz7Lk,Humbug Cafe,-36.91445119999999,174.6646997,"32 Rua Road, Glen Eden, Auckland","cafe,restaurant,food,point_of_interest,establishment",restaurant
ChIJuQL4LKFBDW0RSmkRogWYLxU,Subway,-36.9062675,174.6844066,"4/3041 Great North Road, New Lynn, Auckland","meal_takeaway,restaurant,food,point_of_interest,establishment",restaurant
ChIJn0Ue701BDW0R75VhHntgZMY,Bricklane Restaurant & Bar,-36.9099673,174.6851457,"5 Clark Street, New Lynn, Auckland","restaurant,bar,food,point_of_interest,establishment",restaurant
ChIJm17obiFBDW0RoJKfERiQjmo,Pizza Hut,-36.90947949999999,174.663894,"Shop 7, Kelston Shopping Centre, 2/18 West Coast Road, Kelston, Auckland","meal_delivery,meal_takeaway,restaurant,food,point_of_interest,establishment",restaurant
ChIJG1HDsmhBDW0RqN9WdQuomPQ,A Taste of Tokyo,-36.9093239,174.663886,"Kelston Shopping Centre Level 0/2 West Coast Road, Glen Eden, Auckland","restaurant,food,point_of_interest,establishment",restaurant
ChIJKT-hzXlBDW0R4hVTosOGoD0,Hollywood Takeaway,-36.909195,174.6636874,"2 West Coast Road, Glen Eden, Auckland","meal_takeaway,restaurant,food,point_of_interest,establishment",restaurant
ChIJA21LoRJBDW0Rs1QJAPgk4-o,Bitefuel,-36.9126365,174.666513,"9/43 Fruitvale Road, New Lynn, Auckland","restaurant,food,point_of_interest,establishment",restaurant
ChIJI5M6t1lBDW0RFe2X_ssibr8,Chop Chew,-36.91455999999999,174.6645891,"1 Tomo Street, New Lynn, Auckland","restaurant,food,point_of_interest,establishment",restaurant
ChIJfQKrDR0lDW0RQegfpWHVFAw,Mumbaichef,-36.9145615,174.6645894,"1 Tomo Street, New Lynn, Auckland","meal_delivery,meal_takeaway,restaurant,food,point_of_interest,establishment",restaurant
ChIJ65hhAkFBDW0Rp1WiaVRZoDw,Red Monkey Eatery,-36.90693859999999,174.6628704,"4005 Great North Road, Glen Eden, Auckland","meal_takeaway,restaurant,food,point_of_interest,establishment",restaurant
ChIJJefz0W5BDW0RSbIR9ruvlqo,Oceania Food & Catering Ltd,-36.9067353,174.6631598,"2c Archibald Road, Kelston, Auckland","restaurant,food,point_of_interest,establishment",restaurant
ChIJ_wcrZO9BDW0R3E4ILnVFaUM,Lucky Gs West Auckland,-36.90674699999999,174.6609766,"1A Westech Place, Glen Eden, Auckland","meal_takeaway,restaurant,food,point_of_interest,establishment",restaurant
ChIJQ4ZbnOxBDW0RKK2fQg0AokQ,Charming Thai Cuisine,-36.9065934,174.6611308,"1/4038 Great North Road, Kelston, Auckland","restaurant,food,point_of_interest,establishment",restaurant
ChIJ5cRnHK5BDW0RnnQVJI_UMIg,Mo's Kitchen,-36.90690219999999,174.6603514,"5/7 Westech Place, Glen Eden, Auckland","restaurant,food,point_of_interest,establishment",restaurant
ChIJtwdIBRJBDW0R7WFaN29l7rM,Clove Indian Eatery,-36.9065568,174.6610519,"2/4038 Great North Road, Kelston, Auckland","restaurant,food,point_of_interest,establishment",restaurant
ChIJx69SQUNBDW0Ref1peoWPSwk,Lixiri's Kitchen,-36.9115983,174.6556064,"89 West Coast Road, Glen Eden, Auckland","restaurant,food,point_of_interest,establishment",restaurant
ChIJFcCWy11BDW0RWH7wMS4YcVY,Bamboo Garden Takeaway,-36.91445559999999,174.6713286,"82 Titirangi Road, New Lynn, Auckland","meal_takeaway,restaurant,food,point_of_interest,establishment",restaurant
ChIJh1ODzF1BDW0RsceRrYYi044,Roast & Wok Cuisine,-36.9144642,174.6713666,"82A Titirangi Road, New Lynn, Auckland","restaurant,food,point_of_interest,establishment",restaurant
ChIJY85gVwBBDW0RKQFv2ink9ek,kebabistan,-36.9051626,174.6594674,"4070 Great North Road, Kelston, Auckland","restaurant,food,point_of_interest,establishment",restaurant
ChIJ-QXkFktBDW0RDFHR3eNkKI0,Gengis Khan New Lynn Mongolian BBQ Buffet,-36.9036711,174.6882688,"3007 Great North Road, New Lynn, Auckland","restaurant,food,point_of_interest,establishment",restaurant
ChIJY2VfXa5GDW0RQXqnvqdem9I,Mumbai Chaat - Indian Takeaway,-36.9132933,174.6962218,"71 Taylor Street, Blockhouse Bay, Auckland","meal_takeaway,store,restaurant,food,point_of_interest,establishment",restaurant
ChIJHdo_lclGDW0R2ewwOM9mKu8,The Coffee Club Avondale,-36.8990657,174.6957758,"2057 Great North Road, Avondale, Auckland","cafe,store,restaurant,food,point_of_interest,establishment",restaurant
ChIJgz17O7pGDW0R0PCQGuPcvH4,Bolliwood Xpress: Indian Takeaway,-36.9067547,174.7018083,"286 Blockhouse Bay Road, Blockhouse Bay, Auckland","meal_takeaway,restaurant,food,point_of_interest,establishment",restaurant
ChIJ9aG5PRFADW0Rh882VnFPjDY,What-A-BBQ Smokehouse!,-36.9065981,174.691629,"34a Portage Road, New Lynn, Auckland","bar,meal_takeaway,restaurant,food,point_of_interest,establishment",restaurant
ChIJ5fupklJBDW0R3GlSZzDcT7E,Columbus Coffee,-36.9111251,174.6883697,"5 Astley Avenue, New Lynn, Auckland","cafe,store,restaurant,food,point_of_interest,establishment",restaurant
ChIJrVWA5ExBDW0RrNKxk-WQC_U,The Freyberg Restaurant - New Lynn RSA,-36.907784,174.687943,"2 Veronica Street, New Lynn, Auckland","restaurant,food,point_of_interest,establishment",restaurant
ChIJDc54Z0xBDW0RFZoFAQX9ye4,Hansan New Lynn,-36.9069488,174.6871243,"114/3058 Great North Road, New Lynn, Auckland","restaurant,food,point_of_interest,establishment",restaurant
ChIJX4ZjZkxBDW0RYPjREzsJRLQ,Bodrum Kitchen - Brickworks,-36.9068343,174.6868578,"The Brickworks, t111/3058 Great North Road, New Lynn, Auckland","restaurant,food,point_of_interest,establishment",restaurant
ChIJa9wQYUxBDW0RIt0UPmub6CI,Goode Brothers,-36.9065244,174.6869151,"Lynn Mall 118/3058 Great North Rd, New Lynn, Auckland","bar,restaurant,food,point_of_interest,establishment",restaurant
ChIJrd8NZ0xBDW0RKjyQFco8vUQ,Cleaver & Co,-36.90679059999999,174.686722,"shop 110/3058 Great North Road, New Lynn, Waitakere","restaurant,food,point_of_interest,establishment",restaurant
ChIJ87GIyMhGDW0RcXBTFcdNk8Q,Taste Cafe & Bakery Avondale,-36.8966657,174.697626,"1 Crayford Street West, Avondale, Auckland","cafe,bakery,store,restaurant,food,point_of_interest,establishment",restaurant
ChIJraAJPqVGDW0RNicDcV0hNAE,Golden Yellow Chinese Takeaway,-36.9126942,174.7018331,"361 Blockhouse Bay Road, Blockhouse Bay, Auckland","meal_takeaway,restaurant,food,point_of_interest,establishment",restaurant
ChIJhQ2mJ5pGDW0RVaGrUQJjK7s,Jai Jalaram Khaman,-36.9139246,174.716001,"39 Boundary Road, Blockhouse Bay, Auckland","meal_takeaway,restaurant,food,point_of_interest,establishment",restaurant
ChIJj5x4I7pGDW0RVarRzTLAlgg,Angelo's Roast Takeaway - Blockhouse Bay,-36.90665329999999,174.7018191,"278 Blockhouse Bay Road, Avondale, Auckland","meal_takeaway,restaurant,food,point_of_interest,establishment",restaurant
ChIJt6xU5m9HDW0RZWLhQ6xTUrI,Subway,-36.8944317,174.6963823,"1864 Great North Road, Avondale, Auckland","restaurant,food,point_of_interest,establishment",restaurant
ChIJ7zW6xs5GDW0Rea9v9nT8SdQ,Curry King Indian Takeaway,-36.8941281,174.6966391,"1854 Great North Road, Avondale, Auckland","restaurant,food,point_of_interest,establishment",restaurant
ChIJ1xKsxs5GDW0RHq4yqlDxQUg,Sushi Bee,-36.89411899999999,174.696587,"1854A Great North Road, Avondale, Auckland","restaurant,meal_takeaway,meal_delivery,food,point_of_interest,establishment",restaurant
ChIJwUZlMZ5GDW0Roo6dCt9vo5A,Domino's Pizza Blockhouse Bay,-36.92177799999999,174.7136386,"207/209 White Swan Road, Mount Roskill, Auckland","meal_takeaway,meal_delivery,restaurant,food,point_of_interest,establishment",restaurant
ChIJL1ywvzRBDW0RxT_U978ZcaQ,McDonald's Ash Street,-36.8960613,174.6883845,"50/60 Ash Street, Avondale, Auckland","restaurant,food,point_of_interest,establishment",restaurant
ChIJ36CElk1BDW0Ry89u7ePeQ3g,Wrap 'N' Pak,-36.909395,174.6861384,"12 Clark Street, New Lynn, Auckland","restaurant,food,point_of_interest,establishment",restaurant
ChIJGVgGE0xBDW0Rm6dAFCR-gow,Pizza Hut,-36.9074874,174.6853597,"Shop 98/3058 Great North Road, New Lynn, Auckland","meal_takeaway,meal_delivery,restaurant,food,point_of_interest,establishment",restaurant
ChIJv-NZV05BDW0RveL5KFVFOdI,BurgerFuel New Lynn,-36.9082061,174.6826957,"Shop 2/3070A Great North Road, New Lynn, Auckland","restaurant,food,point_of_interest,establishment",restaurant
ChIJH-6g2X5GDW0RZ10Iky-G7ic,Domino's Pizza New Lynn,-36.90839419999999,174.6825208,"3078 Great North Road, New Lynn, Auckland","meal_takeaway,meal_delivery,restaurant,food,point_of_interest,establishment",restaurant
ChIJg8nxFu8VDW0R9Eb8oq42JwU,KFC,-36.9058585,174.6858464,"3052 Great North Road &, Veronica Street, New Lynn, Auckland","meal_takeaway,restaurant,food,point_of_interest,establishment",restaurant
ChIJD2UEGUxBDW0RjT_4eZ7d0k0,St Pierres Sushi & Bento Bowl (Lynn Mall),-36.9072327,174.6849584,"Shop 107, LynnMall Shopping Centre 3058 Great North Road, New Lynn, Auckland","restaurant,food,point_of_interest,establishment",restaurant
ChIJ73gWj5ZGDW0RSJhQyJTMo7g,Great Sun,-36.9074173,174.7135634,"191 New Windsor Road, New Windsor, Auckland","meal_takeaway,restaurant,food,point_of_interest,establishment",restaurant
ChIJu9ZEHatGDW0R3L7n79yn6bA,Bolton St Cafe,-36.9189314,174.6917346,"120 Bolton Street, New Lynn, Auckland","cafe,store,restaurant,food,point_of_interest,establishment",restaurant
ChIJy2sOAwBHDW0RHj1ZAXmSdC4,Ggsanon / Nxheatblast Thai Food,-36.9105451,174.6958609,"Taylor Close, Blockhouse Bay, Auckland","restaurant,food,point_of_interest,establishment",restaurant
ChIJSTFaqxtHDW0RScy4S44BQyM,Indian Chataka,-36.90925809999999,174.6954052,"82 Wolverton Street, Avondale, Auckland","restaurant,meal_takeaway,food,point_of_interest,establishment",restaurant
ChIJz29dClBHDW0R-6wL0ebzCf0,Khan's Kebab Club,-36.9081056,174.6965477,"166C Saint Georges Road, Avondale, Auckland","restaurant,food,point_of_interest,establishment",restaurant
ChIJ8TXqG7FGDW0R4dFrYZg_bF0,Malaysian Noodles & Rice House,-36.9078451,174.6974472,"57D Wolverton Street, Avondale, Auckland","meal_takeaway,restaurant,food,point_of_interest,establishment",restaurant
ChIJrVn447BGDW0RD4sOHdg641Q,Pizza Club - Avondale,-36.907602,174.6979097,"9/2 Lansford Crescent, Avondale, Auckland","meal_takeaway,meal_delivery,restaurant,food,point_of_interest,establishment",restaurant
ChIJH0s2sPdHDW0RTT9HM8iCzII,Atithi-Vegetarian,-36.9075457,174.6980047,"10/2 Lansford Crescent, Avondale, Auckland","restaurant,food,point_of_interest,establishment",restaurant
ChIJ3fztZENGDW0RGhNaUtGkcww,Dosa Plaza May Road,-36.9078077,174.7358434,"41 May Road, Mount Roskill, Auckland","restaurant,food,point_of_interest,establishment",restaurant
ChIJIZscIYZGDW0RiGZUkQadMWU,Bikanervala Mt.roskill,-36.9128591,174.7277957,"2 White Swan Road, Mount Roskill, Auckland","restaurant,food,point_of_interest,establishment",restaurant
ChIJrx_bc4dGDW0RhQXwXMT2W8M,Roops Vegetarian Sweets and Snacks,-36.9159132,174.730507,"6/489 Richardson Road, Mount Roskill, Auckland","place_of_worship,restaurant,food,point_of_interest,establishment",restaurant
ChIJOQCg0n5GDW0Rwbh_jYBWmG4,Narmthong Thai Restaurant,-36.92039629999999,174.7366435,"1484A Dominion Road, Mount Roskill, Auckland","meal_takeaway,restaurant,food,point_of_interest,establishment",restaurant
ChIJycTt5mNGDW0RyV5A_m4zg0Q,Select Pizza,-36.90795689999999,174.7357655,"47 May Road, Mount Roskill, Auckland","restaurant,food,point_of_interest,establishment",restaurant
ChIJ_2bUnohGDW0RonqICFPsjHk,Richardson Takeaways,-36.9122431,174.727802,"452 Richardson Road, Mount Roskill, Auckland","meal_takeaway,restaurant,food,point_of_interest,establishment",restaurant
ChIJ-VdH2mdGDW0RtKisYsYBXrU,永发饭店总店Yong Fa Restaurant,-36.9043846,174.7416677,"1001 Dominion Road, Mount Roskill, Auckland","restaurant,food,point_of_interest,establishment",restaurant
ChIJffvpMWJGDW0Rt8HELYwn3jA,Pizza Express,-36.907725,174.733283,"22 Stoddard Road, Mount Roskill, Auckland","restaurant,food,point_of_interest,establishment",restaurant
ChIJlTVTDItGDW0RHv24tWOJdAs,St Pierres Sushi (Mt Roskill),-36.9071866,174.7331661,"22 Stoddard Road, Wesley, Auckland","restaurant,food,point_of_interest,establishment",restaurant
ChIJCSbxKmJGDW0RS_cNvD5z59Q,Kebab Sensation,-36.9072319,174.7332938,"t103/22 Stoddard Road, Wesley, Auckland","restaurant,food,point_of_interest,establishment",restaurant
ChIJffvpMWJGDW0RswRTOzNueDg,Subway,-36.90708709999999,174.7332157,"Stoddard Retail Centre, t100/22 Stoddard Road, Wesley, Auckland","restaurant,food,point_of_interest,establishment",restaurant
ChIJQUmTKmJGDW0Rh7mB-dnxOfY,McDonald's Stoddard Road,-36.90759999999999,174.7341,"22 Stoddard Road, Wesley, Auckland","restaurant,food,point_of_interest,establishment",restaurant
ChIJU-dwCopGDW0RQI6L9hWbtDQ,Baklawa Cafe (Shefco),-36.9062652,174.7315315,"46 Stoddard Road, Wesley, Auckland","restaurant,food,point_of_interest,establishment",restaurant
ChIJP4_d5mNGDW0RATWc2V-zXEI,Ring a Rib,-36.90798759999999,174.7356644,"47 May Road, Mount Roskill, Auckland","restaurant,food,point_of_interest,establishment",restaurant
ChIJadVPxEJGDW0RenLUZPT-G0k,J's tea,-36.9006145,174.7425807,"1041/919 Dominion Road, Mount Roskill, Auckland","restaurant,food,point_of_interest,establishment",restaurant
ChIJbdroM19GDW0ROFwLCQvt96A,Mithaiwala Indian Vegetarian Restaurant,-36.8970182,174.7333024,"685 Sandringham Road, Wesley, Auckland","bar,meal_takeaway,store,restaurant,food,point_of_interest,establishment",restaurant
ChIJDYbYIENGDW0RWou5O6AlvM8,Shivani - Mt Roskill,-36.899686,174.743035,"905 Dominion Road, Mount Roskill, Auckland","meal_takeaway,store,restaurant,food,point_of_interest,establishment",restaurant
ChIJvzNsD2hGDW0RU_j5rbGOqWg,正记Zheng Kee Restaurant,-36.90322479999999,174.7424241,"1238 Dominion Road, Mount Roskill, Auckland","restaurant,food,point_of_interest,establishment",restaurant
ChIJe1C5ZENGDW0RZeB2jtk4X-4,Marco Polo Roasts,-36.8973465,174.743994,"873 Dominion Road, Sandringham, Auckland","meal_takeaway,restaurant,food,point_of_interest,establishment",restaurant
ChIJub6KeUNGDW0RT1TM4VB9FoA,Canton Soup Restaurant,-36.89775849999999,174.7440825,"952 Dominion Road, Mount Roskill, Auckland","restaurant,food,point_of_interest,establishment",restaurant
ChIJqdY7Y0NGDW0RDRtacoPa50U,Hanna Korean BBQ,-36.89740739999999,174.7439326,"869 Dominion Road, Mount Roskill, Auckland","restaurant,food,point_of_interest,establishment",restaurant
ChIJ4ymnPO1GDW0Rjez8LxW-vzY,Richardson's Restaurant - Bar,-36.90046359999999,174.7192054,"211 Richardson Road, Mount Roskill, Auckland","restaurant,food,point_of_interest,establishment",restaurant
ChIJq_P7CmhGDW0R7E5MSvSagcA,Roskill Fish & Chips,-36.90372359999999,174.7422576,"1256 Dominion Road, Mount Roskill, Auckland","meal_takeaway,restaurant,food,point_of_interest,establishment",restaurant
ChIJyxfU1mdGDW0RMYoCCohfLks,White Swan Food Bar,-36.9125104,174.7281197,"466 Richardson Road, Mount Roskill, Auckland","meal_takeaway,restaurant,food,point_of_interest,establishment",restaurant
ChIJlTVTDItGDW0RBNGTVWuOj-E,"The Coffee Club Stoddard Road, Mt. Roskill",-36.9078343,174.7334568,"Shopping Centre Shop T209/22 Stoddard Road, Mount Roskill, Auckland","cafe,store,restaurant,food,point_of_interest,establishment",restaurant
ChIJTS_LK2JGDW0Rlc-CGlqbGrs,BurgerFuel Mt Roskill,-36.9071641,174.7332652,"22 Stoddard Road, Mount Roskill, Auckland","restaurant,food,point_of_interest,establishment",restaurant
ChIJiRxmiWFGDW0Rk3kCOkJG8i4,Spice Traders,-36.90717160000001,174.7333111,"22 Stoddard Road, Mount Roskill, Auckland","restaurant,food,point_of_interest,establishment",restaurant
ChIJVX9C8mFGDW0Rge9DRBCFH9Q,Tasty Foods,-36.90680379999999,174.7325379,"34 Stoddard Road, Mount Roskill, Auckland","restaurant,food,point_of_interest,establishment",restaurant
ChIJeTJm5RtHDW0RdLbHyBuR52U,Nana's Fish House ( Halal Certified ),-36.9066249,174.7322681,"36 Stoddard Road, Wesley, Auckland","restaurant,food,point_of_interest,establishment",restaurant
ChIJMX5aknpHDW0RwN_4joW6vok,Zacharie Charette,-36.906625,174.7322797,"36 Stoddard Road, Wesley, Auckland","restaurant,food,point_of_interest,establishment",restaurant
ChIJx8KEbHlHDW0RYGDsd-jOooI,Flavour Bites Kebab & Grill,-36.906538,174.7322285,"38 Stoddard Road, Wesley, Auckland","restaurant,food,point_of_interest,establishment",restaurant
ChIJvwJ_SgBNDW0RCEpoBZsEBB4,Bull's Burgers,-36.9157966,174.7305176,"Shop 2/489 Richardson Road, Mount Roskill, Auckland","meal_takeaway,restaurant,food,point_of_interest,establishment",restaurant
ChIJzXdsYwBHDW0RdOUn9XzMB8U,PK STREET FOOD,-36.9064705,174.7321968,"40 Stoddard Road, Wesley, Auckland","meal_takeaway,restaurant,food,point_of_interest,establishment",restaurant
ChIJrx_bc4dGDW0RMghV36kO5nA,Mumbai Dhaba,-36.915826,174.730545,"489 Richardson Road, Mount Roskill, Auckland","restaurant,food,point_of_interest,establishment",restaurant
ChIJPw0ZCIxHDW0RFY2TT7nZSns,Deggi Mirch,-36.9061061,174.7296565,"64 Stoddard Road, Mount Roskill, Auckland","meal_takeaway,restaurant,food,point_of_interest,establishment",restaurant
ChIJEcYkOIpGDW0RDmU13wBIiak,Home Made Food,-36.9061049,174.7295617,"64 Stoddard Road, Wesley, Auckland","restaurant,food,point_of_interest,establishment",restaurant
ChIJkTHM_A9HDW0RT9lf20IrZRA,Pasand Pizza,-36.91592869999999,174.730589,"5/489 Richardson Road, Mount Roskill, Auckland","meal_takeaway,restaurant,food,point_of_interest,establishment",restaurant
ChIJNaBecodGDW0RaTH-xWWvm-8,H M Bakery and Lunch Bar,-36.9159419,174.7304367,"Mount Roskill, Auckland","restaurant,food,point_of_interest,establishment",restaurant
ChIJSYLiAQBNDW0RJp5jcGCCFcU,Mysore Dosa,-36.90588389999999,174.7297107,"3/64 Stoddard Road, Mount Roskill, Auckland","restaurant,food,point_of_interest,establishment",restaurant
ChIJ8W-WR4pGDW0Rdh7sxhLIj60,Des Traditions,-36.905766,174.730744,"54 Stoddard Road, Mount Roskill, Auckland","restaurant,food,point_of_interest,establishment",restaurant
ChIJF9fca4pGDW0RAnPvUKeynJU,Tasty Kebab,-36.9057245,174.7304794,"56 Stoddard Road, Mount Roskill, Auckland","meal_takeaway,restaurant,food,point_of_interest,establishment",restaurant
ChIJ7YQQPPpHDW0RsQ4Z7HxwPQU,Restaurant,-36.9057354,174.73074,"54 Stoddard Road, Mount Roskill, Auckland","restaurant,food,point_of_interest,establishment",restaurant
ChIJf2SnPiZHDW0RfFooLaWq38U,Sun Rise indian Cuisine,-36.9078077,174.7358434,"41 May Road, Mount Roskill, Auckland","restaurant,food,point_of_interest,establishment",restaurant
ChIJo_xdVm5HDW0RAeTuxSbT15Q,The Egg & Herb,-36.9054183,174.7284504,"72 Stoddard Road, Wesley, Auckland","restaurant,food,point_of_interest,establishment",restaurant
ChIJPbOQ-exHDW0RGnzPIqo3ALA,Taste Bites,-36.9049228,174.7277555,"96 Stoddard Road, Wesley, Auckland","restaurant,food,point_of_interest,establishment",restaurant
ChIJn0biBiZHDW0Rl785HEqTusg,Bade Miyan & Chote Miyan,-36.9049228,174.7277555,"96 Stoddard Road, Wesley, Auckland","meal_takeaway,restaurant,food,point_of_interest,establishment",restaurant
ChIJg3LFfXNBDW0R8dSopgAcfvg,Kaki ka kitchen,-36.9049228,174.7277555,"96 Stoddard Road, Wesley, Auckland","meal_takeaway,restaurant,food,point_of_interest,establishment",restaurant
ChIJp9KHsQlHDW0Rf_RwmIu2wJQ,Apna Adda,-36.90470299999999,174.7286398,"90 Stoddard Road, Wesley, Auckland","restaurant,food,point_of_interest,establishment",restaurant
ChIJ4Xj9H4NBDW0RuXzEOOfelgY,JunctionGJ5,-36.9046822,174.7286186,"90 Stoddard Road, Mount Roskill, Auckland","restaurant,meal_takeaway,food,point_of_interest,establishment",restaurant
ChIJx4ofJTpHDW0R3ykmHwA9qeM,Mumbai Dosa Express,-36.9046221,174.7282673,"106 Stoddard Road Mount Roskill, Mt Roskill, Auckland","restaurant,food,point_of_interest,establishment",restaurant
ChIJG4InyPdHDW0R1hcAcDdUtME,Bhookh lagi hai,-36.9046108,174.7282453,"106 Stoddard Road, Wesley, Auckland","meal_takeaway,restaurant,food,point_of_interest,establishment",restaurant
ChIJjT1p4YRGDW0Rkfev0Rs7boY,Shreeji Indian Vegetarian Takeways,-36.9153559,174.7226445,"5 Ellis Avenue, Mount Roskill, Auckland","restaurant,food,point_of_interest,establishment",restaurant
ChIJqxoAV6ZIDW0Ra89JAnJRESQ,Ollies Ice Cream & Eatin' House,-36.9122379,174.7764292,"802 Manukau Road, Royal Oak, Auckland","store,restaurant,food,point_of_interest,establishment",restaurant
ChIJxZunq6dIDW0RKDPny5VcqwM,Royal Siam Thai Restaurant,-36.9122632,174.7757794,"124 Symonds Street, Royal Oak, Auckland","restaurant,food,point_of_interest,establishment",restaurant
ChIJZScGCKdIDW0RF5jin8Rt4Us,The Zookeeper's Son,-36.9119743,174.7751762,"715 Mount Albert Road, Royal Oak, Auckland","bar,restaurant,food,point_of_interest,establishment",restaurant
ChIJ2cWCDadIDW0RjUJXV2unzBk,McDonald's Royal Oak,-36.9113472,174.7747306,"Royal Oak Shopping Centre, Mount Albert Road, Royal Oak, Auckland","restaurant,food,point_of_interest,establishment",restaurant
ChIJhZif8qZIDW0ROG0MDd5SWCM,Thai Archer Restaurant,-36.9113832,174.7772189,"10 Campbell Road, Royal Oak, Auckland","restaurant,food,point_of_interest,establishment",restaurant
ChIJD6VxoiBGDW0Rsu2sctqmXGY,Teppan Dining Bowz,-36.89976999999999,174.7728572,"5 Pah Road, Epsom, Auckland","restaurant,food,point_of_interest,establishment",restaurant
ChIJzV2foiBGDW0ROPBzbgZDJuc,One Tree Grill,-36.8998252,174.77273,"9 Pah Road, Epsom, Auckland","restaurant,food,point_of_interest,establishment",restaurant
ChIJqYSbU6ZIDW0RR5jhT0JEeEA,Royal Cuisine Takeaways & Restaurant,-36.9123966,174.776133,"115 Symonds Street, Royal Oak, Auckland","restaurant,food,point_of_interest,establishment",restaurant
ChIJT9a8niBGDW0RXWgm5PP8QwI,Chaahat Indian Cuisine,-36.9004694,174.7730599,"3/583 Manukau Road, Epsom, Auckland","restaurant,food,point_of_interest,establishment",restaurant
ChIJwTZRd-pJDW0RXKzbmEQBwOs,HELL Pizza Royal Oak,-36.9114244,174.7750582,"27A/691 Manukau Road, Royal Oak, Auckland","meal_delivery,meal_takeaway,restaurant,food,point_of_interest,establishment",restaurant
ChIJeVZqJ6dIDW0RKeBmN41HhL0,Seafood Takeaways,-36.9102603,174.7758357,"730 Manukau Road, Royal Oak, Auckland","restaurant,food,point_of_interest,establishment",restaurant
ChIJMWoMYaZIDW0R-HRA2cZuU_0,Pizza Hut,-36.91197499999999,174.7773438,"8/10 Mount Smart Road, Royal Oak, Auckland","meal_delivery,meal_takeaway,restaurant,food,point_of_interest,establishment",restaurant
ChIJp9jm4qZIDW0RlJxLgp2vAdw,The Takashi Japanese Kitchen,-36.9111903,174.776112,"774 Manukau Road, Royal Oak, Auckland","restaurant,food,point_of_interest,establishment",restaurant
ChIJ9zDfsBBGDW0RiFwSxof-_5U,Friends Kitchen Restaurant,-36.9092955,174.7619168,"4/557 Mount Albert Road, Royal Oak, Auckland","restaurant,food,point_of_interest,establishment",restaurant
ChIJ7WMWVQlGDW0Ree6AAupHFwA,The Curry Village Hillsborough,-36.9194007,174.7578187,"161 Hillsborough Road, Hillsborough, Auckland","meal_takeaway,restaurant,food,point_of_interest,establishment",restaurant
ChIJK9NVPqdIDW0R5OetueZBfjQ,Subway,-36.9114115,174.7749348,"Royal Oak Mall Shop 26/691 Manukau Road, Royal Oak, Auckland","restaurant,food,point_of_interest,establishment",restaurant
ChIJ-_1UQ6ZIDW0RumOp-3Fqt2Q,KFC,-36.9124619,174.7768168,"810/822 Manukau Road, Royal Oak, Auckland","meal_takeaway,restaurant,food,point_of_interest,establishment",restaurant
ChIJ7zcMYaZIDW0RgTBVtyV6bqk,Noodle Canteen,-36.9119874,174.7772485,"8/10 Mount Smart Road, Royal Oak, Auckland","restaurant,food,point_of_interest,establishment",restaurant
ChIJmzxOiqZIDW0R3z4VfbDbg0M,Pita Pit Royal Oak,-36.91196669999999,174.777424,"8 Mount Smart Road, Royal Oak, Auckland","restaurant,food,point_of_interest,establishment",restaurant
ChIJnXd2eBRGDW0Ro5EgTr7Pkis,The Brass Boxer Sports Bar,-36.9096229,174.7554962,"509 Mount Albert Road, Three Kings, Auckland","casino,cafe,bar,restaurant,food,point_of_interest,establishment",restaurant
ChIJX8w3piBGDW0RrBjbDC7_yIY,Little Jimmy,-36.8990573,174.7730699,"557 Manukau Road, Epsom, Auckland","restaurant,bar,food,point_of_interest,establishment",restaurant
ChIJ9fwLjz5GDW0RG9c5LcLi9zQ,Orvieto Cafe,-36.9000648,174.7569923,"935 Mount Eden Road, Mount Eden, Auckland","cafe,restaurant,food,point_of_interest,establishment",restaurant
ChIJt-GL5RNGDW0RQSKf0CIf_c4,Royal Horse 駿馬快餐,-36.909405,174.75702,"523 Mount Albert Road, Three Kings, Auckland","restaurant,food,point_of_interest,establishment",restaurant
ChIJC2UqJ6dIDW0RyUjsWpkB49c,"Royal Kebab , Royal Oak",-36.91035309999999,174.7758893,"734 Manukau Road, Royal Oak, Auckland","restaurant,food,point_of_interest,establishment",restaurant
ChIJ5_UFAqdIDW0RKvKF8Hv_MRo,The Chip Shop,-36.9116821,174.7759241,"711 Manukau Road, Royal Oak, Auckland","meal_takeaway,restaurant,food,point_of_interest,establishment",restaurant
ChIJt10rHqdIDW0R0tNomwEWyIU,Kairali,-36.9108784,174.7760183,"1/754 Manukau Road, Royal Oak, Auckland","meal_takeaway,restaurant,food,point_of_interest,establishment",restaurant
ChIJcZJJ3hBHDW0RvvbASCAc0W4,Bhojan Indian Restaurant and Bar Royal Oak,-36.90934740000001,174.7620981,"563 Mount Albert Road, Royal Oak, Auckland","restaurant,food,point_of_interest,establishment",restaurant
ChIJj4lQPABHDW0RnZSdoN65DW0,Signature Kebab & chicken,-36.9092955,174.7619168,"557 Mount Albert Road, Royal Oak, Auckland","restaurant,food,point_of_interest,establishment",restaurant
ChIJx2K7HMBHDW0RoLme0MjPN54,Mrs Bun&Dumpling Threekings,-36.9088077,174.7559719,"NZ, 540d Mount Albert Road, Three Kings, Auckland","restaurant,food,point_of_interest,establishment",restaurant
ChIJ2VQsmxNGDW0RWkxn5xw7tHo,Lucky Fortune Restaurant,-36.9088461,174.7553646,"532 Mount Albert Road, Three Kings, Auckland","restaurant,food,point_of_interest,establishment",restaurant
ChIJKx1dERZHDW0RvPpfm6rp0VM,Taste Of India Three Kings,-36.9097841,174.7546011,"2 Dornwell Road, Three Kings, Auckland","restaurant,food,point_of_interest,establishment",restaurant
ChIJ_3ZAjOZHDW0RuQAKpB26ty4,Kreem Cafe Mount Roskill,-36.91499940000001,174.7559377,"4 Carr Road, Three Kings, Auckland","cafe,bakery,meal_takeaway,restaurant,food,store,point_of_interest,establishment",restaurant
ChIJh5DnELZHDW0RH-Z0bJcwQL4,Just Like Martha,-36.904878,174.7589917,"985 Mount Eden Road, Three Kings, Auckland","cafe,restaurant,food,point_of_interest,establishment",restaurant
ChIJBb4hdRNGDW0R93kYQ83huGU,Three Kings Takeaways,-36.9095321,174.7543205,"501E Mount Albert Road, Three Kings, Auckland","meal_takeaway,restaurant,food,point_of_interest,establishment",restaurant
ChIJ-VoEhwlHDW0RTLe2vnW4Ib8,BIKANER CHAAT,-36.90949249999999,174.7541753,"501B Mount Albert Road, Mount Roskill, Auckland","restaurant,food,store,point_of_interest,establishment",restaurant
ChIJGetNkIlHDW0Rxir5zRZigRw,GYPSY KITCHEN,-36.9134224,174.753017,"51 Carr Road, Three Kings, Auckland","meal_takeaway,restaurant,food,point_of_interest,establishment",restaurant
ChIJT4CyIOlHDW0RRYU8JxC1pk8,Nebula cafe and takeaways,-36.9134224,174.753017,"51 Carr Road, Three Kings, Auckland","restaurant,food,point_of_interest,establishment",restaurant
ChIJD3FjkzBHDW0RNbxcfwu67HU,Sahara Grill,-36.9134224,174.753017,"51 Carr Road, Three Kings, Auckland","meal_takeaway,restaurant,food,point_of_interest,establishment",restaurant
ChIJ0Qypb6dIDW0RdYZWRNdw9hM,Wendy's Hamburgers,-36.91114879999999,174.7741073,"704 Mount Albert Road, Royal Oak, Auckland","restaurant,food,point_of_interest,establishment",restaurant
ChIJZ_M6OqpJDW0RMJQmzPMxeuw,Aiko Sushi - PAK'nSAVE Royal Oak,-36.9100387,174.7746125,"691 Manukau Road, Royal Oak, Auckland","meal_takeaway,restaurant,food,point_of_interest,establishment",restaurant
ChIJuxCgW21GDW0RX9hYgAFaTJ0,Hsiu Yuan Food Co,-36.9129644,174.7515594,"59 Carr Road, Mount Roskill, Auckland","restaurant,food,point_of_interest,establishment",restaurant
ChIJ5RBMZFpHDW0RP2PS-7VwaB0,Samuel Schuster,-36.9129408,174.7515302,"59 Carr Road, Mount Roskill, Auckland","restaurant,food,point_of_interest,establishment",restaurant
ChIJK9NVPqdIDW0RNdr3_rJVTiQ,Sahil Indian Cuisine,-36.91054739999999,174.774719,"691 Manukau Road, Royal Oak, Auckland","restaurant,food,point_of_interest,establishment",restaurant
ChIJ65CIQKdIDW0RIERnpco4k1U,Oak Eatery,-36.91049539999999,174.7747333,"Mall 2/691 Manukau Road, Royal Oak, Auckland","cafe,restaurant,food,point_of_interest,establishment",restaurant
ChIJ9UnNcdlHDW0Rw_0MetyZTOQ,Bun Hut 津味十足主食厨房,-36.9141283,174.7518709,"24 Carr Road, Three Kings, Auckland","restaurant,food,point_of_interest,establishment",restaurant
ChIJt39iNp1HDW0RQ4WmDxj5i2Y,"Pizza Boyz - Hillsborough, Auckland",-36.91947389999999,174.7577394,"161B Hillsborough Road, Hillsborough, Auckland","meal_takeaway,restaurant,food,point_of_interest,establishment",restaurant
ChIJBe4VnFJJDW0RDp3xIfF9LA8,Chatori Gali,-36.9122495,174.7749164,"713 Mount Albert Road, Royal Oak, Auckland","restaurant,food,point_of_interest,establishment",restaurant
ChIJnW2xDZNJDW0RMRbt29VlT78,Two guys chicken burger,-36.9106145,174.7751333,"691 Manukau Road, Royal Oak, Auckland","restaurant,food,point_of_interest,establishment",restaurant
ChIJz8y6TW1JDW0R5UIpkkcBd_A,Umiya Sushi Royal Oak,-36.9106145,174.7751333,"691 Manukau Road, Royal Oak, Auckland","restaurant,food,point_of_interest,establishment",restaurant
ChIJ56_2p6dIDW0RxcBDyunHc1U,Let Me Out,-36.9120162,174.7752354,"715 Mount Albert Road, Royal Oak, Auckland","restaurant,food,point_of_interest,establishment",restaurant
ChIJoS4P8qBIDW0RcI5QGgb-rhY,Little Urban,-36.907378,174.7747894,"653 Manukau Road, Royal Oak, Auckland","cafe,restaurant,food,point_of_interest,establishment",restaurant
ChIJqUXBHqdIDW0RFO17NC_kfHo,Happy Cafe (荣华美食）,-36.9109151,174.775656,"697 Manukau Road, Royal Oak, Auckland","restaurant,food,point_of_interest,establishment",restaurant
ChIJHR_4v39JDW0RHValOeea5MY,Mighty Hotdog Royal Oak,-36.9114227,174.7757916,"705 Manukau Road, Royal Oak, Auckland","meal_takeaway,restaurant,food,point_of_interest,establishment",restaurant
ChIJt0-jKOVJDW0RUD-S3hgsWK0,Sal's Authentic NY Pizza - Royal Oak,-36.9122946,174.7757677,"122 Symonds Street, Royal Oak, Auckland","restaurant,food,point_of_interest,establishment",restaurant
ChIJW1o-AqdIDW0Rg0DdW8C2Wkg,Bento Japanese Restaurant,-36.911616,174.7758525,"709 Manukau Road, Royal Oak, Auckland","restaurant,food,point_of_interest,establishment",restaurant
ChIJZ1B5-KdJDW0RyfzYHcvoi9c,WAGYU SHOGUN,-36.91015179999999,174.7758573,"726 Manukau Road, Royal Oak, Auckland","restaurant,food,point_of_interest,establishment",restaurant
ChIJDwn0AadIDW0RGUskM9F4mxI,King's Restaurant,-36.9117075,174.7758779,"713 Manukau Road, Royal Oak, Auckland","restaurant,food,point_of_interest,establishment",restaurant
ChIJeVZqJ6dIDW0Rt2S1nbDyOWo,Al & Petes,-36.9102539,174.7758723,"Royal Buildings 730 Manukau Road, Royal Oak, Auckland","restaurant,food,point_of_interest,establishment",restaurant
ChIJn-EmKs1HDW0ROHltXpnmbVY,Panda Noodles,-36.9161377,174.7517573,"86 Melrose Road, Mount Roskill, Auckland","restaurant,food,point_of_interest,establishment",restaurant
ChIJBXogPLJIDW0RE5u74JlTGHY,Curry Leaf Indian Restaurant,-36.9215353,174.7853356,"237 Onehunga Mall, Onehunga, Auckland","restaurant,food,point_of_interest,establishment",restaurant
ChIJUdbi8uRIDW0RbtuKHVoE5NM,BurgerFuel Ellerslie,-36.896985,174.808365,"2 Robert Street, Ellerslie, Auckland","restaurant,food,point_of_interest,establishment",restaurant
ChIJ32Qj9bFIDW0R7WVIaGli0YA,Burger Wisconsin,-36.92036509999999,174.7849049,"262 Onehunga Mall, Onehunga, Auckland","meal_takeaway,restaurant,food,point_of_interest,establishment",restaurant
ChIJ1_PT87FIDW0RQJgsNcsshMA,Lucky Wok Takeaways,-36.9199697,174.7847725,"282 Onehunga Mall, Onehunga, Auckland","meal_takeaway,restaurant,food,point_of_interest,establishment",restaurant
ChIJ_TnTjeNIDW0RXb9m20sc3dM,MELBA Ellerslie,-36.8984251,174.8104198,"2/135 Main Highway, Ellerslie, Auckland","cafe,restaurant,food,point_of_interest,establishment",restaurant
ChIJ235FkuNIDW0Rt_tp8ZlznaA,Columbus Coffee,-36.8984689,174.810751,"139 Main Highway, Ellerslie, Auckland","cafe,restaurant,food,point_of_interest,establishment",restaurant
ChIJR4jZj61IDW0RMCVGm4Bccgo,Domino's Pizza Onehunga,-36.9223242,174.7831583,"14 Waiapu Lane, Onehunga, Auckland","meal_delivery,meal_takeaway,restaurant,food,point_of_interest,establishment",restaurant
ChIJvb4gi-RIDW0RXPiTl8VmoRU,Doolan Brothers,-36.8972222,174.8086111,"3 Robert Street, Ellerslie, Auckland","bar,restaurant,food,point_of_interest,establishment",restaurant
ChIJHYHse-RIDW0R6KKgSYGkwXs,Union Post,-36.89781060000001,174.8095625,"124 Main Highway, Ellerslie, Auckland","bar,restaurant,food,point_of_interest,establishment",restaurant
ChIJf9ybxZFIDW0RjL6H_m-z5b0,Cornwall Park Bistro,-36.8978365,174.7836429,"One Tree Hill, Auckland","restaurant,food,point_of_interest,establishment",restaurant
ChIJlQi8sL9IDW0RPlTd3nXLJiE,One Tree Hill Takeaways,-36.9064524,174.7921097,"70a Tawa Road, One Tree Hill, Auckland","meal_takeaway,restaurant,food,point_of_interest,establishment",restaurant
ChIJAeQjceRIDW0RrF_fg7ferco,Charlie Baxter's,-36.89809169999999,174.8094834,"121 Main Highway, Ellerslie, Auckland","bar,restaurant,food,point_of_interest,establishment",restaurant
ChIJrfrJEiRJDW0RZ0bKNT4vIjM,central + kitchen,-36.90171169999999,174.8071059,"Building 8/666 Great South Road, Ellerslie, Auckland","cafe,restaurant,food,point_of_interest,establishment",restaurant
ChIJcZcm8rFIDW0Rf8ecj4B4dWE,Dragon Horse Takeaways Onehunga,-36.9198523,174.7848902,"284 Onehunga Mall, Onehunga, Auckland","meal_takeaway,restaurant,food,point_of_interest,establishment",restaurant
ChIJ_TnTjeNIDW0R3zycCk4eSb4,HELL Pizza Ellerslie,-36.8984074,174.8103701,"135 Main Highway, Ellerslie, Auckland","meal_delivery,meal_takeaway,restaurant,food,point_of_interest,establishment",restaurant
ChIJzeOammtJDW0RK7wSCGkICag,Urban India Bar & Eatery,-36.89643079999999,174.8082782,"8C Robert Street, Ellerslie, Auckland","restaurant,food,point_of_interest,establishment",restaurant
ChIJbdz12SlJDW0RLvxStVGk8XQ,McDonald's Penrose,-36.9195933,174.8156773,"358 Church Street, Penrose, Auckland","restaurant,food,point_of_interest,establishment",restaurant
ChIJ_0ARhuNIDW0RcBSTKbahzD0,Pizza Hut,-36.89754540000001,174.8087801,"2/112 Main Highway, Ellerslie, Auckland","meal_delivery,meal_takeaway,restaurant,food,point_of_interest,establishment",restaurant
ChIJfejuNLBIDW0REsRaKKAwdFY,Black Pepper Indian Restaurant,-36.9176156,174.7848026,"341A Onehunga Mall, Onehunga, Auckland","meal_delivery,meal_takeaway,restaurant,food,point_of_interest,establishment",restaurant
ChIJ7Q1OB-dIDW0RXNGcVJ3HCvo,亚海烧烤The Orient Cafe,-36.90294209999999,174.8074133,"453 Great South Road, Penrose, Auckland","restaurant,food,point_of_interest,establishment",restaurant
ChIJ3TL2DN5IDW0R2Ejz1la50lM,For The Love Of Food,-36.9066614,174.8102994,"14 Greenpark Road, Penrose, Auckland","restaurant,food,point_of_interest,establishment",restaurant
ChIJ0ZoJD-9IDW0RM-cx2urNmEo,Pita Pit Greenlane,-36.8976982,174.8027907,"604 Great South Road, Ellerslie, Auckland","meal_takeaway,restaurant,food,point_of_interest,establishment",restaurant
ChIJb0-6LLJIDW0RT9E6vRZ2MoE,"TANK DressSmart - Smoothies, Raw Juices, Salads & Wraps",-36.9207786,174.786318,"151 Arthur Street, Onehunga, Auckland","meal_takeaway,restaurant,food,point_of_interest,establishment",restaurant
ChIJBwNiLLJIDW0RD308wr_LX0s,Spice Traders,-36.9209158,174.7862162,"629B/151 Arthur Street, Onehunga, Auckland","restaurant,food,point_of_interest,establishment",restaurant
ChIJHfCqPedIDW0RYnV_EzzMhKI,Subway,-36.9035492,174.8087289,"682 Great South Road, Penrose, Auckland","restaurant,food,point_of_interest,establishment",restaurant
ChIJBwNiLLJIDW0RzBM1Q-iXR-U,Kebabs on Queen,-36.92102149999999,174.7862182,"151 Arthur Street, Onehunga, Auckland","restaurant,food,point_of_interest,establishment",restaurant
ChIJ-0VPFH83DW0R1JkX5vG53Zk,Richoux Patisserie,-36.8980811,174.8094552,"119 Main Highway, Ellerslie, Auckland","bakery,cafe,restaurant,food,store,point_of_interest,establishment",restaurant
ChIJyYuSIPNIDW0RObo5UYjH0sQ,Bien Japanese Cuisine,-36.89918979999999,174.8036277,"395 Great South Road, Greenlane, Auckland","meal_takeaway,restaurant,food,point_of_interest,establishment",restaurant
ChIJiTFUEu9IDW0R7j1g7CQ6w10,Habitual Fix,-36.8975048,174.8026572,"604 Great South Road, Greenlane, Auckland","restaurant,food,point_of_interest,establishment",restaurant
ChIJX7j4S6NIDW0R5OMgyICnqQ0,Arthur's Bar & Grill,-36.9203447,174.7858267,"267a Onehunga Mall, Onehunga, Auckland","bar,restaurant,food,point_of_interest,establishment",restaurant
ChIJfVXGdtFIDW0RbIQVTK67CvI,Cambodia Food Lunch Bar & Coffee,-36.9205361,174.8072333,"312 Church Street, Onehunga, Auckland","restaurant,food,point_of_interest,establishment",restaurant
ChIJh2ExhZFIDW0RJAZ3VT6WTPI,Cornwall Park Cafe,-36.8956428,174.788663,"Cornwall Park Pohutakawa Drive, Epsom, Auckland","cafe,restaurant,food,point_of_interest,establishment",restaurant
ChIJb2qRXeRIDW0RSpN4gut2D_4,Haru Sushi,-36.8977018,174.808561,"79 Main Highway, Ellerslie, Auckland","restaurant,food,point_of_interest,establishment",restaurant
ChIJGdTvKdY5DW0RUdhd-Cj1QAI,Mexico Ellerslie,-36.8977252,174.8092622,"Corner Ladies Mile &, Main Highway, Ellerslie, Auckland","restaurant,food,point_of_interest,establishment",restaurant
ChIJY0E-9ORIDW0RUumkI9bUzT8,Subway,-36.8968388,174.8084155,"2 Robert Street, Ellerslie, Auckland","restaurant,food,point_of_interest,establishment",restaurant
ChIJHfCqPedIDW0RsAnNdWmQDxk,Caltex - Penrose / Z Business,-36.9035685,174.808724,"682 Great South Road, Penrose, Auckland","gas_station,cafe,store,restaurant,food,point_of_interest,establishment",restaurant
ChIJZ6cEyUJJDW0RadmMH0TCa-8,Waipuna Hotel and Conference Centre,-36.9087887,174.8460607,"58 Waipuna Road, Mount Wellington, Auckland","lodging,restaurant,food,point_of_interest,establishment",restaurant
ChIJFdEVBx5JDW0RGDRj2nbOLhk,Ellerslie International,-36.9002899,174.8155931,"2 Wilkinson Road, Ellerslie, Auckland","car_rental,lodging,restaurant,food,point_of_interest,establishment",restaurant
ChIJg4KpSDtJDW0RU8MsXLC9bic,Big J's Takeaways,-36.9124938,174.8260805,"4/1 Melton Road, Mount Wellington, Auckland","meal_takeaway,restaurant,food,point_of_interest,establishment",restaurant
ChIJQ167Rk9JDW0RJJGXYrZDh9U,BurgerFuel Mt Wellington,-36.908778,174.838181,"295 Penrose Road, Mount Wellington, Auckland","restaurant,food,point_of_interest,establishment",restaurant
ChIJQ167Rk9JDW0R6xLD5AIY79E,Nando's Sylvia Park,-36.9146042,174.8417319,"Shop 207, Sylvia Park Shopping Centre, 286 Mount Wellington Highway, Mount Wellington, Auckland","meal_takeaway,restaurant,food,point_of_interest,establishment",restaurant
ChIJQ167Rk9JDW0R2B_Aqec52Ac,Garrison Public House,-36.9145705,174.8407604,"60/286 Mount Wellington Highway, Mount Wellington, Auckland","bar,restaurant,food,point_of_interest,establishment",restaurant
ChIJLWTObRJJDW0RgvlthdoyHS4,Red Sun Takeaway,-36.8964053,174.8323597,"5/2 Harris Road, Ellerslie, Auckland","meal_takeaway,restaurant,food,point_of_interest,establishment",restaurant
ChIJnVPEgjxJDW0RafnWZs_gCwI,Fry Me Up Takeaway,-36.90915469999999,174.8317221,"2 Commissariat Road, Mount Wellington, Auckland","meal_takeaway,restaurant,food,point_of_interest,establishment",restaurant
ChIJu5ZE9T5JDW0RlvmsjLcZqHA,Dil Takeaways,-36.90916439999999,174.8320836,"8/2 Commissariat Road, Mount Wellington, Auckland","restaurant,food,point_of_interest,establishment",restaurant
ChIJ7ectQkBJDW0Rcl8bWDYmEw0,St Pierres Sushi (Mt Wellington),-36.9092393,174.8376438,"Shop 1a, Mt. Wellington Shopping Centre, 295 Penrose Road, Penrose, Auckland","restaurant,food,point_of_interest,establishment",restaurant
ChIJtxeVTkBJDW0RLqcmGo9HD_4,Pizza Hut,-36.9085224,174.8373828,"Cnr Penrose &, Mount Wellington Highway, Mount Wellington, Auckland","meal_delivery,meal_takeaway,restaurant,food,point_of_interest,establishment",restaurant
ChIJa5qs5UZJDW0Rbd5i061rQ_w,"Subway Sylvia park Caltex (Inside caltex), Mount Wellington.",-36.9139857,174.8390482,"280 Mount Wellington Highway, Mount Wellington, Auckland","restaurant,food,point_of_interest,establishment",restaurant
ChIJu__QvkFJDW0RIq_CC7BiNeQ,"TANK Mt Wellington - Smoothies, Raw Juices, Salads & Wraps",-36.9084027,174.8393909,"200 Mount Wellington Highway, Mount Wellington, Auckland","meal_takeaway,restaurant,food,point_of_interest,establishment",restaurant
ChIJqQktvEFJDW0R8-xufCVuWHk,Sal's Authentic NY Pizza - Mt Wellington,-36.9084643,174.8394164,"200 Mount Wellington Highway, Mount Wellington, Auckland","restaurant,food,point_of_interest,establishment",restaurant
ChIJu__QvkFJDW0RPm-rtb4SuIQ,Zambrero Mt Wellington,-36.9084466,174.8394509,"200 Mount Wellington Highway, Mount Wellington, Auckland","restaurant,food,point_of_interest,establishment",restaurant
ChIJu__QvkFJDW0RTr47dOubITw,My Kitchen,-36.90827859999999,174.8393855,"200e Mount Wellington Highway, Mount Wellington, Auckland","restaurant,food,point_of_interest,establishment",restaurant
ChIJGw_3t0ZJDW0R2eL9rE1x0j4,Subway,-36.9134939,174.8407312,"286 Mount Wellington Highway, Mount Wellington, Auckland","restaurant,food,point_of_interest,establishment",restaurant
ChIJ__aRKURJDW0RFPMoIPMEfEM,PappaRich Sylvia Park,-36.9144583,174.8412917,"Shop N208, Sylvia Park, 286 Mount Wellington Highway, Mount Wellington, Auckland","restaurant,food,point_of_interest,establishment",restaurant
ChIJy-U7okZJDW0RNHf_Mu-ETJI,Kiwi Grill Sylvia Park Shopping Centre,-36.9170715,174.8421386,"286 Mount Wellington Highway, Mount Wellington, Auckland","restaurant,food,point_of_interest,establishment",restaurant
ChIJm9KgJ0RJDW0R7RSVqptVUIk,"TANK Sylvia Park - Smoothies, Raw Juices, Salads & Wraps",-36.9171098,174.842218,"Sylvia Park, 286 Mount Wellington Highway, Mount Wellington, Auckland","meal_takeaway,restaurant,food,point_of_interest,establishment",restaurant
ChIJM9z8WUZJDW0RrDOUzxYiQvI,Katsubi Sylvia Park,-36.9171882,174.8422382,"Sylvia Park Shopping Centre, Mount Wellington Highway, Mount Wellington, Auckland","restaurant,food,point_of_interest,establishment",restaurant
ChIJF5QXT0BJDW0R4kPN9z72lXs,Domino's Pizza Mount Wellington,-36.90854240000001,174.8382964,"Shop 16/295 Penrose Road, Mount Wellington, Auckland","meal_delivery,meal_takeaway,restaurant,food,point_of_interest,establishment",restaurant
ChIJCd7UCXJJDW0RN5Mk-Cl-uAo,Wendy's Hamburgers,-36.8960175,174.8403398,"430 Ellerslie Panmure Highway, Ellerslie, Auckland","restaurant,food,point_of_interest,establishment",restaurant
ChIJn4N3r0ZJDW0RjwLlGGpIcoA,Columbus Coffee,-36.912854,174.840654,"Sylvia Park Shopping Centre, 286 Mount Wellington Highway, Mount Wellington, Auckland","cafe,store,restaurant,food,point_of_interest,establishment",restaurant
ChIJ33d6GUZJDW0ROhg2g73UHKU,Casablanca Sylvia Park,-36.9148448,174.8407795,"Sylvia Park Shopping Centre 66 Dining Lane, Mount Wellington Highway, Mount Wellington, Auckland","cafe,bar,store,restaurant,food,point_of_interest,establishment",restaurant
ChIJ7bbl0y5JDW0RtOOk2aNg_6M,Munchin Junction,-36.91970389999999,174.820867,"8 Hugo Johnston Drive, Penrose, Auckland","meal_takeaway,restaurant,food,point_of_interest,establishment",restaurant
ChIJY5x5ROpJDW0RUCLzzReM-J0,Mt Wellington Night Market,-36.9094562,174.8372184,"201 Mount Wellington Highway, Mount Wellington, Auckland","restaurant,food,point_of_interest,establishment",restaurant
ChIJv9he-iVJDW0Rpg2P681gkuw,K Chicken Mount Wellington,-36.9088962,174.8373354,"6/295 Penrose Road, Mount Wellington, Auckland","meal_takeaway,restaurant,food,point_of_interest,establishment",restaurant
ChIJnxFFISdJDW0RiH228GHWDb4,Alif By Sensational Chicken,-36.9082035,174.8375695,"295 Penrose Road, Mount Wellington, Auckland","restaurant,food,point_of_interest,establishment",restaurant
ChIJUQ5fNUBJDW0RW42IhM0pX7Y,Van Lam Takeaways,-36.9080461,174.8384777,"282 Penrose Road, Mount Wellington, Auckland","meal_takeaway,restaurant,food,point_of_interest,establishment",restaurant
ChIJgUWhnkZJDW0Rnk3oQYw3gro,Burger King Sylvia Park,-36.9132519,174.8388118,"270 Mount Wellington Highway, Sylvia Park, Auckland","restaurant,food,point_of_interest,establishment",restaurant
ChIJIYrySkBJDW0RMZAQkDwDK_I,New Flying Dragon Takeaway,-36.9084938,174.8387548,"Mount Wellington, Auckland","restaurant,food,point_of_interest,establishment",restaurant
ChIJu__QvkFJDW0R0rGrLXN6A-w,ChickHEN Republic Mount Wellington,-36.9085121,174.8394775,"200j Mount Wellington Highway, Mount Wellington, Auckland","meal_takeaway,restaurant,food,point_of_interest,establishment",restaurant
ChIJW9V9WwBJDW0RWnQExIMlV-0,Mr Katsu Mount Wellington,-36.9083428,174.8394184,"200c Mount Wellington Highway, Mount Wellington, Auckland","restaurant,food,point_of_interest,establishment",restaurant
ChIJId4xjh5JDW0RLP3AB_FW8EE,The Pavilion Indian Cuisine,-36.9082967,174.8395552,"200K/200K Mount Wellington Highway, Mount Wellington, Auckland","meal_takeaway,restaurant,food,point_of_interest,establishment",restaurant
ChIJm4cSqFVLDW0RgrHvazOwLZE,Rosita Kitchenette,-36.9080684,174.839491,"200a Mount Wellington Highway, Mount Wellington, Auckland","restaurant,food,point_of_interest,establishment",restaurant
ChIJ9wun2UhJDW0RYracoZZluhg,The Coffee Club Sylvia Park Lifestyle Centre,-36.91679319999999,174.8377869,"Sylvia Park Lifestyle Centre Shop 10/393 Mount Wellington Highway, Mount Wellington, Auckland","cafe,restaurant,food,point_of_interest,establishment",restaurant
ChIJo6i7nUpJDW0R9lQ0D9oFreM,Toast to Toast - Sylvia Park,-36.9146806,174.8401556,"286 Mount Wellington Highway, Mount Wellington, Auckland","restaurant,food,point_of_interest,establishment",restaurant
ChIJl9HkbQBJDW0RX0envmWRwn8,Nukkad (In Sylvia Park Shopping Centre),-36.9146605,174.8401723,"286 Mount Wellington Highway, Mount Wellington, Auckland","restaurant,food,point_of_interest,establishment",restaurant
ChIJXZDhLLZJDW0RETbM1yY9X4E,Yum Cha Restaurant,-36.9146693,174.8401804,"286 Mount Wellington Highway, Mount Wellington, Auckland","restaurant,food,point_of_interest,establishment",restaurant
ChIJxS35MdVJDW0RRaJ-9gPBASU,Smart Sushi Sylvia Park (Kiosk),-36.91335449999999,174.8407492,"Shop NK06, Sylvia Park Shopping Centre, 286 Mount Wellington Highway, Mount Wellington, Auckland","restaurant,food,point_of_interest,establishment",restaurant
ChIJnybxWYVJDW0RrWW2o39EEuM,Shake Paradise,-36.9152131,174.8401996,"Inside Sylvia Park Mall, Near Pak n Save 286 Mount Wellington Highway, Mount Wellington, Auckland","restaurant,food,point_of_interest,establishment",restaurant
ChIJVcQeQqpJDW0Rzp1VAgs2Kjg,Channing Laux,-36.9152131,174.8401996,"286 Mount Wellington Highway, Mount Wellington, Auckland","restaurant,food,point_of_interest,establishment",restaurant
ChIJRXrk8StJDW0RqUz1eWIHIDU,Goode Brothers,-36.9152131,174.8401996,"62/286 Mount Wellington Highway, Mount Wellington, Auckland","restaurant,food,point_of_interest,establishment",restaurant
ChIJu56ZUQBJDW0Rq1MSMfUsszk,Jail,-36.9152131,174.8401996,"286 Mount Wellington Highway, Mount Wellington, Auckland","restaurant,food,point_of_interest,establishment",restaurant
ChIJW_lyEABJDW0Rt3oiFHkV75w,"Soto Lamongan ""Sae Roso""",-36.90189339999999,174.8241815,"5/22 Harrison Road, Mount Wellington, Auckland","restaurant,food,point_of_interest,establishment",restaurant
ChIJq3IlGXZJDW0R5Ju71nhdCKo,Vietflames,-36.914823,174.8405319,"286 Mount Wellington Highway, Mount Wellington, Auckland","restaurant,food,point_of_interest,establishment",restaurant
ChIJS1WM6JNJDW0Rs5nQxy9x1Nk,Master Kong,-36.9149984,174.8405234,"63/286 Mount Wellington Highway, Mount Wellington, Auckland","restaurant,food,point_of_interest,establishment",restaurant
ChIJ3cwHj3JJDW0RtIPnXZd5flw,IPPUDO Sylvia Park 一風堂,-36.91484740000001,174.8406486,"N065 Sylvia Park, 286 Mount Wellington Highway, Mount Wellington, Auckland","restaurant,food,point_of_interest,establishment",restaurant
ChIJG5a6md1JDW0R8rwr-Oa7dvg,The Grove Dining District,-36.91475199999999,174.8408042,"286 Mount Wellington Highway, Mount Wellington, Auckland","restaurant,food,point_of_interest,establishment",restaurant
ChIJ4bbSgEZJDW0RSknxvDZ1b88,Better Burger Sylvia Park,-36.9146887,174.8409128,"Sylvia Park 286 Mount Wellington Highway, Mount Wellington, Auckland","restaurant,food,point_of_interest,establishment",restaurant
ChIJd-MWfkZJDW0RXtOSx49V_A0,Mexico Sylvia Park,-36.91491279999999,174.8408959,"shop 67/286 Mount Wellington Highway, Mount Wellington, Auckland","restaurant,food,point_of_interest,establishment",restaurant
ChIJ99NgkUhJDW0RRXha4aifKFo,Baci Eatery,-36.91480019999999,174.8410164,"Sylvia Park Shopping Centre shop 67, Mount Wellington, Auckland","restaurant,food,point_of_interest,establishment",restaurant
ChIJCQ0sz_dJDW0Rq3AIw0eWvoA,Taco Bell Sylvia Park,-36.9145172,174.8413084,"268 Mount Wellington Highway, Mount Wellington, Auckland","restaurant,food,point_of_interest,establishment",restaurant
ChIJnZ2Rt6VJDW0RtTxiBVU4Izg,KFC,-36.9145293,174.8413841,"Shop N007A, Sylvia Park Shopping Centre, Mount Wellington Highway, Mount Wellington, Auckland","meal_takeaway,restaurant,food,point_of_interest,establishment",restaurant
ChIJuWnKQGtJDW0RC1uu5GbfjdA,Barrack Road Takeaway,-36.9025634,174.8368786,"103 Barrack Road, Mount Wellington, Auckland","meal_takeaway,restaurant,food,point_of_interest,establishment",restaurant
ChIJT8DDQGtJDW0ROw3fkeCjPPo,Pizza Club,-36.9025377,174.8369279,"103 Barrack Road, Mount Wellington, Auckland","meal_delivery,meal_takeaway,restaurant,food,point_of_interest,establishment",restaurant
ChIJKbjaFOlLDW0RpqqJ-RAt3sA,Thai Family Restaurant Pakuranga,-36.9119356,174.8710803,"129 Pakuranga Road, Pakuranga, Auckland","restaurant,food,point_of_interest,establishment",restaurant
ChIJOx-2d2VJDW0Rsr73LULtPSU,Hansan Vietnamese Restaurant Panmure,-36.8984887,174.8464624,"519 Ellerslie Panmure Highway, Mount Wellington, Auckland","restaurant,food,point_of_interest,establishment",restaurant
ChIJ74bJCmNJDW0R7rAzRzIDYoM,Beijing Duck Restaurant,-36.8991126,174.8528485,"38 Queens Road, Panmure, Auckland","restaurant,food,point_of_interest,establishment",restaurant
ChIJjRf_HJZLDW0RsGm99yT5poA,Domino's Pizza Pakuranga,-36.90876059999999,174.8839489,"2 Johns Lane, Pakuranga, Auckland","meal_delivery,meal_takeaway,restaurant,food,point_of_interest,establishment",restaurant
ChIJby3-dmNJDW0RRmfgiVyU0Ug,Panmure Super Horse Chinese Takeaways,-36.8990136,174.8524224,"22 Queens Road, Panmure, Auckland","restaurant,food,point_of_interest,establishment",restaurant
ChIJGS-OaOlLDW0Rn9UKw9ERTyQ,Noodle Canteen Pakuranga,-36.9126254,174.8706978,"Pepler Street, Pakuranga, Auckland","restaurant,food,point_of_interest,establishment",restaurant
ChIJV1XFdelLDW0RHgvDmftBYiA,Chada Thai Restaurant,-36.9108697,174.8714192,"102 Pakuranga Road, Pakuranga, Auckland","restaurant,food,point_of_interest,establishment",restaurant
ChIJ-enzdulLDW0RZagawskOVt0,BurgerFuel Pakuranga,-36.91082370000001,174.8715457,"Unit 6/102 Pakuranga Road, Pakuranga, Auckland","restaurant,food,point_of_interest,establishment",restaurant
ChIJXy22RelLDW0RlYb8POWa7bM,Subway,-36.9150204,174.8708764,"Centre Shop FC1, Pakuranga, Auckland","restaurant,food,point_of_interest,establishment",restaurant
ChIJC-NTSulLDW0Rxs_PbYedU_M,Porterhouse Grill,-36.9124938,174.8722725,"Pakuranga Plaza 10 Aylesbury Street, Pakuranga, Auckland","restaurant,meal_takeaway,bar,food,point_of_interest,establishment",restaurant
ChIJ-acdCmJJDW0R6nfpTBwEDSE,The Corner Bar and Eatery,-36.9010673,174.8568355,"163 Queens Road, Panmure, Auckland","restaurant,bar,food,point_of_interest,establishment",restaurant
ChIJKwrqUWJJDW0R6X6ZCq7n3VM,Jiaxiang Restaurant,-36.8998944,174.854599,"107 Queens Road, Panmure, Auckland","restaurant,food,point_of_interest,establishment",restaurant
ChIJUwnlWWJJDW0Rw1JMW8Z_Jus,Amaize Gourmet Corn Treats,-36.89963059999999,174.8549827,"100 Queens Road, Panmure, Auckland","meal_takeaway,store,restaurant,food,point_of_interest,establishment",restaurant
ChIJu6HkqWNJDW0ROjjUQqKoWYM,Kalye Manila,-36.89933209999999,174.8538243,"68 Queens Road, Panmure, Auckland","restaurant,food,point_of_interest,establishment",restaurant
ChIJp4G1amNJDW0RSMb6xSpAJ6c,Govinda,-36.8980316,174.8528729,"11 Pleasant View Road, Panmure, Auckland","meal_delivery,meal_takeaway,restaurant,food,point_of_interest,establishment",restaurant
ChIJgR0SbWVJDW0R8P4LRbibAyk,Burger King Panmure,-36.8983319,174.8472468,"525/529 Ellerslie Panmure Highway, Mount Wellington, Auckland","restaurant,food,point_of_interest,establishment",restaurant
ChIJTzYMdGJJDW0R8c_7KJ2VqK4,Master Chinese Restaurant & Takeaways,-36.9005639,174.8563611,"150 Queens Road, Panmure, Auckland","restaurant,food,point_of_interest,establishment",restaurant
ChIJ38d2a3ZLDW0RWSwQhwg26Zk,Cooking Machine Eatery,-36.9123577,174.8703606,"Shop 133 Pepler Street, Pakuranga, Auckland","meal_takeaway,restaurant,food,point_of_interest,establishment",restaurant
ChIJiUtcQpRLDW0R_u3sG6Y05fg,Ok chicken,-36.91226309999999,174.8705592,"134 Pepler Street, Pakuranga, Auckland","meal_takeaway,restaurant,food,point_of_interest,establishment",restaurant
ChIJf5VG-KlLDW0RmtCrvpEruW0,Mighty Hotdog Pakuranga,-36.91254949999999,174.8705981,"131 Pepler Street, Pakuranga, Auckland","meal_takeaway,restaurant,food,point_of_interest,establishment",restaurant
ChIJA6TmLa9LDW0RGfNppkRtjDs,Golden Dumplings Canton Restaurant Pakuranga 得胜餐馆,-36.9119432,174.8710154,"127 Pakuranga Road, Pakuranga, Auckland","restaurant,food,point_of_interest,establishment",restaurant
ChIJ001J_g5LDW0R9m5V_e4HT3g,优你小厨Unique Dumpling,-36.9108416,174.871304,"102 Pakuranga Road, Pakuranga, Auckland","restaurant,food,point_of_interest,establishment",restaurant
ChIJ2U7ZdelLDW0R4lIKt48tQAA,Charms Roast & Salad Bar,-36.9108701,174.8714126,"102 Pakuranga Road, Pakuranga, Auckland","restaurant,food,point_of_interest,establishment",restaurant
ChIJpSS64H1HDW0Rft_mccfMh4Q,Yooa & Tako - Auckland Night Market Pakuranga,-36.91331350000001,174.8712569,"Pakuranga Shoppers Car Park 10 Aylesbury Street, Pakuranga, Auckland","meal_takeaway,restaurant,food,point_of_interest,establishment",restaurant
ChIJe_yxCUVLDW0R4md8uWW80oI,生煎王 Little Yum Dumpling Pakuranga Plaza,-36.91331350000001,174.8712569,"10 Aylesbury Street, Plaza Food court 8/129 Pakuranga Road, Pakuranga, Auckland","restaurant,food,point_of_interest,establishment",restaurant
ChIJkwGTfXpLDW0RYOK7As4od3k,Subway Pakuranga Town Centre,-36.9150204,174.8708764,"Centre Shop FC1, Pakuranga, Auckland","restaurant,food,point_of_interest,establishment",restaurant
ChIJmQs1X-BLDW0RHlQG0mSlF2o,Shamiana Pakuranga Town Centre,-36.912647,174.871999,"2010, Centre FC6, Pakuranga, Auckland","restaurant,food,point_of_interest,establishment",restaurant
ChIJja-CJexLDW0RAiYqwC-Lp1s,Bh Indian Cuisine,-36.9183263,174.8665801,"62 Tiraumea Drive, Pakuranga, Auckland","restaurant,food,point_of_interest,establishment",restaurant
ChIJNSxup-5LDW0RIEteMd34D2s,Pita House,-36.9145432,174.8721355,"2 Cortina Place, Pakuranga, Auckland","grocery_or_supermarket,meal_takeaway,restaurant,food,store,point_of_interest,establishment",restaurant
ChIJkWsAUPJLDW0RhJixQGXyeT8,Birdy Bytes,-36.9154253,174.8720693,"3/60 Ti Rakau Drive, Pakuranga, Auckland","meal_takeaway,restaurant,food,point_of_interest,establishment",restaurant
ChIJX9mBNupLDW0RIGTzpg2DfOc,Chow Foo Restaurant,-36.9106996,174.8736392,"126 Pakuranga Road, Pakuranga, Auckland","restaurant,food,point_of_interest,establishment",restaurant
ChIJOQJaDqZJDW0R2atm1HIuhpE,Scoopers Food Truck (Tamaki Marine Cafe),-36.9201551,174.8570729,"36 Gabador Place, Mount Wellington, Auckland","cafe,restaurant,food,store,point_of_interest,establishment",restaurant
ChIJfeX_-pRJDW0R3JX8nxs5IF8,Novi Lunchbar,-36.9166568,174.8506162,"25a Bowden Road, Mount Wellington, Auckland","restaurant,food,point_of_interest,establishment",restaurant
ChIJzwe0jHNJDW0RMver9bqi3dY,Queens road Panmure,-36.9009228,174.8565044,"Queens Road, Panmure, Auckland","restaurant,food,point_of_interest,establishment",restaurant
ChIJO90YaGdLDW0RyyzG8JsfrCg,Tandoor Grill - Indian Cuisine - Indo Chinese,-36.9006291,174.8568098,"168 Queens Road, Panmure, Auckland","meal_takeaway,restaurant,food,point_of_interest,establishment",restaurant
ChIJfbdgKmBLDW0RUQ2PaaKzGsc,Professional Indian Cuisine.,-36.9006314,174.8567974,"168 Queens Road, Panmure, Auckland","restaurant,food,point_of_interest,establishment",restaurant
ChIJv2ydc2JJDW0R93hv3gJZlWY,Ng Bbq Buffet,-36.90061120000001,174.85642,"154 Queens Road, Panmure, Auckland","restaurant,food,point_of_interest,establishment",restaurant
ChIJEbr3_m9LDW0R32TcUrBueQ0,trades4ound,-36.9121323,174.876194,"16 Ayr Road, Pakuranga, Auckland","restaurant,food,point_of_interest,establishment",restaurant
ChIJ-_Q8cmJJDW0RVEbSjB4bntU,Carol's Lunch Bar/Cafe,-36.9004922,174.8562378,"144 Queens Road, Panmure, Auckland","restaurant,food,point_of_interest,establishment",restaurant
ChIJBQSeRlNJDW0R-6DrSOzh6cM,Chang Thai Takeaway,-36.90049499999999,174.8562185,"146 Queens Road, Panmure, Auckland","restaurant,food,point_of_interest,establishment",restaurant
ChIJ5ZutHMJJDW0RYaMuT9Tvwbk,Ziggle Panmure,-36.9004109,174.85558,"139 Queens Road, Panmure, Auckland","meal_takeaway,restaurant,food,point_of_interest,establishment",restaurant
ChIJ48kBamJJDW0RRSHyXP8yS1o,Blossom Court,-36.900338,174.855541,"135 Queens Road, Panmure, Auckland","restaurant,food,point_of_interest,establishment",restaurant
ChIJtV2wQ2JJDW0RGOnyGMHB4Uo,Queen's Kebabs,-36.9003042,174.8554215,"133 Queens Road, Panmure, Auckland","restaurant,food,point_of_interest,establishment",restaurant
ChIJrdZl8HhJDW0RhWXqxDn_Msg,The Walawwa,-36.9002266,174.8550435,"2 Basin View Lane, Panmure, Auckland","restaurant,food,point_of_interest,establishment",restaurant
ChIJ2e_rgjJJDW0RH3JwcA4EC-Y,Mr Banh Mi Cafe and Eatery,-36.9000805,174.8550752,"121 Queens Road, Panmure, Auckland","restaurant,food,point_of_interest,establishment",restaurant
ChIJp4G1amNJDW0RiMQuZc4Qfm0,Mount Wellington Panmure RSA,-36.8997065,174.8552916,"104 Queens Road, Panmure, Auckland","bar,restaurant,food,point_of_interest,establishment",restaurant
ChIJYynhW2JJDW0RUrGFWSXhv6w,Chicken Fish The Eatery,-36.8997403,174.8550938,"102 Queens Road, Panmure, Auckland","restaurant,food,point_of_interest,establishment",restaurant
ChIJ-_P3sxFLDW0RH-uwFtxjos8,Triskelion Trading,-36.9105895,174.8777835,"2/209 Pakuranga Road, Pakuranga Heights, Auckland","meal_takeaway,restaurant,food,point_of_interest,establishment",restaurant
ChIJ7bmpcvRJDW0R2rUmDKpylOM,Pinyue Shanghai Restaurant,-36.89965979999999,174.8550386,"1/100 Queens Road, Panmure, Auckland","restaurant,food,point_of_interest,establishment",restaurant
ChIJJ6r3ZgBJDW0Rr8uSxJOUMkM,巧香园- 米线 家常菜,-36.899853,174.8544875,"103 Queens Road, Panmure, Auckland","restaurant,food,point_of_interest,establishment",restaurant
ChIJ2UQPSkNJDW0RljwBWHoOhOs,Keymens Corner Lunch Bar,-36.9110891,174.8460842,"4 Allright Place, Mount Wellington, Auckland","restaurant,food,point_of_interest,establishment",restaurant
ChIJV0vTzkJJDW0RK8QfU0qckJI,Wellingtons Restaurant & Bar,-36.908413,174.846234,"58 Waipuna Road, Mount Wellington, Auckland","restaurant,food,point_of_interest,establishment",restaurant
ChIJ33kaGA9LDW0Rjbswutn1e4A,Denny's Highland Park,-36.9012235,174.9048669,"19 Aviemore Drive, Highland Park, Auckland","restaurant,food,point_of_interest,establishment",restaurant
ChIJYeA7wg5LDW0RhPyVkoWOkCw,Golden Fortune Chinese Restaurant,-36.90260589999999,174.904783,"29 Aviemore Drive, Highland Park, Auckland","restaurant,food,point_of_interest,establishment",restaurant
ChIJ8emrEApLDW0RTfp__yWo870,Homestead Cafe,-36.9067438,174.9028646,"2r Bells Road, Pakuranga Heights, Auckland","cafe,restaurant,food,point_of_interest,establishment",restaurant
ChIJUQ8UPJpLDW0RUlLhnGzRwRs,Pakuranga Pizza,-36.9153548,174.8895503,"2/114 Reeves Road, Pakuranga, Auckland","meal_delivery,meal_takeaway,restaurant,food,point_of_interest,establishment",restaurant
ChIJpxgRQghLDW0RwXG0yDO2Q84,McDonald's Pakuranga,-36.8998966,174.9000266,"472 Pakuranga Road, Pakuranga, Auckland","restaurant,food,point_of_interest,establishment",restaurant
ChIJn3i2WgVLDW0Rr8btEkvDzx0,Kitchenette,-36.8986056,174.9075917,"505 Pakuranga Road, Highland Park, Auckland","cafe,meal_takeaway,restaurant,food,point_of_interest,establishment",restaurant
ChIJjYxCaA9LDW0Ra_eveCs-BHc,Hell Pizza Highland Park,-36.8993201,174.9055877,"1/5 Aviemore Drive, Highland Park, Auckland","meal_delivery,meal_takeaway,restaurant,food,point_of_interest,establishment",restaurant
ChIJKeK58gVLDW0Rdq10GKKevw4,Pizza Hut,-36.8987097,174.904782,"2 Dunrobin Place, Highland Park, Auckland","meal_delivery,meal_takeaway,restaurant,food,point_of_interest,establishment",restaurant
ChIJi7az8o9LDW0RLjwmUnJ9lsM,Wynn Lei Chinese Restaurant,-36.9208399,174.8873089,"147 Gossamer Drive, Pakuranga, Auckland","restaurant,food,point_of_interest,establishment",restaurant
ChIJYeA7wg5LDW0RW5fWkqPDK00,Welfare BBQ Meats,-36.9020793,174.9047052,"29 Aviemore Drive, Highland Park, Auckland","restaurant,food,point_of_interest,establishment",restaurant
ChIJg7b-p3VLDW0Rh9Tqmlac8XI,Sam's Roast Pakuranga,-36.91200239999999,174.9004619,"1/117 Cascades Road, Highland Park, Auckland","restaurant,food,point_of_interest,establishment",restaurant
ChIJSxy6CphLDW0R7ejgfAUYK2U,Pahadi Pearl Indian Restaurant and Takeaway,-36.9089244,174.8893446,"4 Ussher Place, Pakuranga Heights, Auckland","meal_takeaway,restaurant,food,point_of_interest,establishment",restaurant
ChIJV9MqjHJLDW0RokdUHLqIvjk,The Reel Catch,-36.9121251,174.9081369,"5/168 Aviemore Drive, Highland Park, Auckland","meal_takeaway,restaurant,food,point_of_interest,establishment",restaurant
ChIJs_81LwhLDW0RcQl0sjXB3GY,KFC,-36.90054959999999,174.8987212,"350 Pakuranga Rd, Cnr Fortunes Road, Pakuranga, Auckland","meal_takeaway,restaurant,food,point_of_interest,establishment",restaurant
ChIJR28phAhLDW0R71JXgiM8Ymk,Carl's Jr. Pakuranga,-36.89920189999999,174.9014657,"490 Pakuranga Road, Pakuranga, Auckland","restaurant,food,point_of_interest,establishment",restaurant
ChIJWZhQ9wVLDW0RBNOLLgJOvgo,Burger King Highland Park,-36.898585,174.9040325,"495 Pakuranga Road, Highland Park, Auckland","restaurant,food,point_of_interest,establishment",restaurant
ChIJ7axoaw9LDW0R0pbbLw9EeGA,Indian Sapphire Restaurant & Bar,-36.900099,174.905271,"9 Aviemore Drive, Highland Park, Manukau","restaurant,food,point_of_interest,establishment",restaurant
ChIJJfljaw9LDW0RVHx-78oA9C8,Mandarin Palace,-36.9000979,174.9052938,"9 Aviemore Drive, Highland Park, Auckland","restaurant,food,point_of_interest,establishment",restaurant
ChIJeaCIQ5FLDW0RoN-Kqa3N7f4,Subway,-36.8989188,174.9034984,"Highland Park, 489 Pakuranga Highway, Howick, Auckland","restaurant,food,point_of_interest,establishment",restaurant
ChIJWZhQ9wVLDW0Rr2sGBSX9-D8,123 Palm Bar,-36.89848799999999,174.904344,"495 Pakuranga Road, Half Moon Bay, Auckland","bar,restaurant,food,point_of_interest,establishment",restaurant
ChIJjYxCaA9LDW0ROVkGEwdHNLU,Domino's Pizza Highland Park NZ,-36.89927970000001,174.905517,"Unit 3/5 Aviemore Drive, Highland Park, Auckland","meal_delivery,meal_takeaway,restaurant,food,point_of_interest,establishment",restaurant
ChIJCxSQ9gVLDW0RpXX-mvB1XlA,Pho Pho Vietnamese Restaurant,-36.8987355,174.9045404,"16 Dunrobin Place, Pakuranga Heights, Auckland","restaurant,food,point_of_interest,establishment",restaurant
ChIJZVvZxBRLDW0RB-oU6rk6KTc,Howick Club Inc,-36.909125,174.9159198,"107 Botany Road, Botany Downs, Auckland","bar,restaurant,food,point_of_interest,establishment",restaurant
ChIJ6eG58gVLDW0RhAvQRdgb1kI,Applejack's Bar & Eatery,-36.8981267,174.9053067,"2/2 Dunrobin Place, Pakuranga Heights, Auckland","bar,restaurant,food,point_of_interest,establishment",restaurant
ChIJ6VPolalLDW0R4mgoxDtL6uI,Sensational Seasoning,-36.8944058,174.8968996,"133 Prince Regent Drive, Farm Cove, Auckland","restaurant,food,point_of_interest,establishment",restaurant
ChIJwfmJCHVLDW0RixYfMt-Q5b8,Splendid Takeaway,-36.91172,174.9002443,"117 Cascades Road, Pakuranga Heights, Auckland","meal_takeaway,restaurant,food,point_of_interest,establishment",restaurant
ChIJo9a4Bq1LDW0RrS2ZTwHr0t0,Slice & Spice Indian Takeaway,-36.908939,174.889331,"4 Ussher Place, Pakuranga Heights, Auckland","restaurant,food,point_of_interest,establishment",restaurant
ChIJ52KZP3ZLDW0RKum7F_OpgSI,Out To Lunch,-36.9161937,174.8997181,"36 Ben Lomond Crescent, Pakuranga, Auckland","restaurant,food,point_of_interest,establishment",restaurant
ChIJlwFQZAhLDW0RYhugLdNfUKM,Golden Viet Pakuranga,-36.9182835,174.8994793,"13 Rylock Place, Pakuranga Heights, Auckland","restaurant,food,point_of_interest,establishment",restaurant
ChIJH8KyEadLDW0RPaTTF3iO5cc,wildbean cafe,-36.90193669999999,174.8967248,"322-330 Pakuranga Road, Pakuranga Heights, Auckland","cafe,bakery,store,restaurant,food,point_of_interest,establishment",restaurant
ChIJxQbpiHJLDW0Rakl1IBCQ5v8,Viet Hoa Vietnamese Restaurant,-36.91215219999999,174.9081313,"168F Aviemore Drive, Highland Park, Auckland","restaurant,food,point_of_interest,establishment",restaurant
ChIJKVZl-mFLDW0RGX-G0KmhQA8,Falafel Mate Food Truck,-36.9031322,174.9046828,"47 Aviemore Drive, Highland Park, Auckland","restaurant,food,point_of_interest,establishment",restaurant
ChIJEV5ET-FLDW0Rz3A0kD82qFs,Hulucat,-36.9024168,174.9044908,"8/29 Aviemore Drive, Highland Park, Auckland","cafe,restaurant,food,point_of_interest,establishment",restaurant
ChIJCVm52q1LDW0R49Xrxyi4NAo,@food CULTURE,-36.89990460000001,174.8989485,"3/44 Fortunes Road, Half Moon Bay, Auckland","grocery_or_supermarket,restaurant,food,store,point_of_interest,establishment",restaurant
ChIJi7az8o9LDW0Rw-jZTcffh5Y,New Moon Takeaway,-36.9209711,174.8875053,"4/147 Gossamer Drive, Pakuranga Heights, Auckland","restaurant,food,point_of_interest,establishment",restaurant
ChIJ_RhUTrBLDW0RwWMYp9x0Qnc,The Hometown Restaurant & Bar,-36.8998546,174.8989131,"1/44 Fortunes Road, Half Moon Bay, Auckland","restaurant,food,point_of_interest,establishment",restaurant
ChIJxxm9TjJLDW0R17Ft8JIuRVk,Luna Tea,-36.9020903,174.904357,"12/29 Aviemore Drive, Highland Park, Auckland","restaurant,food,point_of_interest,establishment",restaurant
ChIJTSTsrNlLDW0RqZP7n0EIEKo,兴隆阁／华兴,-36.9020391,174.9046263,"29 Aviemore Drive, Highland Park, Auckland","restaurant,food,point_of_interest,establishment",restaurant
ChIJLfq9coBLDW0Rhz1j3j9FU84,Green Shine Limited,-36.9019842,174.9054429,"42 Aviemore Drive, Highland Park, Auckland","restaurant,food,point_of_interest,establishment",restaurant
ChIJqYDdhwhLDW0R25R1MxpQvwc,Bruce Lee Sushi & Rolls,-36.8992,174.9010298,"490 Pakuranga Road, Half Moon Bay, Auckland","restaurant,food,point_of_interest,establishment",restaurant
ChIJz3KVLP5LDW0R-JPNeKWFHwE,Smokey Wheelz BBQ Pitt House,-36.91557619999999,174.8800486,"6/9 Cardiff Road, Pakuranga, Auckland","restaurant,food,point_of_interest,establishment",restaurant
ChIJ0QT7C5NLDW0RifaUqUeuDLM,Spice Magic Pakuranga,-36.9154777,174.8799764,"5/9 Cardiff Road, Pakuranga, Auckland","meal_takeaway,restaurant,food,point_of_interest,establishment",restaurant
ChIJf47BCZNLDW0RVq_Bt3m-G7s,Golden Sea Horse Takeaway,-36.9154634,174.8799333,"9 Cardiff Road, Pakuranga, Auckland","meal_takeaway,restaurant,food,point_of_interest,establishment",restaurant
ChIJz-iBFw9LDW0RKpd244Dk_wI,Mama Park's,-36.900898,174.9050446,"17A Aviemore Drive, Highland Park, Auckland","restaurant,food,point_of_interest,establishment",restaurant
ChIJrVPDWw9LDW0RCA8uRLi0_80,Nitefun 98 Bar Restaurant Gaming Lounge,-36.8997019,174.9038187,"491 Pakuranga Road, Pakuranga Heights, Auckland","night_club,bar,restaurant,food,point_of_interest,establishment",restaurant
ChIJm6D7JShLDW0RXvwRSNuUyI0,FuYuan Seafood Restaurant 福苑海鲜酒家 (formerly Nyonya),-36.8998577,174.9042642,"491F Pakuranga Road, Highland Park, Auckland","restaurant,food,point_of_interest,establishment",restaurant
ChIJBXmO_wVLDW0R63rNEXzpOdI,Ramen House MEN-ICHI,-36.8995618,174.9042946,"Unit H/491 Pakuranga Road, Half Moon Bay, Auckland","restaurant,food,point_of_interest,establishment",restaurant
ChIJ7axoaw9LDW0RxWJwrmDhDdQ,Noodle Station,-36.9000989,174.9052711,"9 Aviemore Drive, Highland Park, Auckland","restaurant,food,point_of_interest,establishment",restaurant
ChIJt_ApIeFLDW0Rru-J7AYGdHw,YumZa Grill Ltd,-36.8995033,174.9042464,"24H Dunrobin Place Highland Park, Pakuranga, Auckland","meal_takeaway,restaurant,food,point_of_interest,establishment",restaurant
ChIJY__Azy5LDW0R2s2O8YA5mTg,Basalt,-36.8951662,174.9329888,"127 Picton Street, Howick, Auckland","restaurant,bar,food,point_of_interest,establishment",restaurant
ChIJdxR_F0dLDW0R6lV7F2vDq0c,Fong Mei Cafe,-36.9123478,174.9264973,"Unit H/90 Whitford Road, Howick, Auckland","restaurant,food,point_of_interest,establishment",restaurant
ChIJD8n7bPdMDW0RSaNQ6ENbxq8,Na Na Thai Restaurant,-36.9124248,174.9302014,"109E Meadowland Drive, Somerville, Auckland","restaurant,food,point_of_interest,establishment",restaurant
ChIJ_9thJy9LDW0RbFmzBkjzOLA,3 French Hens,-36.89557549999999,174.9323607,"18 Moore Street, Howick, Auckland","restaurant,food,point_of_interest,establishment",restaurant
ChIJQzHv1ChLDW0RtNCdebGKMSQ,Benjarong Thai Restaurant,-36.8944813,174.9320864,"87-C Picton Street, Howick, Auckland","restaurant,food,point_of_interest,establishment",restaurant
ChIJbYu_eUhLDW0RvzvrAEy1rH0,Kingston Noodles 軒成麵家,-36.9123393,174.9293854,"119 Meadowland Drive, Howick, Auckland","restaurant,food,point_of_interest,establishment",restaurant
ChIJbYu_eUhLDW0RTbN556LCKKg,Neighbours' Cafe 芳鄰小館,-36.9122785,174.9298418,"113 Meadowland Drive, Somerville, Auckland","restaurant,food,point_of_interest,establishment",restaurant
ChIJiRWvzy5LDW0Ra5vANFK_wsg,Burger Wisconsin,-36.8952125,174.9330463,"135 Picton Street, Howick, Auckland","restaurant,food,point_of_interest,establishment",restaurant
ChIJJeStegVLDW0RY6pJ9FijVGs,La Padella Restaurant,-36.89503419999999,174.9325397,"3 Moore Street, Howick, Auckland","restaurant,food,point_of_interest,establishment",restaurant
ChIJ-TM_rkdLDW0R7SOoCmAwWtA,Leonard's Gourmet,-36.9127655,174.9278106,"2/127 Meadowland Drive, Somerville, Auckland","restaurant,food,point_of_interest,establishment",restaurant
ChIJwQCLyEdLDW0RMRClyCkFsxs,顧雅居 Gu Ya Ju Jiangnan Cuisine,-36.91274259999999,174.9287261,"A4/125 Meadowland Drive, Somerville, Auckland","restaurant,food,point_of_interest,establishment",restaurant
ChIJM_W2yUdLDW0RHPidaCfROFw,Friend's Restaurant,-36.9120679,174.9293349,"E11/119 Meadowland Drive, Somerville, Auckland","restaurant,food,point_of_interest,establishment",restaurant
ChIJr10euUdLDW0Rl9w8lLXNep4,Shaolin KungFu Noodle 少林面馆,-36.9121219,174.9272601,"Unit 10/16 Gooch Place, Somerville, Auckland","restaurant,food,point_of_interest,establishment",restaurant
ChIJaRSo0EdLDW0RsCJVT6x8D0o,Wanfuyuan Meadowland,-36.9126927,174.9295641,"Unit E 1/119 Meadowland Drive, Somerville, Auckland","restaurant,food,point_of_interest,establishment",restaurant
ChIJb7vyvkdLDW0RKzVWGuged20,Ken Yakitori Bar,-36.912023,174.928532,"15 Gooch Place, Somerville, Manukau","restaurant,food,point_of_interest,establishment",restaurant
ChIJzWnwdkhLDW0RBne-Kax2r48,Yi Pin Xiang 一品香,-36.91253160000001,174.9299018,"d/113 Meadowland Drive, Howick, Auckland","restaurant,food,point_of_interest,establishment",restaurant
ChIJY40OgEpLDW0Reb0WEyvn1xY,Palsun Howick,-36.9110486,174.9375764,"39D Meadowland Drive, Somerville, Auckland","restaurant,food,point_of_interest,establishment",restaurant
ChIJV08qOTNLDW0R0GHG4uM41ck,Today’s India,-36.9039571,174.9394132,"7 Litten Road, Cockle Bay, Auckland","restaurant,food,point_of_interest,establishment",restaurant
ChIJJTdL5y5LDW0RXOEIO0OmAGA,Pizza Hut,-36.89648819999999,174.9332716,"35 Cook Street, Howick, Auckland","meal_delivery,meal_takeaway,restaurant,food,point_of_interest,establishment",restaurant
ChIJZb9x7i5LDW0RAbZmObwaL64,Subway,-36.8964453,174.933428,"Shop A 1/35 Cook Street, Howick, Auckland","restaurant,food,point_of_interest,establishment",restaurant
ChIJA3UgIS9LDW0R-nFg0AtfuoE,Domino's Pizza Howick,-36.89569270000001,174.9321247,"26 Moore Street, Howick, Auckland","meal_delivery,meal_takeaway,restaurant,food,point_of_interest,establishment",restaurant
ChIJw4iw2S5LDW0Rar1DRGzoBLo,Namaste Indian Restaurant,-36.8954285,174.9324984,"14 Moore Street, Howick, Auckland","restaurant,food,point_of_interest,establishment",restaurant
ChIJkVXtxS5LDW0RVnLqZHfL_b0,The Corner,-36.895357,174.9332183,"143 Picton Street, Howick, Auckland","restaurant,bar,food,point_of_interest,establishment",restaurant
ChIJyZgJ1C5LDW0RjSYzJux17hs,Urban in East,-36.894944,174.93264,"121 Picton Street, Howick, Auckland","cafe,restaurant,food,point_of_interest,establishment",restaurant
ChIJe0mV8i5LDW0Ri4mPjBhAuaw,Minos Italian/Mediterranean Cuisine,-36.896713,174.9334111,"1/43 Cook Street, Howick, Auckland","restaurant,food,point_of_interest,establishment",restaurant
ChIJr8HOxChLDW0RF7um_FueO7w,East Village Takeaway Howick,-36.8937179,174.9314211,"60 Picton Street, Howick, Auckland","restaurant,food,point_of_interest,establishment",restaurant
ChIJ1TuBAiZLDW0RltWvn2urdDw,Howick Sushi,-36.8943359,174.9310132,"Shop 8 Rices Mall, 63 Picton Street, Howick, Auckland","meal_takeaway,restaurant,food,point_of_interest,establishment",restaurant
ChIJj-pyxStLDW0R6kT4Im-ju0o,The Good Home Howick,-36.8941839,174.9321713,"Cnr Picton Street & Uxbridge Road, Howick, Auckland","bar,lodging,restaurant,food,point_of_interest,establishment",restaurant
ChIJLzPyGkdLDW0RlrKtxTKT7bI,Momo Tea Howick,-36.9125664,174.9263934,"90A Whitford Road, Somerville, Auckland","restaurant,cafe,food,store,point_of_interest,establishment",restaurant
ChIJnwCb2S5LDW0RQAvLlm4-zcs,10 More BBQ Takeaway,-36.8953958,174.9325961,"10 Moore Street, Howick, Auckland","meal_takeaway,restaurant,food,point_of_interest,establishment",restaurant
ChIJvX9yJClLDW0RTOLOVVpE4cg,"The Grand Indian Restaurant & Bar, Howick",-36.89384,174.9327475,"26 Uxbridge Road, Howick, Auckland","meal_delivery,meal_takeaway,restaurant,food,point_of_interest,establishment",restaurant
ChIJQz2lMxVLDW0Rg7fLUlFc32Q,Botany Rd Seafoods,-36.90988319999999,174.9175149,"116 Botany Road, Botany Downs, Auckland","meal_takeaway,restaurant,food,point_of_interest,establishment",restaurant
ChIJ73D2MQ9NDW0RamJrz9wZGI4,Home Taste Takeaway,-36.9120463,174.9281251,"2c/15 Gooch Place, Somerville, Auckland","meal_takeaway,restaurant,food,point_of_interest,establishment",restaurant
ChIJKWnkwEdLDW0R0btXVxv5JJs,Qiao Xiang Yuan Vermicelli,-36.9120367,174.9284286,"C7/15 Gooch Place, Somerville, Auckland","restaurant,food,point_of_interest,establishment",restaurant
ChIJ66QGpt5LDW0RouM3E5DSslQ,Best Chef 厨匠,-36.9120973,174.9277013,"1/16 Gooch Place, Somerville, Auckland","meal_takeaway,restaurant,food,point_of_interest,establishment",restaurant
ChIJBYZeg_tLDW0Rhl1XrNhdzx4,Baltao,-36.912133,174.927717,"16 Gooch Place, Somerville, Auckland","restaurant,food,point_of_interest,establishment",restaurant
ChIJi-bXt4FLDW0Rb21zaurMyEY,知粥坊 (Satisfying Food),-36.91209789999999,174.927366,"7/16 Gooch Place, Somerville, Auckland","restaurant,food,point_of_interest,establishment",restaurant
ChIJf00_aEBLDW0R6UTtQgv7KY0,The Dining Hall,-36.91224279999999,174.9283905,"9 Gooch Place, Somerville, Auckland","restaurant,food,point_of_interest,establishment",restaurant
ChIJ12mXELVLDW0RAsFzxl7Qcoo,Number One Spring Caking Roll 一手卷餅,-36.9120455,174.9290286,"D12/119 Meadowland Drive, Somerville, Auckland","restaurant,food,point_of_interest,establishment",restaurant
ChIJCzRpMwBLDW0ROWRHHYn1rcs,冯师傅兰州拉面,-36.9120503,174.9290661,"D12/119 Meadowland Drive, Somerville, Auckland","restaurant,food,point_of_interest,establishment",restaurant
ChIJWQhs229LDW0RI1eEydXNHz8,Nine Nine Pavilion 九九館,-36.91232739999999,174.9283569,"1/9 Gooch Place, Somerville, Auckland","restaurant,food,point_of_interest,establishment",restaurant
ChIJR2-EZl9LDW0RDsQ0mke0MHg,Sunlight Cafe & Takeaway 新樂餐廳,-36.9123471,174.9283535,"b3/9 Gooch Place, Somerville, Auckland","restaurant,food,point_of_interest,establishment",restaurant
ChIJFfjJmTRLDW0RyOg8tCzF4DU,Anh’s Vietnamese Food,-36.9121903,174.9271012,"11/16 Gooch Place, Howick, Auckland","restaurant,food,point_of_interest,establishment",restaurant
ChIJu15RmidLDW0RzGE9_tJnYNQ,Xi'an Food Bar 西安饭庄 Howick,-36.9123104,174.927177,"13/16 Gooch Place, Somerville, Auckland","restaurant,food,point_of_interest,establishment",restaurant
ChIJpTiSuEdLDW0RdGEFcc7s2bw,Myung Ga Korean BBQ Restaurant,-36.9124323,174.9284017,"B4/9 Gooch Place, Somerville, Auckland","restaurant,food,point_of_interest,establishment",restaurant
ChIJk2443X1LDW0RoqhCRXLZkik,Thai Licious Restaurant,-36.9120265,174.9293284,"e12/119 Meadowland Drive, Somerville, Auckland","restaurant,food,point_of_interest,establishment",restaurant
ChIJCZvUhbZLDW0R3yE4Sv_e9Zk,非尝不可炸串，麻辣烫，麻辣拌，麻辣香锅,-36.91236050000001,174.9287435,"125 Meadowland Drive, Howick, Auckland","restaurant,food,point_of_interest,establishment",restaurant
ChIJuQQvNgBLDW0REpM_-ilvx1M,Open Rice 粵棧,-36.9124139,174.9285744,"125 Meadowland Drive, Howick, Auckland","restaurant,food,point_of_interest,establishment",restaurant
ChIJKdkx3EdLDW0RYBjMnYS8eIw,King‘s Barbecue Restaurant,-36.9120909,174.9293457,"E10/119 Meadowland Drive, Somerville, Auckland","restaurant,food,point_of_interest,establishment",restaurant
ChIJ4S9ptrxLDW0RFT_XDPWzRoM,Eden Noodles Meadowland 四川担担面东区店,-36.9122249,174.926779,"90C Whitford Road, Somerville, Auckland","restaurant,food,point_of_interest,establishment",restaurant
ChIJ3cG83EdLDW0RvUZfmpgOP4s,Panda Kitchen 雅園小廚,-36.9123032,174.9291608,"D9/119 Meadowland Drive, Somerville, Auckland","restaurant,food,point_of_interest,establishment",restaurant
ChIJKVCymTJLDW0RVdvco37hy7M,Look Tea 路客食堂,-36.91224119999999,174.9267022,"90 Whitford Road, Somerville, Auckland","restaurant,food,point_of_interest,establishment",restaurant
ChIJW9MtnD1LDW0Rub9FPKrLoME,The Dining Hall Hot Pot大食堂火锅,-36.9123052,174.9268017,"90B Whitford Road, Somerville, Auckland","restaurant,food,point_of_interest,establishment",restaurant
ChIJE8FQdQBLDW0RW702M-_u4P8,Fu Ji Restaurant,-36.9125696,174.9286154,"Somerville, Auckland","restaurant,food,point_of_interest,establishment",restaurant
ChIJVRNyubtLDW0RgMyW2MvqGr0,CHONGQING CUISINE,-36.9123858,174.9291775,"Shop7, Unit6/119 Meadowland Drive, Somerville, Auckland","restaurant,food,point_of_interest,establishment",restaurant
ChIJ5bGU71NLDW0RQY4TY7qXKa8,Tony Kitchen 住家菜,-36.91204939999999,174.9296647,"10/113 Meadowland Drive, Somerville, Auckland","restaurant,food,point_of_interest,establishment",restaurant
ChIJywYXDkdLDW0RMYonJKg5Ieg,Pinyue Shanghai Restaurant 品悦上海菜,-36.91224449999999,174.9265158,"90F Whitford Road, Somerville, Auckland","restaurant,food,point_of_interest,establishment",restaurant
ChIJA4xjm6RLDW0RkcAIgOkdWvE,Vietnam Little Kitchen (越味鲜 Yue Wei Xian ),-36.9123181,174.9293744,"6/119 Meadowland Drive, Somerville, Auckland","restaurant,food,point_of_interest,establishment",restaurant
ChIJO4sbOMW0cm0RHUTuzq-plEY,Windross House Restaurant,-36.9015101,174.9519017,"41 Shelly Beach Parade, Cockle Bay, Auckland","restaurant,food,point_of_interest,establishment",restaurant
ChIJC8077k60cm0R3C4bnENvCGw,Rydges Formosa Auckland Golf Resort,-36.8990077,174.9950681,"110 Jack Lachlan Drive, Beachlands","lodging,restaurant,food,point_of_interest,establishment",restaurant
ChIJC8077k60cm0RpG18hnZGrzM,Formosa Golf Club,-36.89848779999999,174.9951267,"110 Jack Lachlan Drive, Beachlands","cafe,health,store,restaurant,food,point_of_interest,establishment",restaurant
ChIJDT5yVzdrDW0R_kCtrbgK13o,spicy fusion deilghts,-36.8746134,174.5944892,"27 View Ridge Drive, Ranui, Auckland","restaurant,food,point_of_interest,establishment",restaurant
ChIJpwGCcABrDW0RbpLjnFEMCog,Foundation,-36.871991,174.5899366,"1/46A Candia Road, Swanson, Auckland","restaurant,food,point_of_interest,establishment",restaurant
ChIJK3LJt9FBDW0R0INRIeRz4mI,Kowloon Takeaways,-36.88295129999999,174.6154127,"Shop 3/138 Sturges Road Western Heights, Henderson, Auckland","meal_takeaway,restaurant,food,point_of_interest,establishment",restaurant
ChIJi83efyRBDW0RTWMwqw8tNk4,Natalia’s food journey,-36.8861501,174.6165146,"All over Auckland, West, Auckland","meal_takeaway,restaurant,food,point_of_interest,establishment",restaurant
ChIJa8TQlKFrDW0RdQfrqcJ2kPI,7 Spices Indian Takeaway,-36.86819620000001,174.6023413,"2/18 Pooks Road, Ranui, Auckland","meal_takeaway,restaurant,food,point_of_interest,establishment",restaurant
ChIJsXZqv4NqDW0R-vc9J5tV_bU,Pooks RD Takeaways,-36.8681446,174.6023081,"3/18 Pooks Road, Ranui, Auckland","meal_takeaway,restaurant,food,point_of_interest,establishment",restaurant
ChIJO1OviLRBDW0Rx2fcp-w5vP4,Mantra Indian Restaurant,-36.8785484,174.6314367,"393 Great North Road, Henderson, Auckland","meal_takeaway,restaurant,food,point_of_interest,establishment",restaurant
ChIJnT8rIEdADW0R10Oq8gTzedI,Chapati Indian Restaurant,-36.869366,174.6280991,"56 Lincoln Road, Henderson, Auckland","restaurant,food,point_of_interest,establishment",restaurant
ChIJE1WBfbRBDW0RijfRRp6gDVg,Yaruki Japanese Restaurant,-36.87882630000001,174.6316351,"385 Great North Road, Henderson, Auckland","restaurant,food,point_of_interest,establishment",restaurant
ChIJj1MTk7NBDW0RdoANqMUNGnQ,Adriatico Ristorante,-36.87996579999999,174.6331482,"354 Great North Road, Henderson, Auckland","restaurant,food,point_of_interest,establishment",restaurant
ChIJu8N4SLFBDW0RAhjmeh0O6gE,Pita Pit Westcity,-36.87999039999999,174.6329106,"360 Great North Road, Henderson, Auckland","meal_takeaway,restaurant,food,point_of_interest,establishment",restaurant
ChIJE2KmcrRBDW0R6iQjpEAaTvc,Noodle Canteen Henderson,-36.8800095,174.6316581,"10 Railside Avenue, Henderson, Auckland","meal_takeaway,restaurant,food,point_of_interest,establishment",restaurant
ChIJKxHiWbZBDW0R9Nl-vQh7dNk,BMK - Bun Mee Kiwi,-36.8831375,174.6296291,"24 Henderson Valley Road, Henderson, Auckland","restaurant,food,point_of_interest,establishment",restaurant
ChIJS8Sie7ZBDW0RDxFS_eY1XR0,The Grounds at Whoa! Studios,-36.88198849999999,174.629486,"8-14 Henderson Valley Road, Henderson, Auckland","restaurant,cafe,store,bar,food,point_of_interest,establishment",restaurant
ChIJ92n8k7FBDW0RsUecqNCDkCU,Subway,-36.8830785,174.6346033,"5 Vitasovich Avenue, Henderson, Auckland","restaurant,food,point_of_interest,establishment",restaurant
ChIJn5Lz87NBDW0RJ_IAYg58XfE,"TANK Westcity Henderson - Smoothies, Raw Juices, Salads & Wraps",-36.8805624,174.6325767,"Westfield WestCity, 7 Catherine Street, Henderson, Auckland","meal_takeaway,restaurant,food,point_of_interest,establishment",restaurant
ChIJV4mdubNBDW0RI5ZiDWjI1Ho,"Desi Dhamaal Indo Chinese, Fijian and Indian Cuisine",-36.8798946,174.6320825,"376 Great North Road, Henderson, Auckland","meal_takeaway,restaurant,food,point_of_interest,establishment",restaurant
ChIJr-yoiLNBDW0RP4oz_4enhdI,Delhi Heart Indian Cuisine Henderson,-36.87951219999999,174.632507,"371 Great North Road, Henderson, Auckland","restaurant,food,point_of_interest,establishment",restaurant
ChIJE1WBfbRBDW0RX-jrbirOvhE,Wood Brothers,-36.87893339999999,174.6317411,"1/385 Great North Road, Henderson, Auckland","bar,restaurant,food,point_of_interest,establishment",restaurant
ChIJE6rtX7RBDW0RnzK8ol8KjOg,L & L Hawaiian Barbecue,-36.8787267,174.6310874,"420 Great North Road, Henderson, Auckland","meal_takeaway,restaurant,food,point_of_interest,establishment",restaurant
ChIJzxLhRVVADW0RbZh0TdouYvg,Tuk Tuk Thai,-36.8860811,174.6439871,"240a Great North Road, Henderson, Auckland","restaurant,food,point_of_interest,establishment",restaurant
ChIJ35_2qsNBDW0RxYxZkS9G97s,Night ‘n Day Henderson,-36.8940794,174.6194002,"1-3 Forest Hill Road, Henderson Valley Road, Henderson, Auckland","convenience_store,cafe,meal_takeaway,grocery_or_supermarket,store,restaurant,food,point_of_interest,establishment",restaurant
ChIJN11nlqhBDW0R7BG2FaxCvIc,Maling Food Bar,-36.8864139,174.644058,"230 Great North Road, Glendene, Auckland","restaurant,food,point_of_interest,establishment",restaurant
ChIJ23FeqFVADW0R_A4lw0uaQ1I,Domino's Pizza Te Atatu South,-36.8739125,174.6459388,"Shop 2/145 Te Atatu Road, Te Atatū South, Auckland","meal_takeaway,meal_delivery,restaurant,food,point_of_interest,establishment",restaurant
ChIJn7K1k7FBDW0RFrpa9uDAqMo,LJ's Waitakere,-36.8829065,174.6346827,"5 Vitasovich Avenue, Henderson, Auckland","restaurant,food,point_of_interest,establishment",restaurant
ChIJE69ls61IDW0RUbwfUqCphFw,McDonald's West City,-36.88040399999999,174.6331854,"West City Shoppping Centre, Catherine Street, Henderson, Auckland","restaurant,food,point_of_interest,establishment",restaurant
ChIJj8ssQU1BDW0RxDiJTITgCpY,McDonald's Henderson,-36.883957,174.6316801,"86/88 Railside Avenue, Henderson, Auckland","meal_takeaway,restaurant,food,point_of_interest,establishment",restaurant
ChIJR-aDE1FBDW0RgdJ4nubkGWw,Taste of samoa,-36.8832344,174.6296534,"3/24 Henderson Valley Road, Henderson, Auckland","restaurant,food,point_of_interest,establishment",restaurant
ChIJJZyWt7ZBDW0RzbCw0QHHDRQ,The Red Poppy Restaurant,-36.8827049,174.6316293,"68 Railside Avenue, Henderson, Auckland","restaurant,food,point_of_interest,establishment",restaurant
ChIJt6jSeLZBDW0RNDQwss8ur98,Whoa! Studios,-36.8820836,174.6293167,"8/14 Henderson Valley Road, Henderson, Auckland","amusement_park,restaurant,food,point_of_interest,establishment",restaurant
ChIJdc9G8p9BDW0RBDQI93GpX8k,Waffle Wonderland,-36.8835959,174.6276775,"21 Henderson Valley Road, Henderson, Auckland","restaurant,food,point_of_interest,establishment",restaurant
ChIJn7K1k7FBDW0RZaihEhCbucU,St Pierres Sushi (The Boundary),-36.88324770000001,174.6345456,"Shop W, The Boundary 5 Vitasovich Avenue, Henderson, Auckland","restaurant,food,point_of_interest,establishment",restaurant
ChIJof1M_LlBDW0RzgUtcBy0HcQ,UMAI Sushi and Donburi House,-36.8869889,174.6318249,"106 Railside Avenue, Henderson, Auckland","restaurant,food,point_of_interest,establishment",restaurant
ChIJca198rdBDW0RGLOJJ63aO28,Quick Snack Lunchbar,-36.8860331,174.6281175,"37 Henderson Valley Road, Henderson Valley, Auckland","restaurant,food,point_of_interest,establishment",restaurant
ChIJYdCo4IxBDW0Rei_8qGK_q30,RE Burger Henderson,-36.8831628,174.6347023,"22V/5 Vitasovich Avenue, Henderson, Auckland","restaurant,food,point_of_interest,establishment",restaurant
ChIJz9pPUABBDW0RkreXhzvJYFQ,Kiwi Grill,-36.88126,174.633059,"Edsel Street, Henderson, Auckland","restaurant,food,point_of_interest,establishment",restaurant
ChIJze8W4bNBDW0RhVmF_qscpgg,Shamiana,-36.88130719999999,174.6333061,"18/20 Edsel Street, Henderson, Auckland","restaurant,food,point_of_interest,establishment",restaurant
ChIJdYnJtx1BDW0REQ3CuEeCTb0,Cafe Ebenezer,-36.8807902,174.6303103,"6 Henderson Valley Road, Henderson, Auckland","restaurant,food,point_of_interest,establishment",restaurant
ChIJha5YKg1BDW0RzaQE7e0IRyg,Sushi time,-36.8810331,174.6327596,"West City Shopping Centre 7 Catherine Street, Henderson, Auckland","meal_takeaway,restaurant,food,point_of_interest,establishment",restaurant
ChIJEeI8QC9BDW0Ry-blxlbSSBU,Papa Ben's Lomi,-36.8812051,174.6331968,"WestCity Waitakere Level 2, Shop 292/7 Catherine Street, Henderson, Auckland","restaurant,food,point_of_interest,establishment",restaurant
ChIJjXM6Gw9BDW0Roq3wgOy1iPs,Pita Pit Westcity,-36.8812051,174.6331968,"Westcity Food Court, 7 Catherine Street, Henderson, Auckland","restaurant,food,point_of_interest,establishment",restaurant
ChIJXzkODQFBDW0RUzrKGN1sFGg,Downlow Burgers - Westcity,-36.8812051,174.6331968,"Food Court WestCity 7 Catherine Street Westcity, Henderson, Auckland","restaurant,food,point_of_interest,establishment",restaurant
ChIJlTqy0IVBDW0RS727Hc6gFQs,Cavaliers,-36.8807555,174.6325807,"Ponsonby, Auckland","restaurant,food,point_of_interest,establishment",restaurant
ChIJzy2imLFBDW0Rca4y8jhVjIM,Gloria Jean's Cafe - Waitakere,-36.8829499,174.6352317,"5 Vitasovich Avenue, Henderson, Auckland","cafe,restaurant,food,store,point_of_interest,establishment",restaurant
ChIJsUZdoIhBDW0RmPWFOmtfsFk,Tiger Sushi,-36.8805508,174.6298059,"shop 3/4 Henderson Valley Road, Henderson, Auckland","meal_takeaway,restaurant,food,point_of_interest,establishment",restaurant
ChIJx4sPULFBDW0RH3TuOU4q_rc,Wok Wok Westcity,-36.8805205,174.6322479,"Catherine Street, Henderson, Auckland","restaurant,food,point_of_interest,establishment",restaurant
ChIJ4XgsswhBDW0RKncAZW1_LG0,Kebab King Henderson,-36.8806341,174.6327578,"7 Catherine Street, Henderson, Auckland","restaurant,food,point_of_interest,establishment",restaurant
ChIJTwHeGhxBDW0RczfujPyBkso,Kanes Burger Club,-36.88037609999999,174.631553,"3/16 Railside Avenue, Henderson, Auckland","restaurant,food,point_of_interest,establishment",restaurant
ChIJUZBXErRBDW0RcmdlHfOcToU,Ko & Ki Sushi,-36.8802843,174.6314072,"18 Railside Avenue, Henderson, Auckland","restaurant,food,point_of_interest,establishment",restaurant
ChIJvdjNHwBBDW0RXwBWdytPKM0,RED SEA CAFE - Little Hanoi NZ,-36.8804992,174.6326925,"7 Catherine Street, Henderson, Auckland","restaurant,food,point_of_interest,establishment",restaurant
ChIJ8WVy5GlBDW0RmcNtsYnq4LQ,KFC,-36.8804488,174.6328354,"Shop S207, Catherine Street, Henderson, Auckland","meal_takeaway,restaurant,food,point_of_interest,establishment",restaurant
ChIJh36nDgBBDW0RVImLVSH4dgs,King Pow - Henderson,-36.8805029,174.6330121,"7 Catherine Street, Henderson, Auckland","restaurant,food,point_of_interest,establishment",restaurant
ChIJG-xAw85BDW0RZGBv3Blz2tw,BUN KING,-36.8801255,174.63166,"3/10 Railside Avenue, Henderson, Auckland","restaurant,food,point_of_interest,establishment",restaurant
ChIJa7Js7ohBDW0R6uTeIW4XR6Q,Buns n Rolls Henderson,-36.8803298,174.6328433,"6 Catherine Street, Henderson, Auckland","restaurant,food,point_of_interest,establishment",restaurant
ChIJHacHcwBBDW0RButQdMiCDRA,Seoul Mate Korean Chicken,-36.88043419999999,174.6331618,"Henderson, Auckland","restaurant,food,point_of_interest,establishment",restaurant
ChIJudlGcZ9BDW0RzTsy5KnyPY8,Katsubi West City,-36.8803959,174.6330996,"West City Shoppping Centre, Catherine Street, Henderson, Auckland","restaurant,food,point_of_interest,establishment",restaurant
ChIJYU6STsdBDW0Rk8tBsZ6ijVs,Ziggle Henderson,-36.8798399,174.6322725,"374 Great North Road, Henderson, Auckland","meal_takeaway,restaurant,food,point_of_interest,establishment",restaurant
ChIJX3wf1w9BDW0Ru56RcWrH_N0,Momo Junction,-36.8799687,174.6329091,"Shop 2/360 Great North Road, Henderson, Auckland","restaurant,food,point_of_interest,establishment",restaurant
ChIJqVVLDk5BDW0R8CVqevpUURs,Mr Katsu Henderson,-36.8798997,174.6330337,"356 Great North Road, Henderson, Auckland","restaurant,food,point_of_interest,establishment",restaurant
ChIJfzlJ8bZBDW0RrrP1sQJo-IA,Daaku Kebab,-36.8799268,174.6334481,"346 Great North Road, Henderson, Auckland","meal_takeaway,restaurant,food,point_of_interest,establishment",restaurant
ChIJZ1Nyt_FBDW0RM6EvX4972p0,Kebab Joint,-36.8794297,174.6316763,"386 Great North Road, Henderson, Auckland","restaurant,cafe,bakery,store,food,point_of_interest,establishment",restaurant
ChIJLfA47WFBDW0RoN0cWTje3E8,Dino Hamburger Steak,-36.8794189,174.6316225,"388 Great North Road, Henderson, Auckland","meal_takeaway,restaurant,food,point_of_interest,establishment",restaurant
ChIJG-SZCm9BDW0RcUC4M-u-Wzw,Treasure Kitchen henderson,-36.879377,174.6315884,"392 Great North Road, Henderson, Auckland","restaurant,food,point_of_interest,establishment",restaurant
ChIJ2XglO8tBDW0RIYq-j-M6v5c,Waguwagu Hotdog&Chicken,-36.8793746,174.6316148,"388 Great North Road, Henderson, Auckland","meal_takeaway,restaurant,food,point_of_interest,establishment",restaurant
ChIJ36I_kLNBDW0RSveeyKzPZwQ,Maki Yaki,-36.8796097,174.6329458,"3/361 Great North Road, Henderson, Auckland","meal_takeaway,restaurant,food,point_of_interest,establishment",restaurant
ChIJc3sXwy5BDW0RZCnSZmODStQ,Biryaniwala - Henderson,-36.8798891,174.6340838,"3/330 Great North Road, Henderson, Auckland","restaurant,food,point_of_interest,establishment",restaurant
ChIJo3CyI95ADW0R3-5GraStsd8,Subway,-36.8739303,174.6692896,"624 Rosebank Road, Avondale, Auckland","restaurant,food,point_of_interest,establishment",restaurant
ChIJr0S7oShBDW0R33N-nYm17Eg,Pita Pit,-36.8824977,174.6795886,"391 Rosebank Road, Avondale, Auckland","restaurant,food,point_of_interest,establishment",restaurant
ChIJaW62ON5ADW0RcZEyCZHj65A,Night 'n Day Rosebank,-36.87218619999999,174.6693736,"628/642 Rosebank Road, Avondale, Auckland","convenience_store,cafe,grocery_or_supermarket,meal_takeaway,restaurant,food,point_of_interest,store,establishment",restaurant
ChIJneZO0S5BDW0RTNgJ6qJZunU,Rosebank - coffee & kitchen,-36.8837748,174.6819661,"1/2 Jomac Place, Avondale, Auckland","cafe,restaurant,food,point_of_interest,establishment",restaurant
ChIJsU8VfzlBDW0Rxb0uwAgK1qI,Ryders,-36.8952184,174.6777198,"177 Riversdale Road, Avondale, Auckland","restaurant,tourist_attraction,food,point_of_interest,establishment",restaurant
ChIJE1rGNh5BDW0R2vXmefD7hv8,Food Contractors 1979,-36.8786989,174.6657983,"11 Saunders Place, Avondale, Auckland","restaurant,food,point_of_interest,establishment",restaurant
ChIJCdhKiRlBDW0RcOZEbH_zaoc,Bancroft Lunch Bar,-36.88649079999999,174.6639961,"22 Bancroft Crescent, Glendene, Auckland","meal_takeaway,restaurant,food,point_of_interest,establishment",restaurant
ChIJJQQ4icVBDW0RyXEY1sIYsy0,Burdogs,-36.8889914,174.6599052,"NZ, The Kitchen Collective 9A Akatea Road, Glendene, Auckland","meal_delivery,meal_takeaway,restaurant,food,point_of_interest,establishment",restaurant
ChIJBezGQZdBDW0RpWWd4xizrWQ,The Milktea Shop X Chopsticks and Sips,-36.88913189999999,174.6600125,"The Kitchen Collective 9A Akatea Road, Glendene, Auckland","restaurant,food,point_of_interest,establishment",restaurant
ChIJHcgeg8ZBDW0RdFyiOxKZHEQ,Better Burger Glendene,-36.88913189999999,174.6600125,"The Kitchen Collective 9a Akatea Road, Glendene, Auckland","restaurant,food,point_of_interest,establishment",restaurant
ChIJPYDLpGpBDW0Rax6yHI8Klpg,Burger Burger Glendene,-36.88913189999999,174.6600125,"9a Akatea Road, Glendene, Auckland","meal_takeaway,restaurant,food,point_of_interest,establishment",restaurant
ChIJBcRZG1EEPQYRmNh5mn6Bnno,Havoc Seafood Boil and Soul Food,-36.88913189999999,174.6600125,"9A Akatea Road, Glendene, Auckland","bakery,meal_takeaway,restaurant,food,point_of_interest,store,establishment",restaurant
ChIJnaP_oIpBDW0RC0s-WVd8e8s,Engineer's Cafe,-36.88913189999999,174.6600125,"9A Akatea Road, Glendene, Auckland","restaurant,food,point_of_interest,establishment",restaurant
ChIJ0XN1LVZBDW0RVZQE962XQLc,Jack's Fried Chicken Glendene,-36.88913189999999,174.6600125,"The Kitchen Collective 9A Akatea Road, Glendene, Auckland","meal_takeaway,restaurant,food,point_of_interest,establishment",restaurant
ChIJR1uoJwBBDW0R5zt_Xr5Uxr8,Spicy Duck,-36.8893418,174.6598362,"NZ, The Kitchen Collective 9A Akatea Road, Glendene, Auckland","restaurant,food,point_of_interest,establishment",restaurant
ChIJuUYeIuBADW0R-qFK5V0mX_g,Saunders Lunch Bar,-36.8772869,174.6674242,"9/22 Timothy Place, Avondale, Auckland","meal_takeaway,restaurant,food,point_of_interest,establishment",restaurant
ChIJPyKtv5BBDW0Rnfubnqzzo7A,Vincent's Bakery,-36.8808964,174.6746349,"3/432 Rosebank Road, Avondale, Auckland","restaurant,food,point_of_interest,establishment",restaurant
ChIJ8RwP6XdBDW0R_CHkMHK13Nk,Mitten Drin,-36.8815854,174.6762512,"390a Rosebank Road, Avondale, Auckland","restaurant,food,point_of_interest,establishment",restaurant
ChIJq6sr8kVBDW0ROIDoh3XWlJA,Genesis massive,-36.8898202,174.6752693,"16a Kenley Place, Avondale, Auckland","restaurant,food,point_of_interest,establishment",restaurant
ChIJ1_J9aCZBDW0RT_IBWppU1lM,Fremlin Lunch Bar,-36.882329,174.6773235,"1 Fremlin Place, Avondale, Auckland","restaurant,food,point_of_interest,establishment",restaurant
ChIJZ4_Lf6dBDW0RpRwA1WT_jWc,District 7 cafe,-36.8736748,174.6693339,"4/624 Rosebank Road, Avondale, Auckland","cafe,bakery,restaurant,food,store,point_of_interest,establishment",restaurant
ChIJvRjeoChBDW0RDKuATp3TrVg,Columbus Coffee,-36.8824977,174.6795886,"391 Rosebank Road, Avondale, Auckland","cafe,restaurant,food,store,point_of_interest,establishment",restaurant
ChIJEQkdrQ5BDW0ReGsPmFXbARs,Lai Yuen Takeaways,-36.8926032,174.6532703,"Glendene, Auckland","meal_takeaway,restaurant,food,point_of_interest,establishment",restaurant
ChIJ30lN_d1ADW0RZQ44Ii8ge6o,The Lunch Bar,-36.8721964,174.66944,"648 Rosebank Road, Avondale, Auckland","meal_takeaway,restaurant,food,point_of_interest,establishment",restaurant
ChIJ24zogF1BDW0Rp31z3jiACxg,Shiv Fast foods,-36.8715464,174.6663016,"32 Patiki Road, Avondale, Auckland","restaurant,food,point_of_interest,establishment",restaurant
ChIJaWX6RQhBDW0Rq2s09198czE,Thornlow Takeaways,-36.889577,174.649625,"1 Thornlow Street, Glendene, Auckland","meal_takeaway,restaurant,food,point_of_interest,establishment",restaurant
ChIJ7-amUgNBDW0RM7zq7OeQM6g,Crew cleaner,-36.8924839,174.6501747,"8B Karo Place, Glendene, Auckland","restaurant,food,point_of_interest,establishment",restaurant
ChIJHy8FGABBDW0RU8plNh0JcPk,Ann’s Kitchen,-36.892992,174.649772,"50 Felgrove Street, Glendene, Auckland","meal_takeaway,restaurant,food,point_of_interest,establishment",restaurant
ChIJu2S-JoBBDW0RKxx9M3M28pM,CAGO VIETNAMESE CUISINE,-36.8868734,174.644651,"6/4343 Great North Road, Glendene, Auckland","restaurant,food,point_of_interest,establishment",restaurant
ChIJeWKhnAZBDW0R5N0Mn7NdOLE,Glendene Bakery Lunch Bar,-36.886643,174.6444759,"4353 Great North Road, Glendene, Auckland","bakery,cafe,restaurant,food,store,point_of_interest,establishment",restaurant
ChIJBcDP90dBDW0RD9RzAt2zGlc,HunchMunch,-36.8863554,174.6441092,"236 Great North Road, Glendene, Auckland","meal_takeaway,restaurant,food,point_of_interest,establishment",restaurant
ChIJfXdVj6RBDW0RidMG1WfPARk,Beach Pizza Glendene - Pizza Shop - Takeaway Pizza,-36.886297,174.6440883,"238A Great North Road, Glendene, Auckland","meal_takeaway,restaurant,food,point_of_interest,establishment",restaurant
ChIJ4wJ5l6hBDW0RdsrmqAbbZzk,Glendene Roast,-36.8866535,174.644157,"222 Great North Road, Glendene, Auckland","meal_takeaway,restaurant,food,point_of_interest,establishment",restaurant
ChIJ8RBho0lBDW0RZIfqDg5qXL0,mr butter chicken,-36.8863053,174.6440877,"238 Great North Road, Glendene, Auckland","meal_takeaway,restaurant,food,point_of_interest,establishment",restaurant
ChIJPb-1EXxBDW0RHKuKMW3DVOw,Fried Chicken Headquarters,-36.8861936,174.6440661,"240B Great North Road, Henderson, Auckland","meal_takeaway,restaurant,food,point_of_interest,establishment",restaurant
ChIJlUfkDixBDW0RJCY2od1ovoc,Butter Chicken Place,-36.8863602,174.6440689,"234 Great North Road, Glendene, Auckland","meal_takeaway,restaurant,food,point_of_interest,establishment",restaurant
ChIJxUYvvqhBDW0RMF-UQuk4OiY,"Super Noodles, Ming Xing Fast Food",-36.8862531,174.6439645,"238B Great North Road, Glendene, Auckland","meal_takeaway,restaurant,food,point_of_interest,establishment",restaurant
ChIJ4dOEWw9BDW0RZOwgxJCyV_4,Torrance Herzog,-36.8872515,174.6441725,"202 Great North Road, Glendene, Auckland","restaurant,food,point_of_interest,establishment",restaurant
ChIJNdWPsfFBDW0RGpJP34yEC1A,Westie Bistro,-36.8871688,174.6441497,"202 Great North Road, Glendene, Auckland","restaurant,food,point_of_interest,establishment",restaurant
ChIJy01rgy5BDW0RDPeZC82NhsU,Sushi Ichiban,-36.88592899999999,174.6842818,"277 Rosebank Road, Avondale, Auckland","restaurant,food,point_of_interest,establishment",restaurant
ChIJBQQGgy5BDW0R6P64TN-1UZ4,SIGREE INDIAN BBQ (Opening Soon),-36.88599429999999,174.6843187,"277 Rosebank Road, Avondale, Auckland","restaurant,food,point_of_interest,establishment",restaurant
ChIJn8cNFmtBDW0RGWBvuCRaHFA,St Leonard Takeaways,-36.9004952,174.665354,"10 Saint Leonards Road, Kelston, Waitakere","meal_takeaway,restaurant,food,point_of_interest,establishment",restaurant
ChIJ_bw-di5BDW0Rwro6Rjv0RLs,Avondale Takeaways,-36.8873798,174.6846341,"1A Avondale Road, Avondale, Auckland","meal_takeaway,restaurant,food,point_of_interest,establishment",restaurant
ChIJ69uMYFJBDW0R02q_4f4gySo,Momoinbike,-36.901159,174.660743,"4a Kelkirk Street, Kelston, Auckland","restaurant,food,point_of_interest,establishment",restaurant
ChIJa71yCFVADW0RtZNPxj6pT_E,Noodle Express,-36.8742092,174.6460067,"141 Te Atatu Road, Te Atatū South, Auckland","restaurant,food,point_of_interest,establishment",restaurant
ChIJkTvAB1VADW0RV5Qs13p0kvk,Te Atatu South Roast,-36.8741507,174.6459936,"141 Te Atatu Road, Te Atatū South, Auckland","restaurant,food,point_of_interest,establishment",restaurant
ChIJtSgUtRZBDW0R1g1Brv6Xm3I,Hidden Kusina Ltd,-36.8948724,174.6812028,"9 Blumhardt Place, Avondale, Auckland","meal_takeaway,restaurant,food,point_of_interest,establishment",restaurant
ChIJ23FeqFVADW0R8Ozh4_SJUbM,Blue Lagoon Takeaways,-36.8739879,174.6459048,"145 Te Atatu Road, Te Atatū South, Auckland","meal_takeaway,restaurant,food,point_of_interest,establishment",restaurant
ChIJXRJdiD9BDW0RWLDsEdT80V8,Moe Palae' Myanmar Restaurant,-36.899806,174.6532786,"4161 Great North Road, Glen Eden, Auckland","restaurant,food,point_of_interest,establishment",restaurant
ChIJe0YpQ-FGDW0RmNnn9syamko,Triniti of Silver Cafe,-36.8840549,174.7152048,"911 New North Road, Mount Albert, Auckland","cafe,store,restaurant,food,point_of_interest,establishment",restaurant
ChIJRfv7gudGDW0RTuyaY4lhuvc,Sui Yuan BBQ Steamboat Restaurant (随园饭店）,-36.887844,174.7111968,"955 New North Road, Mount Albert, Auckland","restaurant,food,point_of_interest,establishment",restaurant
ChIJ4X0jTtBHDW0RVvR1ZJ8eb9w,Ruang Thong Thai Mt Albert,-36.88476290000001,174.7150121,"942 New North Road, Mount Albert, Auckland","restaurant,food,point_of_interest,establishment",restaurant
ChIJz01WoyBHDW0RWzm94tgTs-I,Subway Unitec,-36.8800641,174.7076048,"Te Puna, Inside Unitec Main Library, Building 180 Gate 4/139 Carrington Road, Mount Albert, Auckland","restaurant,food,point_of_interest,establishment",restaurant
ChIJs1weIudGDW0REptdY9pUJ9E,Sam's Chicken,-36.8865392,174.7126294,"949 New North Road, Mount Albert, Auckland","restaurant,food,point_of_interest,establishment",restaurant
ChIJ9Yi-YOFGDW0Ram8LEWySZuA,顺记湘菜 Shun Kee Restaurant,-36.8838215,174.7156269,"895 New North Road, Mount Albert, Auckland","restaurant,food,point_of_interest,establishment",restaurant
ChIJyRz-4ONGDW0R8Y6_-OyD-Ng,Shanghai Noodle House (吴胖子生煎）,-36.8840743,174.7160633,"898 New North Road, Mount Albert, Auckland","restaurant,food,point_of_interest,establishment",restaurant
ChIJvR0PUOFGDW0Rk6X-gWvmW1I,Mt Albert BBQ Noodle House,-36.8845696,174.7152573,"930 New North Road, Mount Albert, Auckland","restaurant,food,point_of_interest,establishment",restaurant
ChIJUXyl4ONGDW0Rd6ex9RYX1ag,Burger Wisconsin,-36.8839553,174.7161694,"892 New North Road, Mount Albert, Auckland","restaurant,food,point_of_interest,establishment",restaurant
ChIJlxVZM-FGDW0RXg5BAKQL3Oo,Pizza Hut,-36.8851195,174.7142577,"943 New North Road, Mount Albert, Auckland","meal_delivery,meal_takeaway,restaurant,food,point_of_interest,establishment",restaurant
ChIJwXn1oSJHDW0RIulyHocsKFg,Nomad,-36.870219,174.710305,"5 Point Chevalier Road, Point Chevalier, Auckland","bar,restaurant,food,point_of_interest,establishment",restaurant
ChIJzzdtdBhHDW0RZ2bgbLdKZhI,Sweet Chilli,-36.8706502,174.7110613,"1200 Great North Road, Point Chevalier, Auckland","restaurant,food,point_of_interest,establishment",restaurant
ChIJZ_OYcxhHDW0R2l5nJFAcmkU,Pita Pit Point Chevalier,-36.8704134,174.7110027,"1194 Great North Road, Point Chevalier, Auckland","restaurant,food,point_of_interest,establishment",restaurant
ChIJA4YHRuFGDW0R5SnTMpfOVtc,HELL Pizza,-36.88464889999999,174.7147038,"927 New North Road, Mount Albert, Auckland","meal_delivery,meal_takeaway,restaurant,food,point_of_interest,establishment",restaurant
ChIJxeqYVwBHDW0RAxbQm3UQ3ig,Timmur Nepalese & Indian Cuisine(Timur),-36.8915628,174.6962784,"4/1784 Great North Road, Avondale, Auckland","restaurant,food,point_of_interest,establishment",restaurant
ChIJx_chUFRHDW0RZaWP6WHtECc,Tonight BBQ金夜烧烤,-36.8918427,174.6960911,"1790A Great North Road, Avondale, Auckland","restaurant,food,point_of_interest,establishment",restaurant
ChIJq6Jvct9GDW0R1TVpCIXt-q0,Nuri & Maru,-36.8806276,174.707439,"139 Carrington Road, Mount Albert, Auckland","restaurant,food,point_of_interest,establishment",restaurant
ChIJPWKdwc5GDW0RDe6itiMksn0,Green Jade Takeaways,-36.8939372,174.6965587,"1846 Great North Road, Avondale, Auckland","meal_takeaway,restaurant,food,point_of_interest,establishment",restaurant
ChIJZ8yLXkxHDW0R-oG_184Jzxc,Ol'Mate Avondale,-36.8941719,174.6962062,"1855 Great North Road, Avondale, Auckland","cafe,bakery,restaurant,food,store,point_of_interest,establishment",restaurant
ChIJfy2y3rJHDW0RB3STWzXH69g,Indigo Restaurant,-36.89433799999999,174.6963389,"1863 Great North Road, Avondale, Auckland","restaurant,meal_takeaway,food,store,point_of_interest,establishment",restaurant
ChIJwRjCAJRHDW0RZFeYOV_gbMo,Burnt Butter Diner,-36.8946419,174.6969425,"62 Rosebank Road, Avondale, Auckland","restaurant,food,point_of_interest,establishment",restaurant
ChIJN_vNts5GDW0Rg1Hl1lczKVk,Pignic Takeaway,-36.8946231,174.6959759,"78 Rosebank Road, Avondale, Auckland","restaurant,food,point_of_interest,establishment",restaurant
ChIJ3Rfk3xVHDW0RZjvR-Y2Ms-8,Kebarb King,-36.8946574,174.6959592,"76 Rosebank Road, Avondale, Auckland","restaurant,food,point_of_interest,establishment",restaurant
ChIJkUwb2s5HDW0RztVQvmB4fAw,Deesha Foods Mount Albert,-36.8848936,174.7104322,"41 Woodward Road, Mount Albert, Auckland","meal_takeaway,restaurant,food,point_of_interest,establishment",restaurant
ChIJ3-vT0mhHDW0R44E1apCvBsI,The Five,-36.8947768,174.697793,"48 Rosebank Road, Avondale, Auckland","restaurant,food,point_of_interest,establishment",restaurant
ChIJO94BAypHDW0RjGW2KYtvmP0,Baby G Burger,-36.8947974,174.696434,"1879 Great North Road, Avondale, Auckland","restaurant,food,point_of_interest,establishment",restaurant
ChIJJQKCrhtHDW0ROUYWJ7HTIkw,Totally Chicken Avondale,-36.8948328,174.6956246,"Unit 3/2 Elm Street, Avondale, Auckland","meal_takeaway,restaurant,food,point_of_interest,establishment",restaurant
ChIJ-1arMslGDW0RzUz5PzzBO-g,Golden Sun Takeaways,-36.8951253,174.6969176,"1896 Great North Road, Avondale, Auckland","meal_takeaway,restaurant,food,point_of_interest,establishment",restaurant
ChIJ-3GlNMlGDW0RBd2zqb5KCUM,Diamond Cafe & Takeaway,-36.895154,174.6965775,"1887 Great North Road, Avondale, Auckland","meal_takeaway,restaurant,food,point_of_interest,establishment",restaurant
ChIJ70mh0s5GDW0RS_c62XycYZs,Ulutoa & Sons,-36.89518380000001,174.6968543,"Avondale, Auckland","meal_takeaway,restaurant,food,point_of_interest,establishment",restaurant
ChIJV6l6M8lGDW0RXTJW4n_Cmos,Polynesian Food Takeaway,-36.895222,174.6965969,"1891 Great North Road, Avondale, Auckland","restaurant,food,point_of_interest,establishment",restaurant
ChIJJ4MTp_hHDW0RkzFcQf59pog,Frat’s Pizza,-36.8892924,174.7100107,"1089 New North Road, Mount Albert, Auckland","restaurant,food,point_of_interest,establishment",restaurant
ChIJW2xHv8RHDW0RmEkYuRJyXJk,wildbean cafe,-36.88826450000001,174.7106003,"975 New North Road, Mount Albert, Auckland","cafe,bakery,restaurant,food,point_of_interest,store,establishment",restaurant
ChIJGXY4futBDW0RWGCgqCGR3nI,Banh Mi Delight,-36.89580979999999,174.6964893,"1907 Great North Road, Avondale, Auckland","restaurant,food,point_of_interest,establishment",restaurant
ChIJs1weIudGDW0RbdQ-gI5wV8s,TASTY DUMPLING,-36.88635219999999,174.7127615,"949 New North Road, Mount Albert, Auckland","restaurant,food,point_of_interest,establishment",restaurant
ChIJ494zuiRHDW0Rzuh3VVPCFqU,HomeCooked Family Bistro,-36.88771819999999,174.7113494,"8/955 New North Road, Mount Albert, Auckland","restaurant,food,point_of_interest,establishment",restaurant
ChIJyyOIf45HDW0R6QZ2PKj6-5c,Kebab on Wheels,-36.88736919999999,174.7116526,"955 New North Road, Mount Albert, Auckland","meal_takeaway,restaurant,food,point_of_interest,establishment",restaurant
ChIJjeEjsnRHDW0RTMXB6Tpid1Q,MIE Angks4,-36.8873584,174.7116774,"955 New North Road, Mount Albert, Auckland","restaurant,food,point_of_interest,establishment",restaurant
ChIJWZ43yPlHDW0R_H8NVgCYyFE,EAT LOVE REPEAT AVONDALE,-36.896279,174.7007553,"127 Blockhouse Bay Road, Avondale, Auckland","restaurant,food,point_of_interest,establishment",restaurant
ChIJTa97BslGDW0Rnx-kK1NSjUc,The Yacht Chinese Restaurant,-36.8978488,174.6967869,"2023 Great North Road, Avondale, Auckland","restaurant,food,point_of_interest,establishment",restaurant
ChIJiaPDHslGDW0RedBb4GGS8cI,JJ's Takeaways,-36.8967172,174.6973314,"1954 Great North Road, Avondale, Auckland","restaurant,food,point_of_interest,establishment",restaurant
ChIJi9ejZ4BHDW0R0N3Vzv4rVXE,Tokos Tacos,-36.8967211,174.6973674,"1954 Great North Road, Avondale, Auckland","meal_takeaway,restaurant,food,point_of_interest,establishment",restaurant
ChIJs1weIudGDW0RXO-DkioAs-g,Seafood Harbour,-36.8865377,174.7126294,"949 New North Road, Mount Albert, Auckland","restaurant,food,point_of_interest,establishment",restaurant
ChIJMRrpeidHDW0RXTi8r3d9gi8,Qin Xiang Ge,-36.8864866,174.7127071,"949 New North Road, Mount Albert, Auckland","restaurant,food,point_of_interest,establishment",restaurant
ChIJ8aowiEpHDW0RGTt7gyanYPk,Kiwi Kebab Corner,-36.8964779,174.7008132,"135 Blockhouse Bay Road, Avondale, Auckland","restaurant,food,point_of_interest,establishment",restaurant
ChIJWzsM-9JHDW0RTJyPymIG9as,The Kebab Factory,-36.8964779,174.7008132,"135 Blockhouse Bay Road, Avondale, Auckland","restaurant,food,point_of_interest,establishment",restaurant
ChIJm3vlR_RHDW0RYQVIWQX8H3E,Torrance Herzog,-36.8964779,174.7008132,"135 Blockhouse Bay Road, Avondale, Auckland","restaurant,food,point_of_interest,establishment",restaurant
ChIJmSxxmyJHDW0RMGadfItDP-Q,Sages Indian Restaurant,-36.870889,174.71022,"1228 Great North Road, Point Chevalier, Auckland","meal_takeaway,restaurant,food,point_of_interest,establishment",restaurant
ChIJId4oJ-dGDW0RnwXUIlNwqZc,港飲廣食 Happy Hour Restaurant,-36.8859483,174.7134112,"947 New North Road, Mount Albert, Auckland 1025","restaurant,food,point_of_interest,establishment",restaurant
ChIJ54qSG65HDW0RNn1W_lP2Di8,Papa's Italian Eatery,-36.8747338,174.7416427,"61 Sandringham Road, Kingsland, Auckland","restaurant,food,point_of_interest,establishment",restaurant
ChIJ3SiF9bBHDW0RCwfoo5WOY_Y,Canton Cafe,-36.8719002,174.7445849,"477 New North Road, Kingsland, Auckland","cafe,restaurant,food,point_of_interest,establishment",restaurant
ChIJKcQwy65HDW0R427z1tTO170,Tiffin indian cuisine,-36.8739002,174.736817,"598 New North Road, Kingsland, Auckland","restaurant,food,point_of_interest,establishment",restaurant
ChIJLb-Yz05GDW0RsctkMjBj-ZQ,Banzai Restaurant,-36.88859019999999,174.7465251,"583 Dominion Road, Mount Eden, Auckland","restaurant,food,point_of_interest,establishment",restaurant
ChIJVRs3VldGDW0RUtpkEhEznR8,Satya Chai Lounge / Satya South Indian Restaurant,-36.8913571,174.7362261,"515 Sandringham Road, Sandringham, Auckland","restaurant,food,point_of_interest,establishment",restaurant
ChIJF1CJWrBHDW0R74PhQf8jtS0,The Kingslander,-36.872276,174.7443867,"470 New North Road, Kingsland, Auckland","bar,restaurant,food,point_of_interest,establishment",restaurant
ChIJb70JBwJHDW0Rx1vDCMXBcgg,Big Boy Takeaways,-36.88015249999999,174.7258201,"758 New North Road, Mount Albert, Auckland","meal_takeaway,restaurant,food,point_of_interest,establishment",restaurant
ChIJuTpUzK5HDW0R1OjdcOplzxk,Sake Bar icco,-36.87362,174.736956,"601 New North Road, Morningside, Auckland","restaurant,food,point_of_interest,establishment",restaurant
ChIJ-YrxBwJHDW0RntVDU4Cu4kc,Rocket Kebabs,-36.8802466,174.7257268,"762 New North Road, Mount Albert, Auckland","restaurant,food,point_of_interest,establishment",restaurant
ChIJIwQmEUxGDW0RuO8dDZuBdaM,Cazador Restaurant & Delicatessen,-36.8938525,174.7453936,"854 Dominion Road, Mount Eden, Auckland","restaurant,cafe,store,food,point_of_interest,establishment",restaurant
ChIJAZW2BrVHDW0RFsp4H92f9Tg,Tasca,-36.8789801,174.7501861,"338 Dominion Road, Mount Eden, Auckland","restaurant,food,point_of_interest,establishment",restaurant
ChIJiZKjbM1HDW0Rb8QW_zwWg18,Golden Barbeque Noodle House,-36.8778889,174.7510155,"296D Dominion Road, Mount Eden, Auckland","restaurant,food,point_of_interest,establishment",restaurant
ChIJWQzRh0RGDW0RigcC_TH8NKw,928Eatery,-36.8965551,174.7445297,"928 Dominion Road, Mount Roskill, Auckland","restaurant,food,point_of_interest,establishment",restaurant
ChIJd6oux7VHDW0RWNDMlgkO5H8,The Clare Inn Irish Pub,-36.8772605,174.75079,"274/278 Dominion Road, Mount Eden, Auckland","bar,restaurant,food,point_of_interest,establishment",restaurant
ChIJTTRWv7BHDW0RUjXyu15qbT0,Atomic Coffee Roasters,-36.8719215,174.7460647,"420 New North Road, Kingsland, Auckland","cafe,store,restaurant,food,point_of_interest,establishment",restaurant
ChIJp3N4ME9GDW0RCKj61PElcQ0,Manee Thai Restaurant,-36.8901395,174.7467209,"692 Dominion Road, Mount Eden, Auckland","restaurant,food,point_of_interest,establishment",restaurant
ChIJHdRl9rBHDW0R1HS2mFTXPAA,Taiko Kingsland,-36.8722763,174.7446136,"460A New North Road, Kingsland, Auckland","bar,restaurant,food,point_of_interest,establishment",restaurant
ChIJo7LODwRHDW0Rovbxmh2XarA,St Pierres Sushi (St Lukes),-36.8832106,174.7343556,"437/80 Saint Lukes Road, Mount Albert, Auckland","restaurant,food,point_of_interest,establishment",restaurant
ChIJJ6XyvFVGDW0R6B-vIt4gTEs,Kyoto,-36.8826726,174.7325073,"80 Saint Lukes Road, Mount Albert, Auckland","restaurant,food,point_of_interest,establishment",restaurant
ChIJj5EdE1VGDW0R---S4AE3REE,"TANK St Lukes - Smoothies, Raw Juices, Salads & Wraps",-36.88239069999999,174.7329596,"Westfield St Lukes 80 Saint Lukes Road, St Lukes, Auckland","meal_takeaway,restaurant,food,point_of_interest,establishment",restaurant
ChIJAYvdBVVGDW0RG8Ek-7dtIhg,Subway,-36.8824077,174.7331438,"211/80 Saint Lukes Road, Mount Albert, Auckland","restaurant,food,point_of_interest,establishment",restaurant
ChIJofuc3qpHDW0R8yS0siB9Vyg,Geeks on Sainsbury,-36.87961299999999,174.7340453,"1/55 Sainsbury Road, Mount Albert, Auckland","cafe,restaurant,food,point_of_interest,establishment",restaurant
ChIJofuc3qpHDW0RQ38CjBiI714,St. Lukes Roast,-36.8794791,174.7339844,"2/55 Sainsbury Road, Mount Albert, Auckland","meal_delivery,meal_takeaway,restaurant,food,point_of_interest,establishment",restaurant
ChIJi-B7Z1FGDW0RfEPMfwd1Dgk,Blue Rose Cafe & Catering,-36.8865889,174.7380969,"414 Sandringham Road, Sandringham, Auckland","cafe,restaurant,food,point_of_interest,establishment",restaurant
ChIJ0W_TVFdGDW0R-mp-IirFSqI,Shubh Restaurant and Takeaways,-36.8913023,174.7365876,"520-524 Sandringham Road, Sandringham, Auckland","restaurant,food,point_of_interest,establishment",restaurant
ChIJDQ9g_VlGDW0R02QJqBqTtiY,Bawarchi Indian Restaurant,-36.89152199999999,174.73627,"519 Sandringham Road, Sandringham, Auckland","meal_takeaway,restaurant,food,point_of_interest,establishment",restaurant
ChIJS9qo5FlGDW0Rn5JW6gTkzl4,Venky's South Indian Cuisine,-36.8918527,174.7360947,"535 Sandringham Road, Sandringham, Auckland","restaurant,food,point_of_interest,establishment",restaurant
ChIJw21fd1dGDW0Rj3-Xn1JxdbQ,Lord Kitchener,-36.8922141,174.7360784,"6 Kitchener Road, Sandringham, Auckland","bar,restaurant,food,point_of_interest,establishment",restaurant
ChIJI_1Wb6lHDW0RiJvBl0ASfW4,Wok Express Kingsland,-36.8749109,174.7348332,"626 New North Road, Kingsland, Auckland","meal_delivery,meal_takeaway,restaurant,food,point_of_interest,establishment",restaurant
ChIJ1zJ4ma1HDW0RjFXE-3orFMU,555 Thai Cuisine TAKEAWAY,-36.8778139,174.7409862,"164 Sandringham Road, Sandringham, Auckland","meal_takeaway,restaurant,food,point_of_interest,establishment",restaurant
ChIJSYj2TalHDW0Rxxb6B8XTk40,Papagaio Health Kitchen,-36.874546,174.736969,"2A Morningside Drive, Morningside, Auckland","cafe,meal_delivery,health,store,restaurant,food,point_of_interest,establishment",restaurant
ChIJgZBA0K5HDW0RR_LJi4DZayg,Urbanaut Brewery and Taproom,-36.8732649,174.7372828,"597 New North Road, Kingsland, Auckland","meal_takeaway,bar,restaurant,food,point_of_interest,establishment",restaurant
ChIJIwQmEUxGDW0RtN-RPQoZh_w,GoGo Music Cafe,-36.88807099999999,174.7469996,"559 Dominion Road, Mount Eden, Balmoral","cafe,restaurant,food,point_of_interest,establishment",restaurant
ChIJW6u4sk5GDW0RIzwov1Vm9SU,Meet Fresh,-36.8874204,174.7471676,"533 Dominion Road, Mount Eden, Auckland","restaurant,food,point_of_interest,establishment",restaurant
ChIJ37YTs05GDW0Rjq3V5h2AVU4,New Flavour Restaurant 新源风味食府,-36.8874721,174.7471568,"537 Dominion Road, Mount Eden, Auckland","restaurant,food,point_of_interest,establishment",restaurant
ChIJ8yUSs05GDW0RfcYLD-88z_A,My Kitchen,-36.8875851,174.7471357,"543 Dominion Road, Balmoral, Auckland","meal_delivery,meal_takeaway,restaurant,food,point_of_interest,establishment",restaurant
ChIJMxZ9tE5GDW0RsMKJgtZsi3Y,Golden Steamboat Chinese Restaurant,-36.8876193,174.7471319,"551 Dominion Road, Mount Eden, Auckland","restaurant,food,point_of_interest,establishment",restaurant
ChIJx9YmtU5GDW0RMjX4ENRjEqs,Spicy House,-36.8880151,174.7469965,"557 Dominion Road, Mount Eden, Auckland","meal_delivery,restaurant,food,point_of_interest,establishment",restaurant
ChIJx7eF4pBHDW0RKesOc1yoNE0,The Lucky Taco,-36.86963299999999,174.7311251,"40 Cardigan Street, Western Springs, Auckland","restaurant,food,point_of_interest,establishment",restaurant
ChIJvZLKOU9GDW0R_x7T2vOfRqE,Hunan Restaurant,-36.8904398,174.7464962,"710 Dominion Road, Mount Eden, Auckland","restaurant,food,point_of_interest,establishment",restaurant
ChIJOyz2LUlGDW0R3F2663j5_4I,Kiss Kiss Restaurant,-36.8886558,174.7474999,"1 Rocklands Avenue, Mount Eden, Auckland","cafe,bar,restaurant,food,point_of_interest,store,establishment",restaurant
ChIJ-9VVFktGDW0RWEy7v4eA9o8,Olives Pizza,-36.88289230000001,174.7489812,"458 Dominion Road, Mount Eden, Auckland","meal_takeaway,restaurant,food,point_of_interest,establishment",restaurant
ChIJtYfSNbBHDW0R2Iwvdtfsafo,Domino's Pizza Kingsland,-36.872717,174.7431855,"500 New North Road, Kingsland, Auckland","meal_delivery,meal_takeaway,restaurant,food,point_of_interest,establishment",restaurant
ChIJFc_sukVGDW0RimizX0IGXXs,Auckland Indian Sweets & Snacks,-36.8938142,174.7454449,"852 Dominion Road, Mount Eden, Auckland","meal_takeaway,restaurant,food,point_of_interest,store,establishment",restaurant
ChIJbTMLT7BHDW0RdeCeC-oEBts,Petra Shawarma,-36.87247920000001,174.7437848,"482 New North Road, Kingsland, Auckland","restaurant,food,point_of_interest,establishment",restaurant
ChIJ_Vsu-01GDW0RSbeXsNrFyH0,Top Ten Thai Food Takeaway,-36.8858682,174.7427501,"237 Balmoral Road, Sandringham, Auckland","meal_takeaway,restaurant,food,point_of_interest,establishment",restaurant
ChIJraQtqFNGDW0RJn2PIdtxxs0,Glitter Takeaways Chinese Food Dumpling Fish And Chips Burger。中餐，饺子，薯条，炸鱼。汉堡包,-36.8865556,174.7381171,"410 Sandringham Road, Sandringham, Auckland","meal_takeaway,restaurant,food,point_of_interest,establishment",restaurant
ChIJO5i0mTBGDW0RF2HDMvE51K0,KIIN Thai Kitchen,-36.8796,174.7499983,"360c Dominion Road, Mount Eden, Auckland","restaurant,food,point_of_interest,establishment",restaurant
ChIJue4cBwJHDW0RQ5fn-0WGsRA,Little French Cafe Mt Albert,-36.88013000000001,174.7259022,"756 New North Road, Mount Albert, Auckland","restaurant,food,point_of_interest,store,establishment",restaurant
ChIJJU78d1VGDW0RKagR2cvtnB0,KFC,-36.8824882,174.732353,"FC4/80 Saint Lukes Road, Mount Albert, Auckland","meal_takeaway,restaurant,food,point_of_interest,establishment",restaurant
ChIJmwJFALVHDW0Rt1T9-pU6Ttw,君记烤鱼 Jun's Grill Fish,-36.8788177,174.7499691,"331 Dominion Road, Mount Eden, Auckland","restaurant,food,point_of_interest,establishment",restaurant
ChIJ4UMTwoJIDW0RojyuQFLIZj4,GenGis Khan Mongolian Barbeque Restaurant,-36.8918436,174.7748882,"380 Manukau Road, Epsom, Auckland","restaurant,food,point_of_interest,establishment",restaurant
ChIJ2X-GIttHDW0R8aX3iub7-HI,Wok’n Noodle Bar,-36.8682906,174.7642255,"61 Normanby Road, Mount Eden, Auckland","meal_takeaway,restaurant,food,point_of_interest,establishment",restaurant
ChIJW_wLzoJIDW0RCjs3EV5tQKU,Grand Park Chinese Seafood Restaurant,-36.8923225,174.7762145,"Green Lane West Rd, GATE B Alexandra Park, Epsom, Auckland","restaurant,food,point_of_interest,establishment",restaurant
ChIJlbC7t4JIDW0R-WiaCu4DEh0,Sake Bar Nippon Epsom,-36.8925954,174.7744631,"415 Manukau Road, Epsom, Auckland","restaurant,food,point_of_interest,establishment",restaurant
ChIJix2A5HlIDW0R1F2_mYh7eUI,Hansan,-36.87219890000001,174.7777181,"55 Nuffield Street, Newmarket, Auckland","restaurant,food,point_of_interest,establishment",restaurant
ChIJCRPoqoFIDW0RbIy0l7OR-X0,Tanto Japanese Dining,-36.8852569,174.7758236,"250 Manukau Road, Epsom, Auckland","restaurant,food,point_of_interest,establishment",restaurant
ChIJqZNN8FlGDW0ROxUpqR3jEH8,Voila Cafe,-36.8853184,174.7610127,"471 Mount Eden Road, Mount Eden, Auckland","cafe,restaurant,food,point_of_interest,establishment",restaurant
ChIJsQj9WndIDW0RIbK3AS7Fw20,Tasca,-36.8711194,174.777791,"25 Nuffield Street, Newmarket, Auckland","bar,cafe,restaurant,food,point_of_interest,establishment",restaurant
ChIJw5qDRZ1IDW0RGfVuyxI2YGo,KK Malaysian Cuisine,-36.8938632,174.7741099,"463A Manukau Road, Epsom, Auckland","restaurant,food,point_of_interest,establishment",restaurant
ChIJV21fmoFIDW0RxMCI7DwnHA8,Joyful Chinese Restaurant,-36.8869696,174.7753291,"299 Manukau Road, Epsom, Auckland","restaurant,food,point_of_interest,establishment",restaurant
ChIJNUbdINtHDW0ROgJ11pCYRhI,Sen Vietnamese Kitchen & Bar,-36.8685087,174.763915,"26 Normanby Road, Mount Eden, Auckland","bar,cafe,restaurant,food,point_of_interest,establishment",restaurant
ChIJ-xlsErZHDW0RAPLXk2TA8mI,BurgerFuel Mt Eden,-36.87618399999999,174.751362,"128 Valley Road, Mount Eden, Auckland","restaurant,food,point_of_interest,establishment",restaurant
ChIJzVKb3bVHDW0RzwswgOYwziA,Jolin Shanghai Restaurant,-36.8765028,174.7510861,"248 Dominion Road, Mount Eden, Auckland","restaurant,food,point_of_interest,establishment",restaurant
ChIJz1lkIYhIDW0RJcmS4QZ0StY,De GRAND Thai Restaurant and Bar,-36.8832446,174.7852913,"93 Great South Road, Greenlane, Auckland","bar,restaurant,food,point_of_interest,establishment",restaurant
ChIJod0rrjJGDW0RZyLXIA_sUzQ,De Post Belgian Beer Cafe,-36.8824102,174.7622697,"466 Mount Eden Road, Mount Eden, Auckland","bar,restaurant,food,point_of_interest,establishment",restaurant
ChIJrccisTJGDW0RncDrmsFzxQY,Circus Circus,-36.8823611,174.7619767,"447 Mount Eden Road, Mount Eden, Auckland","cafe,restaurant,food,store,point_of_interest,establishment",restaurant
ChIJ051_-TJGDW0RnqSNaqALcoI,Altar,-36.8842216,174.7607682,"465 Mount Eden Road, Mount Eden, Auckland","cafe,restaurant,food,point_of_interest,establishment",restaurant
ChIJ_ULLvjJGDW0RgE0QUppPpV0,Burger Wisconsin Mt Eden,-36.8829932,174.7617242,"453 Mount Eden Road, Mount Eden, Auckland","restaurant,food,point_of_interest,establishment",restaurant
ChIJjWokQc1HDW0RStyEYTsofmg,Kebab Stop,-36.8807751,174.7617846,"395 Mount Eden Road, Mount Eden, Auckland","meal_takeaway,restaurant,food,point_of_interest,establishment",restaurant
ChIJTWxZBMNHDW0RVOLnN2wOUuA,Gina's Italian Kitchen,-36.8819876,174.7622719,"448 Mount Eden Road, Mount Eden, Auckland","bar,meal_takeaway,restaurant,food,point_of_interest,establishment",restaurant
ChIJeTjSxLVHDW0R5MjjG-7Np5A,Tom Yum Eden,-36.876742,174.7505715,"257 Dominion Road, Mount Eden, Auckland","restaurant,food,point_of_interest,establishment",restaurant
ChIJzWJc53lIDW0RWsvr-ZiGBMc,The Claddagh Irish Pub,-36.8722782,174.7772479,"372 Broadway, Newmarket, Auckland","restaurant,bar,food,point_of_interest,establishment",restaurant
ChIJ7_L8n2JIDW0ROtxQKKipZAs,Rice Kitchen Japanese Takeaway,-36.883009,174.7851355,"89A Great South Road, Epsom, Auckland","restaurant,food,point_of_interest,establishment",restaurant
ChIJh4Y-n2JIDW0RDuPWUQUi_Sc,Diamond Takeaways,-36.882665,174.785194,"166 Great South Road, Greenlane, Auckland","meal_delivery,meal_takeaway,restaurant,food,point_of_interest,establishment",restaurant
ChIJV5aCtH9IDW0RT7ahAGNeRUo,Hell Pizza Epsom,-36.8807942,174.7757208,"179 Manukau Road, Epsom, Auckland","meal_delivery,meal_takeaway,restaurant,food,point_of_interest,establishment",restaurant
ChIJH-6g2X5GDW0RdTcYmjx6OIQ,Domino's Pizza Mount Eden,-36.8854372,174.7608932,"1/475 Mount Eden Road, Mount Eden, Auckland","meal_delivery,meal_takeaway,restaurant,food,point_of_interest,establishment",restaurant
ChIJpw_627VHDW0Rlyt3B-LNgDY,Yokoso Sushi,-36.8764225,174.7507807,"241 Dominion Road, Mount Eden, Auckland","restaurant,food,point_of_interest,establishment",restaurant
ChIJLdpCr3BIDW0RkTh9NJWgsz4,Pizza Hut,-36.8715299,174.7791609,"43 Remuera Road, Newmarket, Auckland","meal_delivery,meal_takeaway,restaurant,food,point_of_interest,establishment",restaurant
ChIJL_bj8jJGDW0RlGCNQpD_n8o,Indian Lounge Mt Eden,-36.8839474,174.7615269,"510 Mount Eden Road, Mount Eden, Auckland","meal_delivery,meal_takeaway,restaurant,food,point_of_interest,establishment",restaurant
ChIJBxK0pDJGDW0Rex9CFM-rIN8,Scarlett Slimms and Lucky,-36.8827843,174.7622322,"476 Mount Eden Road, Mount Eden, Auckland","bar,restaurant,food,point_of_interest,establishment",restaurant
ChIJQ7BhpTJGDW0R_3x0-NSMXJ4,The Garden Shed,-36.8826092,174.7623219,"470 Mount Eden Road, Mount Eden, Auckland","restaurant,food,point_of_interest,establishment",restaurant
ChIJBeY2rjJGDW0RN08YCO0NwNI,Mantells Mt Eden,-36.8824975,174.7627393,"466A Mount Eden Road, Mount Eden, Auckland","restaurant,food,point_of_interest,establishment",restaurant
ChIJR73fSM1HDW0R4_WJI7ohKhY,iPress,-36.8813997,174.7618382,"421-425 Mount Eden Road, Mount Eden, Auckland","cafe,restaurant,food,point_of_interest,establishment",restaurant
ChIJr89oRs1HDW0RQ4nQQQl6o98,Pasta & Cuore,-36.8811294,174.7617928,"409 Mount Eden Road, Mount Eden, Auckland","restaurant,food,point_of_interest,establishment",restaurant
ChIJg7xOQc1HDW0R5x2jOmznKDI,RAD Cafe,-36.8808789,174.761855,"397 Mount Eden Road, Mount Eden, Auckland","cafe,restaurant,food,point_of_interest,establishment",restaurant
ChIJey-uuLVHDW0RZUawbQILnPM,Subway,-36.8776843,174.7515319,"292-310 Dominion Road Shop 13a, Eden Quarter, Mount Eden, Auckland","restaurant,food,point_of_interest,establishment",restaurant
ChIJIRUhwbVHDW0RxzMzlGL4HQw,Su & Zhe,-36.8772593,174.7508305,"280 Dominion Road, Mount Eden, Auckland","restaurant,food,point_of_interest,establishment",restaurant
ChIJaYN-8c9HDW0RK3Lgmf4EYM0,Subway,-36.8713843,174.7619657,"110B Mount Eden Road, Mount Eden, Auckland","restaurant,food,point_of_interest,establishment",restaurant
ChIJR5C7c7ZHDW0R_1xpGHk6QIc,Pizza Hut,-36.875547,174.7509352,"217 Dominion Road, Mount Eden, Auckland","meal_delivery,meal_takeaway,restaurant,food,point_of_interest,establishment",restaurant
ChIJ02oRdLZHDW0ReUhMjjpedqs,Ralph's,-36.8757034,174.7507588,"225B Dominion Road, Mount Eden, Auckland","restaurant,food,point_of_interest,establishment",restaurant
ChIJT5gJY8VHDW0RXA2AXmod4sg,Pita Pit Mt Eden,-36.8709834,174.7610012,"149 Mount Eden Road, Mount Eden, Auckland","restaurant,food,point_of_interest,establishment",restaurant
ChIJa6SU0oJIDW0Rt7ryghqrS8M,The Alex Sports Bar & Eatery,-36.892286,174.7759312,"Greenlane West Road and, Manukau Road, Greenlane, Auckland","bar,restaurant,food,point_of_interest,establishment",restaurant
ChIJd0sbRZ1IDW0RVvdScJC0fvU,Epsom Turkish Kebab,-36.8939804,174.7741097,"467 Manukau Road, Epsom, Auckland","restaurant,food,point_of_interest,establishment",restaurant
ChIJrd52L19IDW0R947loIjbbr8,Thai Village Restaurant,-36.881184,174.7986163,"Shop 10/415 Remuera Road, Remuera, Auckland","restaurant,food,point_of_interest,establishment",restaurant
ChIJTyy2XFRIDW0R9QEHTTc7Bpk,The Corner,-36.8803666,174.8116631,"602/604 Remuera Road, Remuera, Auckland","bar,restaurant,food,point_of_interest,establishment",restaurant
ChIJx68VxYxIDW0RTzuGXAollYY,Mama Kopitiam,-36.89053439999999,174.7936936,"205 Great South Road, Greenlane, Auckland","restaurant,food,point_of_interest,establishment",restaurant
ChIJEUGC_8pJDW0RpgBr7Hnofr4,Haru Eatery,-36.8804492,174.81137,"596 Remuera Road, Remuera, Auckland","restaurant,food,point_of_interest,establishment",restaurant
ChIJr2kDNfNIDW0R3ObqoTubjyI,McDonald's Greenlane,-36.890154,174.7943601,"320/356 Great South Road, Greenlane, Auckland","restaurant,food,point_of_interest,establishment",restaurant
ChIJDZWXJfNIDW0RRZz_akcMnb0,Golden Horse Restaurant,-36.8909693,174.7949874,"374 Great South Road, Greenlane, Auckland","restaurant,food,point_of_interest,establishment",restaurant
ChIJhSKF9VRIDW0RQrxgYEQm14g,Upland BBQ,-36.8803227,174.8124494,"579 Remuera Road, Remuera, Auckland","meal_takeaway,restaurant,food,point_of_interest,establishment",restaurant
ChIJawwnXVRIDW0RIM1d6Viounk,Shahi Indian Inspired,-36.8801772,174.8119371,"610 Remuera Road, Remuera, Auckland","meal_delivery,meal_takeaway,restaurant,food,point_of_interest,establishment",restaurant
ChIJdwB-T1RIDW0RMa4ArSupkwM,Burger Wisconsin Remuera,-36.8806836,174.8115727,"549 Remuera Road, Remuera, Auckland","meal_takeaway,restaurant,food,point_of_interest,establishment",restaurant
ChIJd8EPM15IDW0RBIuGsNb0Fk8,Hell Pizza Remuera,-36.88055810000001,174.7950708,"283 Remuera Road, Remuera, Auckland","restaurant,food,point_of_interest,establishment",restaurant
ChIJdy1ComJIDW0RWUaTN_vDGhg,Sri Mahkota Epsom,-36.88245549999999,174.7850421,"164A Great South Road, Epsom, Auckland","restaurant,food,point_of_interest,establishment",restaurant
ChIJf5B9_15IDW0REMOhqg1faGY,Kebab Serai,-36.8805002,174.7968227,"332 Remuera Road, Remuera, Auckland","restaurant,food,point_of_interest,establishment",restaurant
ChIJRTWSrF9IDW0RXY2gjrmaRwo,Toshi Sushi Japanese Remuera,-36.8807638,174.7964423,"319 Remuera Road, Remuera, Auckland","restaurant,food,point_of_interest,establishment",restaurant
ChIJ94tXS15IDW0RCARhluQn1C8,Sahana South Indian Restaurant,-36.8806589,174.7956724,"305 Remuera Road, Remuera, Auckland","meal_takeaway,restaurant,food,point_of_interest,establishment",restaurant
ChIJwYev-uVIDW0Ryemn4OIyqTU,Acacia Restaurant & Garden Bar,-36.8886441,174.7990977,"72/112 Green Lane East, Ellerslie, Auckland","restaurant,food,point_of_interest,establishment",restaurant
ChIJZTrKJelHDW0RD77SSli3tOg,The Kosher Deli NZ,-36.8811784,174.8048414,"1 Ranui Road, Remuera, Auckland","bakery,grocery_or_supermarket,store,restaurant,food,point_of_interest,establishment",restaurant
ChIJWVXtW_JIDW0RhxuAQA5Y2SA,wildbean cafe,-36.8924194,174.7972308,"468/476 Great South Road, Greenlane, Auckland","cafe,bakery,store,restaurant,food,point_of_interest,establishment",restaurant
ChIJKcnP9fJIDW0RbYDgtXbmZDE,KFC,-36.8926476,174.7964798,"243/245 Great South Road, Greenlane, Auckland","meal_takeaway,restaurant,food,point_of_interest,establishment",restaurant
ChIJ5XcfIIhIDW0RouIodx4libA,Namaste Delhi,-36.882953,174.7850898,"89 Great South Road, Epsom, Auckland","meal_takeaway,restaurant,food,point_of_interest,establishment",restaurant
ChIJQd7uefBIDW0Ro789U0ew3fY,Delight Cafe & Restaurant,-36.8925185,174.8041598,"6 Mitchelson Street, Ellerslie, Auckland","cafe,store,restaurant,food,point_of_interest,establishment",restaurant
ChIJ1-UnDaWgLwAR-4JDm2wzx28,F & C Remuera Village,-36.8802193,174.8119373,"612 Remuera Road, Remuera, Auckland","meal_takeaway,restaurant,food,point_of_interest,establishment",restaurant
ChIJ90xSWVRIDW0RHnciQeNivzg,Domino's Pizza Meadowbank,-36.8803987,174.8120173,"565 Remuera Road, Remuera, Auckland","meal_delivery,meal_takeaway,restaurant,food,point_of_interest,establishment",restaurant
ChIJp66zKH1IDW0RgJkrXNl-Iso,Sparrow Cafe,-36.8768501,174.7788085,"19 Great South Road, Epsom, Auckland","cafe,restaurant,food,point_of_interest,establishment",restaurant
ChIJxeRPq39IDW0RW_V4I6H5zlM,Da Sette Soldi Italian Restaurant & Takeaways,-36.88017110000001,174.7759095,"153 Manukau Road, Epsom, Auckland","restaurant,food,point_of_interest,establishment",restaurant
ChIJC6slT4JIDW0RqrDYTi1Tb0o,Burger King Epsom,-36.88962859999999,174.7754577,"350 Manukau Road, Epsom, Auckland","restaurant,food,point_of_interest,establishment",restaurant
ChIJhxvOyH9IDW0RJ8QRdBMhIXw,龍華茶餐廳 Dragon's Gourmet,-36.8813002,174.7756449,"189 Manukau Road, Epsom, Auckland","restaurant,food,point_of_interest,establishment",restaurant
ChIJ797-JVZJDW0R7tj89OjJ2xc,Drongo,-36.8819393,174.7939197,"7 Armadale Road, Remuera, Auckland","restaurant,food,point_of_interest,establishment",restaurant
ChIJ1e_0rV9IDW0RUnNzfvWhIEI,Tree Cafe,-36.8808354,174.7964059,"21/319 Remuera Road, Remuera, Auckland","restaurant,food,point_of_interest,establishment",restaurant
ChIJb-D90Y1JDW0RuGx-sD_gN84,Síso bar and eatery,-36.88064079999999,174.7960046,"311 Remuera Road, Remuera, Auckland","restaurant,food,point_of_interest,establishment",restaurant
ChIJD_UnbNhJDW0RT_Z9NHN16ZY,Kooper,-36.8809183,174.7977953,"367 Remuera Road, Remuera, Auckland","restaurant,food,point_of_interest,establishment",restaurant
ChIJN-DRAgRJDW0RHn9i1rdCfoc,Wakuwaku,-36.8813086,174.7988156,"SHOP 1/D/415 Remuera Road, Remuera, Auckland","restaurant,food,point_of_interest,establishment",restaurant
ChIJnaj8sDlJDW0RyvePixMhagk,TY Sushi & Coffee Remuera,-36.8804574,174.7968464,"5/328 Remuera Road, Remuera, Auckland","meal_takeaway,restaurant,food,point_of_interest,establishment",restaurant
ChIJUwNnWzxJDW0RX3f7vBQKNeo,SPIGA Italian Restaurant,-36.8812814,174.7989608,"SHOP 1/E/415 Remuera Road, Remuera, Auckland","restaurant,food,point_of_interest,establishment",restaurant
ChIJ5dVoeABJDW0RIpYse4if8Xg,Pie & Pinot,-36.8810304,174.7987464,"405 Remuera Road, Remuera, Auckland","restaurant,bakery,store,food,point_of_interest,establishment",restaurant
ChIJt5dSzPtJDW0R9jcFkxCsGiU,One Vicky Ave Coffee & Kitchen,-36.8804753,174.7983118,"1 Victoria Avenue, Remuera, Auckland","cafe,store,restaurant,food,point_of_interest,establishment",restaurant
ChIJV9h6IIdJDW0RFtBiP8qriOw,Seetha's Kitchen,-36.88801499999999,174.7966231,"107 Clonbern Road, Remuera, Auckland","meal_takeaway,restaurant,food,point_of_interest,establishment",restaurant
ChIJLS8LO_9JDW0RIndXkPK-3qI,RE Burger Remuera,-36.8806704,174.7989619,"404 Remuera Road, Remuera, Auckland","restaurant,food,point_of_interest,establishment",restaurant
ChIJNWHMDSZJDW0REAjr_c1kyEM,wildbean cafe,-36.8881371,174.7981878,"93 Green Lane East, Remuera, Auckland","cafe,bakery,store,restaurant,food,point_of_interest,establishment",restaurant
ChIJC2vaowxJDW0RIOEtm1WoV3w,The Flying Moa,-36.8898799,174.8337442,"65 Lunn Avenue, Mount Wellington, Auckland","bar,restaurant,food,point_of_interest,establishment",restaurant
ChIJC2vaowxJDW0RG4UUkjjqaKc,"The Coffee Club Lunn Avenue, Stonefields",-36.8904126,174.8343329,"a6/65 Lunn Avenue, Mount Wellington, Auckland","cafe,restaurant,food,point_of_interest,establishment",restaurant
ChIJb45XewtJDW0RccrTd1Or-VQ,Hokkaido Restaurant & Bar,-36.8902492,174.8342002,"71 Lunn Avenue, Mount Wellington, Auckland","restaurant,food,point_of_interest,establishment",restaurant
ChIJUdce7LxJDW0RshzPf0f3qKY,Portofino Restaurants,-36.8725133,174.8323337,"8 Dorchester Street, Meadowbank, Auckland","restaurant,food,point_of_interest,establishment",restaurant
ChIJb45XewtJDW0R2F9LiuBCbN8,Nando's Lunn Ave,-36.89019729999999,174.8341499,"71 Lunn Avenue, Mount Wellington, Auckland","meal_takeaway,restaurant,food,point_of_interest,establishment",restaurant
ChIJ06-cOQRJDW0RJnJ1d_H6afQ,Everyday Takeaways,-36.89117570000001,174.8221423,"92 Marua Road, Ellerslie, Auckland","meal_takeaway,restaurant,food,point_of_interest,establishment",restaurant
ChIJMUuJcKVJDW0RGi-6yRmvaZc,Meadow Restaurant,-36.87620880000001,174.8262164,"20 Saint Johns Road, Saint Johns, Auckland","restaurant,food,point_of_interest,establishment",restaurant
ChIJWzvd46RJDW0RmxS6LJxlnY0,Urban Fuel Health Kithen,-36.8758021,174.8283543,"35-47 Saint Johns Road, Saint Johns, Auckland","store,health,restaurant,food,point_of_interest,establishment",restaurant
ChIJyV61G6VJDW0R7SEJ3mEsf4c,Curry Village Indian Cuisine,-36.875818,174.828068,"11/35 Saint Johns Road, Meadowbank, Auckland","restaurant,food,point_of_interest,establishment",restaurant
ChIJFUXIlgxJDW0RHilUjK2-eEQ,Columbus Coffee,-36.892012,174.8334009,"Mitre 10 MEGA, 72 Lunn Avenue, Mount Wellington, Auckland","cafe,store,restaurant,food,point_of_interest,establishment",restaurant
ChIJBZGJNXNJDW0Rt-DLMVgJVu0,Noodle Canteen,-36.89114989999999,174.8354212,"67 Lunn Avenue, Mount Wellington, Auckland","restaurant,food,point_of_interest,establishment",restaurant
ChIJeTOd6bxJDW0R6XQzs496KMY,Bamboo Kitchen,-36.8726957,174.832337,"110-112 Saint Johns Road, Saint Johns, Auckland","restaurant,food,point_of_interest,establishment",restaurant
ChIJW96JawNJDW0RV9SgXJUCf2o,Open Table,-36.893425,174.8191222,"62 Michaels Avenue, Ellerslie, Auckland","cafe,restaurant,food,point_of_interest,establishment",restaurant
ChIJ0dvqwHdJDW0RLgmLIVVsq_s,Charlie and George,-36.8867958,174.8448172,"4/40 Stonefields Avenue, Stonefields, Auckland","cafe,restaurant,food,point_of_interest,establishment",restaurant
ChIJ0dvqwHdJDW0RyllxL0egGps,Stonefields Public House,-36.8866005,174.844887,"40 Stonefields Avenue, Stonefields, Auckland","bar,restaurant,food,point_of_interest,establishment",restaurant
ChIJcy0RawRJDW0R7LLzvTiTDvE,Chip n Dayal's Fish and Chips,-36.891346,174.8214917,"73 Marua Road, Ellerslie, Auckland","meal_takeaway,restaurant,food,point_of_interest,establishment",restaurant
ChIJb45XewtJDW0Rdqb95w6oIyA,Curry Village Indian Restaurant Mt Wellington,-36.8899915,174.8338921,"71 Lunn Avenue, Mount Wellington, Auckland","restaurant,food,point_of_interest,establishment",restaurant
ChIJb45XewtJDW0REnKCANt-c9U,Thai on Lunn,-36.89008189999999,174.8339454,"71 Lunn Avenue, Mount Wellington, Auckland","restaurant,food,point_of_interest,establishment",restaurant
ChIJtbLGhAxJDW0Rq6UF7KcAyj0,Subway Mt Wellington,-36.890956,174.8343504,"2/80 Lunn Avenue, Mount Wellington, Auckland","restaurant,food,point_of_interest,establishment",restaurant
ChIJC2vaowxJDW0RAGDmLAMnyok,Pita Pit,-36.8914049,174.8357582,"65 Lunn Avenue, Mount Wellington, Auckland","restaurant,food,point_of_interest,establishment",restaurant
ChIJb45XewtJDW0R9HKm_ZDocWU,St Pierres Sushi (Lunn Ave),-36.8910065,174.8349854,"59/71 Lunn Avenue, Mount Wellington, Auckland","restaurant,food,point_of_interest,establishment",restaurant
ChIJ4WlsgqVJDW0RZNcq97Bil18,Charcoal Burger,-36.8767223,174.8259309,"1 Saint Johns Road, Saint Johns, Auckland","restaurant,food,point_of_interest,establishment",restaurant
ChIJSWfQ16ZJDW0RRFognetlM9Q,Winstone's Cafe Bar Bistro,-36.88218489999999,174.8302018,"Winstone Drive, 120 Abbotts Way, Remuera, Auckland","restaurant,food,point_of_interest,establishment",restaurant
ChIJ4UBZGZRJDW0R8JGtdgnTcD4,"Tank Lunn Ave - Smoothies, Raw Juices, Salads & Wraps",-36.8883516,174.8326947,"Stoneridge, 101 Lunn Avenue, Stonefields, Auckland","meal_takeaway,restaurant,food,point_of_interest,establishment",restaurant
ChIJIcJ8cr1JDW0RqTUpmee-Iro,The Sushi & Don Mt.Wellington,-36.8886736,174.8330388,"87 Lunn Avenue, Mount Wellington, Auckland","meal_takeaway,restaurant,food,point_of_interest,establishment",restaurant
ChIJ6U6UP6RJDW0RieDADh5-srE,Kokodak Chicken - Mt Wellington (Stoneridge),-36.8889926,174.8328105,"101 Lunn Avenue, Mount Wellington, Auckland","restaurant,food,point_of_interest,establishment",restaurant
ChIJD0cNKABJDW0RNfSaezNwFBc,Saigon Haven,-36.88908350000001,174.8326905,"87/101 Lunn Avenue, Mount Wellington, Auckland","restaurant,food,point_of_interest,establishment",restaurant
ChIJK2g41-JJDW0RcCg0JchEZsI,Taco Bell Lunn Ave,-36.8889973,174.8330171,"101 Lunn Avenue, Mount Wellington, Auckland","meal_takeaway,restaurant,food,point_of_interest,establishment",restaurant
ChIJlSfz_U9JDW0RsI20_3Ut-Cw,KATSU-TEI Japanese Katsu Restaurant かつ亭 Lunn Ave,-36.88892049999999,174.8333805,"97 Lunn Avenue, Mount Wellington, Auckland","restaurant,food,point_of_interest,establishment",restaurant
ChIJ-fEQdwtJDW0RZ9Yf1bbrtx0,McDonald's Lunn Ave,-36.889742,174.833444,"77 Lunn Avenue, Mount Wellington, Auckland","restaurant,food,point_of_interest,establishment",restaurant
ChIJ0RPP7ItJDW0R6_m29MdIMaQ,Pizza Inn,-36.8903012,174.8342814,"65 Lunn Avenue, Mount Wellington, Auckland","meal_takeaway,restaurant,food,point_of_interest,establishment",restaurant
ChIJ4WlsgqVJDW0RKA404OVFzGI,Meadowbank Pizzeria,-36.8766834,174.8258827,"2/1 Saint Johns Road, Meadowbank, Auckland","restaurant,food,point_of_interest,establishment",restaurant
ChIJzTssLwpJDW0Rmuyo-2i6wmQ,Golden Viet Meadowbank 金越貢點,-36.8761709,174.8280287,"Shop 33, Meadowbank Shopping Centre, 35-47 Saint Johns Road, Saint Johns, Auckland","restaurant,food,point_of_interest,establishment",restaurant
ChIJCfD66ixJDW0R1T7QPmLJPu4,BBQ Central Weber Store,-36.8914986,174.8320335,"behind Kings Plant Barn, beside Lighting Direct 86 Lunn Avenue, Mount Wellington, Auckland","store,restaurant,food,point_of_interest,establishment",restaurant
ChIJC43CGKVJDW0RnalxxdEYxYM,Midori Sushi Bar,-36.8760344,174.8282595,"7/35 Saint Johns Road, Meadowbank, Auckland","restaurant,food,point_of_interest,establishment",restaurant
ChIJmS5teaVJDW0RfBUhO8LUKjQ,Meadowbank Roast,-36.8763815,174.8259581,"8 Saint Johns Road, Meadowbank, Auckland","restaurant,food,point_of_interest,establishment",restaurant
ChIJ076Wq41JDW0RpZmFzQKSnhw,Khana Indian Eatery,-36.8763247,174.8260425,"14 Saint Johns Road, Saint Johns, Auckland","restaurant,food,point_of_interest,establishment",restaurant
ChIJXSqWtYtJDW0Rr4bLT9Nisqg,Pizza Hut,-36.8755972,174.82801,"Meadowbank Shopping Centre, 35 Saint Johns Road, Saint Johns, Auckland","restaurant,food,point_of_interest,establishment",restaurant
ChIJC2vaowxJDW0RT8z86Yo32Zg,The Seafood Collective ( LunnAve),-36.89133,174.8357144,"Unit C6, 59/71 Lunn Avenue, Mount Wellington, Auckland","store,restaurant,food,point_of_interest,establishment",restaurant
ChIJAWeqswxJDW0RriYR5c7G-sU,Kings Roast,-36.891433,174.8358478,"65 Lunn Avenue, Mount Wellington, Auckland","restaurant,food,point_of_interest,establishment",restaurant
ChIJbVlRagRJDW0RwTaUjuPpCjU,Sushi & Sushi Auckland,-36.8913789,174.8216112,"6/71-75 Marua Road, Ellerslie, Auckland","meal_takeaway,restaurant,food,point_of_interest,establishment",restaurant
ChIJ-YinfSpJDW0R5uir4G-joD4,Naru Sushi,-36.8928888,174.8373878,"46 Lunn Avenue, Mount Wellington, Auckland","meal_takeaway,restaurant,food,point_of_interest,establishment",restaurant
ChIJUfuGNeZJDW0RwKqZeoyqPtY,"Pizza Boyz - Ellerslie, Auckland",-36.89341459999999,174.8192077,"64 Michaels Avenue, Ellerslie, Auckland","meal_takeaway,restaurant,food,point_of_interest,establishment",restaurant
ChIJ79aPcxJJDW0R1x9X6Q2peQc,Ruang Thong Thai 5 Take Away,-36.8961134,174.8323545,"2 Harris Road, Mount Wellington, Auckland","restaurant,food,point_of_interest,establishment",restaurant
ChIJbZWaXuFGDW0RUHGXhAVomF0,Brandy's Roast Mt Wellington,-36.8963424,174.8323689,"6/2 Harris Road, Mount Wellington, Auckland","restaurant,food,point_of_interest,establishment",restaurant
ChIJhcePoUZJDW0RexQ6yBH6AXo,Smart Sushi Marua Road,-36.89463229999999,174.8378324,"246 Marua Road, Mount Wellington, Auckland","restaurant,food,point_of_interest,establishment",restaurant
ChIJbc4CP0JJDW0Rqmpjk9x55ow,Sonny Bakery Stonefields,-36.8866822,174.8448436,"30 Stonefields Avenue, Stonefields, Auckland","bakery,meal_takeaway,store,restaurant,food,point_of_interest,establishment",restaurant
ChIJ8602OnZJDW0Rt_c_tmnkqiA,Big Fish Stonefields - Fine dining restaurant,-36.887168,174.8447501,"10/40 Stonefields Avenue, Stonefields, Auckland","restaurant,meal_takeaway,food,point_of_interest,establishment",restaurant
ChIJ9X5rvQNJDW0RWTlnIOJaUIo,The Chosen Bun,-36.8867484,174.8449133,"3/40 Stonefields Avenue, Stonefields, Auckland","restaurant,food,point_of_interest,establishment",restaurant
ChIJc1HoL51JDW0RmsnUpPCqpmQ,BEANEE Eatery,-36.8801954,174.8120503,"614 Remuera Road, Remuera, Auckland","cafe,store,restaurant,food,point_of_interest,establishment",restaurant
ChIJW0XpN0VJDW0RwJJcde-1hiY,JJ's Kitchen(Just Hot Chicken),-36.8893441,174.8453828,"30 Tihi Street, Stonefields, Auckland","meal_takeaway,restaurant,food,point_of_interest,establishment",restaurant
ChIJCU84NYdJDW0Rrhjt9GfWG_M,KFC,-36.88045380000001,174.8557855,"306 Apirana Avenue, Glen Innes, Auckland","meal_takeaway,restaurant,food,point_of_interest,establishment",restaurant
ChIJq9GADYdJDW0R_hlOBKDMcoc,Win Diner Glen Innes,-36.8782185,174.8552221,"Glen Innes, Auckland","restaurant,food,point_of_interest,establishment",restaurant
ChIJ2ffgO4dJDW0R8Ei2XRXGNaQ,McDonald's Glen Innes,-36.87968650000001,174.8551712,"292 Apirana Avenue, Glen Innes, Auckland","restaurant,food,point_of_interest,establishment",restaurant
ChIJqQ5CdYdJDW0RpPRcqX7nv-Y,Marsic Bros (Marsic Fish Shop),-36.8779818,174.8557235,"47 Mayfair Place, Glen Innes, Auckland","meal_takeaway,restaurant,food,point_of_interest,store,establishment",restaurant
ChIJYWU3f4dJDW0RpMHuILUbccs,Domino's Pizza Glen Innes,-36.87808,174.8564823,"125 Line Road, Glen Innes, Auckland","meal_delivery,meal_takeaway,restaurant,food,point_of_interest,establishment",restaurant
ChIJdT4zFYdJDW0RtxBttpsj7JU,Turo-Turo Philippine Cafe,-36.8791512,174.8554737,"26 Mayfair Place, Glen Innes, Auckland","cafe,restaurant,food,point_of_interest,establishment",restaurant
ChIJTc2aR4dJDW0RMYCLDIFAdtg,Tobys Seafood,-36.87986809999999,174.8558269,"2/175 Line Road, Glen Innes, Auckland","meal_takeaway,restaurant,food,point_of_interest,establishment",restaurant
ChIJhX2uhIdJDW0R_DFhgdhZaEE,Pizza Hut,-36.8776087,174.8561609,"217 Taniwha Street, Glen Innes, Auckland","meal_delivery,meal_takeaway,restaurant,food,point_of_interest,establishment",restaurant
ChIJL0iBq4dJDW0RadyRVf53vhc,St Pierres Sushi & Bento Bowl,-36.8775778,174.8543681,"245 Taniwha Street, Glen Innes, Auckland","restaurant,food,point_of_interest,establishment",restaurant
ChIJsQanJyFKDW0R2UFGKH8lXiI,Ashby Roast and Takeaway,-36.86922259999999,174.8594729,"93 Ashby Avenue, Saint Heliers, Auckland","meal_takeaway,meal_delivery,restaurant,food,point_of_interest,store,establishment",restaurant
ChIJeQD9A4RJDW0R3mOu8018OuA,Carl's Jr. St Johns,-36.8801158,174.8509163,"113-117 Felton Mathew Avenue, Saint Johns, Auckland","restaurant,food,point_of_interest,establishment",restaurant
ChIJHYmqP9FLDW0RqSVRVSB1SOw,Tripoli Road Takeaways,-36.8931453,174.8632866,"91 Tripoli Road, Panmure, Auckland","meal_takeaway,restaurant,food,point_of_interest,establishment",restaurant
ChIJq_soRixKDW0RrNuAzHp-4tc,Point England Takeaway,-36.882563,174.864896,"137 Elstree Avenue, Point England, Auckland","restaurant,food,point_of_interest,establishment",restaurant
ChIJS423VIdJDW0Rmf4tyz22Tf4,China Pacific,-36.88063419999999,174.8565437,"116 Line Road, Point England, Auckland","restaurant,food,point_of_interest,establishment",restaurant
ChIJWeQsRYdJDW0RzCL922NhDpI,The Great Tong Takeaways Glen Innes,-36.8797866,174.8560398,"175 Line Road, Glen Innes, Auckland","meal_takeaway,restaurant,food,point_of_interest,establishment",restaurant
ChIJLTDgNYdJDW0RrSZGK84TY1A,Subway,-36.8802957,174.855417,"304 Apirana Avenue, Glen Innes, Auckland","meal_takeaway,restaurant,food,point_of_interest,establishment",restaurant
ChIJ8eZ_Z_pJDW0REizRLiD08ro,Yummy Roast,-36.879427,174.8561555,"167 Line Road, Glen Innes, Auckland","restaurant,food,point_of_interest,establishment",restaurant
ChIJn1K1Z4dJDW0RytKEXAewJ1k,Long Rainbow Takeaway,-36.87919,174.8562202,"157 Line Road, Glen Innes, Auckland","meal_takeaway,restaurant,food,point_of_interest,establishment",restaurant
ChIJVd6tZxtJDW0Rkkw3mwBpiSA,Daaku Kebab,-36.8788172,174.8563108,"149 Line Road, Glen Innes, Auckland","restaurant,food,point_of_interest,establishment",restaurant
ChIJ2ffgO4dJDW0RZfrO-AcmHAY,Hong Kong Kitchen,-36.8794586,174.8553283,"290 Apirana Avenue, Glen Innes, Auckland","meal_takeaway,restaurant,food,point_of_interest,establishment",restaurant
ChIJG9ZAa4dJDW0RFNB429DcI3U,Little & Kitchen,-36.8790637,174.855694,"18 Mayfair Place, Glen Innes, Auckland","grocery_or_supermarket,meal_takeaway,store,restaurant,food,point_of_interest,establishment",restaurant
ChIJSxb_eodJDW0RL56OoFxISts,Mandarin Chinese Takeaways,-36.878499,174.8563548,"141 Line Road, Glen Innes, Auckland","meal_takeaway,restaurant,food,point_of_interest,establishment",restaurant
ChIJy8vDF1NJDW0RqrXVt_pJfpI,Everybody Eats,-36.8783369,174.8564355,"133 Line Road, Glen Innes, Auckland","restaurant,food,point_of_interest,establishment",restaurant
ChIJG6DqgYdJDW0Roag0MI6aZBM,James Sushi Japanese Dine In & Takeaways,-36.8779122,174.8565483,"216 Taniwha Street, Glen Innes, Auckland","restaurant,food,point_of_interest,establishment",restaurant
ChIJnSE9LZBJDW0RG689p_jzrCk,Curry O’ City Indian cuisine,-36.8781714,174.8551337,"52 Mayfair Place, Glen Innes, Auckland","meal_takeaway,restaurant,food,point_of_interest,establishment",restaurant
ChIJZRxMfYFJDW0ReFGAj5yUfD8,Cafe Aurora in Park City,-36.8821561,174.851464,"261 Morrin Road, Saint Johns, Auckland","restaurant,cafe,store,food,point_of_interest,establishment",restaurant
ChIJ-8XlXgpLDW0RX3ZYtkve8F0,Hobson Flamin Food,-36.89252839999999,174.8585951,"8 Hobson Drive, Panmure, Auckland","restaurant,food,point_of_interest,establishment",restaurant
ChIJQdLxBABJDW0RHN5LsoPdWJM,Burger King Glen Innes,-36.8773973,174.8539227,"227 Apirana Avenue, Glen Innes, Auckland","restaurant,food,point_of_interest,establishment",restaurant
ChIJaeHiJpFLDW0RofkZXNHBOuw,Farringdon Dairy,-36.874459,174.8615071,"47-49 Farringdon Street, Glen Innes, Auckland","meal_takeaway,restaurant,food,point_of_interest,establishment",restaurant
ChIJzxMLtdVLDW0RAai5AATLFLc,Euro Food Hub,-36.87446449999999,174.8611679,"41 Farringdon Street, Glen Innes, Auckland","restaurant,food,point_of_interest,establishment",restaurant
ChIJey27HIRJDW0RA1iXP02ZCew,Columbus Coffee,-36.8797405,174.8512255,"113 Felton Mathew Avenue, Saint Johns, Auckland","cafe,store,restaurant,food,point_of_interest,establishment",restaurant
ChIJRZN4nIZJDW0R2Eox1DfE_-0,Felton's Kitchen,-36.8785077,174.8519062,"124G Felton Mathew Avenue, Saint Johns, Auckland","restaurant,food,point_of_interest,establishment",restaurant
ChIJh06WOOpJDW0RUSFt6E-k2pM,Faan Tong 飯堂,-36.8796842,174.851034,"Merton East Convenience Centre 113/117 Felton Mathew Avenue, Saint Johns, Auckland","meal_takeaway,restaurant,food,point_of_interest,establishment",restaurant
ChIJXTy8TABJDW0R8GnK3cfpmz4,Spice Traders Indian Cuisine St John’s Auckland,-36.87971210000001,174.8508858,"shop 4/113/117 Felton Mathew Avenue, Saint Johns, Auckland","meal_takeaway,restaurant,food,point_of_interest,establishment",restaurant
ChIJUbyN_KNLDW0RavaY1ab3BHU,ISLAND BBQ,-36.8765606,174.8704397,"39 Fenchurch Street, Glen Innes, Auckland","meal_takeaway,restaurant,food,point_of_interest,establishment",restaurant
ChIJUfjVRoBJDW0RT4whXeCs7ss,Square Pizza Panmure,-36.8918481,174.8540694,"71 Jellicoe Road, Panmure, Auckland","meal_takeaway,restaurant,food,point_of_interest,establishment",restaurant
ChIJS5xiQ7NJDW0RmmAaO7ds-rA,DESTINASIAN,-36.8922487,174.8538203,"15/71 Jellicoe Road, Panmure, Auckland","restaurant,food,point_of_interest,establishment",restaurant
ChIJn9ZnW_tJDW0Rx6H05ESX5Rg,Beach Pizza Panmure,-36.892353,174.8538818,"13/71 Jellicoe Road, Panmure, Auckland","meal_takeaway,restaurant,food,point_of_interest,establishment",restaurant
ChIJBQIL9mtJDW0R8ohUW1Q0JAw,Makhani indian kitchen,-36.8924083,174.8538186,"4/71 Jellicoe Road, Panmure, Auckland","meal_takeaway,restaurant,food,point_of_interest,establishment",restaurant
ChIJXbTMkQVJDW0R7c3HCEC3RPs,Sugoi Kitchen,-36.8924083,174.8538186,"14/71 Jellicoe Road, Panmure, Auckland","meal_takeaway,restaurant,food,point_of_interest,establishment",restaurant
ChIJl3hXwTRJDW0REw8WHz7WLGA,Khanz Takeaway,-36.8924727,174.8537273,"10/71 Jellicoe Road, Panmure, Auckland","meal_takeaway,restaurant,food,point_of_interest,establishment",restaurant
ChIJRcL-OtNJDW0RFjFYTue4yHU,Kabayan Bistro NZ,-36.8755017,174.8537192,"161 Apirana Avenue, Glen Innes, Auckland","meal_takeaway,restaurant,food,point_of_interest,establishment",restaurant
ChIJ5WTGJ4RJDW0Rcd0Tpk1fYK4,Devil Kebab,-36.89283249999999,174.8535746,"71 Jellicoe Road, Panmure, Auckland","restaurant,food,point_of_interest,establishment",restaurant
ChIJe_CuqDdJDW0RfZ5LVcrN9Vg,Giant Burger,-36.89289060000001,174.8534474,"5/71 Jellicoe Road, Panmure, Auckland","meal_takeaway,restaurant,food,point_of_interest,establishment",restaurant
ChIJdwJ2_IBJDW0RWGAwjnot8_U,Merchants Espresso and Eatery,-36.8741201,174.8532358,"129 Apirana Avenue, Glen Innes, Auckland","cafe,store,restaurant,food,point_of_interest,establishment",restaurant
ChIJr646afxJDW0RJn-lMWGxydE,Chocola,-36.8702906,174.8658596,"145 West Tamaki Road, Glen Innes, Auckland","restaurant,food,point_of_interest,establishment",restaurant
ChIJJfVhaaWgLwAR-W_89FYQT9I,Super Wok Takeaways,-36.8702729,174.8657613,"141 West Tamaki Road, Glen Innes, Auckland","meal_takeaway,restaurant,food,point_of_interest,establishment",restaurant
ChIJldyoQ1ZKDW0Rz1Bb2OvNeVg,Gouemon Japanese Restaurant,-36.88076469999999,174.8993008,"Shop T3 The Compass Building Ground Level/1, Ara-Tai Road, Half Moon Bay, Auckland","restaurant,food,point_of_interest,establishment",restaurant
ChIJF7lba-JKDW0RTPnHU4VMq5k,Hong Kong Horse Takeaways,-36.8874389,174.9127355,"2/56 Priestley Drive, Bucklands Beach, Auckland","restaurant,food,point_of_interest,establishment",restaurant
ChIJGSbbIVZKDW0R6fwcjtT39EU,Marina Cantina,-36.8810194,174.8999727,"1 Ara-Tai Road, Half Moon Bay, Auckland","restaurant,food,point_of_interest,establishment",restaurant
ChIJZ3WN3fhKDW0R88G_SA7igvQ,Hello Sailor,-36.88112309999999,174.9002536,"1 Ara-Tai Road, Half Moon Bay, Auckland","restaurant,bar,food,point_of_interest,establishment",restaurant
ChIJycGFq-VKDW0RM7tdrKWNGGI,Mobil Corner Takeaway,-36.8801656,174.9117132,"224 Bucklands Beach Road, Bucklands Beach, Auckland","meal_takeaway,restaurant,food,point_of_interest,establishment",restaurant
ChIJr7zXKVZKDW0R3gq6s5WF_Ys,Bucklands Beach Yacht Club,-36.8803675,174.8986413,"Ara-Tai Road, Half Moon Bay, Auckland","restaurant,food,point_of_interest,establishment",restaurant
ChIJMYyVv_hKDW0RWdCKmfr3lZg,Marina Thai Restaurant,-36.881012,174.8999767,"Shop C5/1 Ara-Tai Road, Half Moon Bay, Auckland","restaurant,food,point_of_interest,establishment",restaurant
ChIJ5y-olvhKDW0R2IYTEPAiuIA,Cinnamon Cafe,-36.8810506,174.8995724,"1 Ara-Tai Road, Half Moon Bay, Auckland","cafe,restaurant,food,point_of_interest,establishment",restaurant
ChIJ77j-lfhKDW0R2-giqZWXL2Q,The Bay Sushi,-36.8810484,174.8996126,"1 Ara-Tai Road, Half Moon Bay, Auckland","restaurant,food,point_of_interest,establishment",restaurant
ChIJF2uB3E9LDW0RaWoS_sxFk5M,Ara-Tai Cafe,-36.8809733,174.8996843,"NZ Auckland, C4/1 Ara-Tai Road, Half Moon Bay, Auckland","cafe,store,restaurant,food,point_of_interest,establishment",restaurant
ChIJGX1_NldLDW0RYMCND3bcSE4,King Kong Food,-36.88808149999999,174.9069816,"3B Glennandrew Drive, Half Moon Bay, Auckland","restaurant,food,point_of_interest,establishment",restaurant
ChIJyTBnX-xLDW0R5qtpLHcCCJo,Ghar da swaad,-36.8943072,174.9011025,"8A Medina Place, Half Moon Bay, Auckland","restaurant,food,point_of_interest,establishment",restaurant
ChIJ3Y1IyZhLDW0Rj1or62Tk4po,MANG JOE'S CHICKEN INASAL NZ,-36.89427609999999,174.8862192,"5 Melissa Place, Farm Cove, Auckland","meal_takeaway,restaurant,food,point_of_interest,establishment",restaurant
ChIJn1s9bFZJDW0RmYxKQYOKVCI,Farm Cove Takeaways,-36.8956219,174.8871476,"190 Fisher Parade, Farm Cove, Auckland","meal_takeaway,restaurant,food,point_of_interest,establishment",restaurant
ChIJ-QQZgBBLDW0R06xvoExHdXI,Royal Indian Cuisine Pakuranga,-36.89565959999999,174.8870843,"190 Fisher Parade, Farm Cove, Auckland","restaurant,food,point_of_interest,establishment",restaurant
ChIJFboq8wVLDW0RYIujsc27lx8,Sal's Authentic NY Pizza Highland Park,-36.8982562,174.9049093,"1/2 Dunrobin Place, Highland Park, Auckland","restaurant,food,point_of_interest,establishment",restaurant
ChIJFcPPUA1LDW0Rag_U0U_ph5w,Jingu's Dumplings,-36.898741,174.9046109,"12 Dunrobin, Place, Auckland","restaurant,food,point_of_interest,establishment",restaurant
ChIJKTAU0qxLDW0RBBch_5ork30,Picklelicious NZ Ltd,-36.899526,174.9042927,"24 Dunrobin Place, Half Moon Bay, Auckland","restaurant,food,point_of_interest,establishment",restaurant
ChIJ_yDR0V9LDW0R64up9P2Ka1I,Zabr'one,-36.8681089,174.9033826,"47 The Parade, Bucklands Beach, Auckland","restaurant,bar,food,point_of_interest,establishment",restaurant
ChIJyxQunvRKDW0RtHhlD5a98zU,Wharf Road Fish & Chips,-36.86813129999999,174.9036123,"4A Wharf Road, Bucklands Beach, Auckland","restaurant,food,point_of_interest,establishment",restaurant
ChIJ8ZYxD6ZLDW0RPQ1qgebnHPM,Rosewood Grill Restaurant,-36.8992885,174.9053941,"5 Aviemore Drive, Highland Park, Auckland","restaurant,meal_takeaway,food,point_of_interest,establishment",restaurant
ChIJzymTZg9LDW0RfBglbw_RGXU,Nishiki Kitchen,-36.8993759,174.9053039,"F/5 Aviemore Drive, Highland Park, Auckland","restaurant,food,point_of_interest,establishment",restaurant
ChIJk1MdgwxLDW0RwA34jjieNfA,RESTAURANT ESSENTIALS LIMITED,-36.8705117,174.9092205,"8A Jern Place, Eastern Beach, Auckland","restaurant,food,point_of_interest,establishment",restaurant
ChIJMyJBpO5KDW0R4euZ_ym620g,Golden Sands Bistro,-36.8727088,174.9132665,"32 The Esplanade, Eastern Beach, Auckland","restaurant,cafe,meal_takeaway,bar,food,point_of_interest,establishment",restaurant
ChIJZZupUStLDW0RwzlUGBFDHok,The Tearooms at Shamrock Cottage,-36.8944178,174.9395818,"73 Selwyn Road, Howick, Auckland","store,restaurant,food,point_of_interest,establishment",restaurant
ChIJyYXNBSZLDW0RDLOVwEgsqmY,Howick RSA Community Club Inc.,-36.8942795,174.9292297,"25 Wellington Street, Howick, Manukau","bar,restaurant,food,point_of_interest,establishment",restaurant
ChIJT2_GbDNLDW0Ricnclqkt7dY,Fast Eddies,-36.8962061,174.9329592,"8/15 Cook Street, Howick, Auckland","meal_takeaway,restaurant,food,point_of_interest,establishment",restaurant
ChIJvztd_AhLDW0RSj7Va2eeLG0,Despensa,-36.8933278,174.930229,"21 Picton Street, Howick, Auckland","restaurant,food,point_of_interest,establishment",restaurant
ChIJx05UvShLDW0RRLxH1FwiQns,Miyuki Japanese Restaurant,-36.8933816,174.9301519,"4/21 Picton Street, Howick, Auckland","restaurant,food,point_of_interest,establishment",restaurant
ChIJw2qdpuFLDW0RAp_onixWmEg,Daisy Chang,-36.8934216,174.9305864,"31 Picton Street, Howick, Auckland","restaurant,food,point_of_interest,establishment",restaurant
ChIJvSehjOdLDW0RaYNbVP5hjkg,Posto,-36.8936256,174.9316196,"60 Picton Street, Howick, Auckland","restaurant,food,point_of_interest,establishment",restaurant
ChIJBXRnxihLDW0RXkIFXaw9yUU,Kebabiya,-36.8937037,174.9313505,"shop1/50 Picton Street, Howick, Auckland","restaurant,food,point_of_interest,establishment",restaurant
ChIJhZ7vxyhLDW0R_Sik38gIJ-Q,Karen BBQ restaurant,-36.8938835,174.9310721,"57 Picton Street, Howick, Auckland","restaurant,food,point_of_interest,establishment",restaurant
ChIJA0oklANLDW0RQpA6hH1D6vU,The Grand Indian Restaurant & Bar - Howick,-36.89379219999999,174.9327708,"26 Uxbridge Road, Howick, Auckland","restaurant,food,point_of_interest,establishment",restaurant
ChIJcVDjrChLDW0R1TlPvEaxy8o,Howick Village Cafe,-36.894424,174.9303004,"Fencible Drive, Howick, Auckland","cafe,restaurant,food,point_of_interest,establishment",restaurant
ChIJ0yKv1ChLDW0RQHbYWePWnNo,Izakaya,-36.8946065,174.932023,"Howick, Auckland","restaurant,food,point_of_interest,establishment",restaurant
ChIJIVebVNNLDW0RKVcMjbmFDi0,Spicy House紅房子(Howick),-36.894709,174.9317796,"4/87 Picton Street, Howick, Auckland","restaurant,food,point_of_interest,establishment",restaurant
ChIJ45wFmfNLDW0RjMEO7BjugAE,The Gallery Cafe,-36.89415590000001,174.9339298,"35 Uxbridge Road, Mellons Bay, Auckland","cafe,bar,restaurant,food,point_of_interest,establishment",restaurant
ChIJ0SwX1ChLDW0RJUi5LYuOXa8,Aunt Lee's Sushi,-36.8947891,174.9319778,"87/89 Picton Street, Howick, Auckland","restaurant,food,point_of_interest,establishment",restaurant
ChIJRwW7uJxLDW0RpPbpAZUHhSo,AmoreMio Pizza Howick,-36.89525599999999,174.9288122,"39 Wellington Street, Howick, Auckland","meal_takeaway,restaurant,food,point_of_interest,establishment",restaurant
ChIJR602oEJLDW0RZ9_BGiR6wIA,The Roast Kitchen,-36.8952111,174.9323297,"13 Moore Street, Howick, Auckland","meal_takeaway,restaurant,food,point_of_interest,establishment",restaurant
ChIJvx1g0C5LDW0RUZT2qWT54UM,Yummy Sushi,-36.8953871,174.9325516,"10 Moore Street, Howick, Auckland","restaurant,food,point_of_interest,establishment",restaurant
ChIJoQvtsW4KLwARDDQGXU0715k,Portofino,-36.89572,174.9332821,"9 Cook Street, Howick, Auckland","restaurant,food,point_of_interest,establishment",restaurant
ChIJ2TXy5y5LDW0Rzw-G9f0V6_Q,Barrel Inn,-36.89588630000001,174.9333302,"15 Cook Street, Cockle Bay, Auckland","restaurant,bar,food,point_of_interest,establishment",restaurant
ChIJ0Rwvwi5LDW0RM5gv4rcrX9Q,S S Food,-36.8960954,174.9327301,"61 Lambie Drive, Howick, Auckland","restaurant,food,point_of_interest,establishment",restaurant
ChIJcw7kGSZLDW0RmACGriNUvI4,Yoshi Sushi,-36.8961544,174.9329445,"7/15 Cook Street, Howick, Auckland","restaurant,food,point_of_interest,establishment",restaurant
ChIJ-0nn7i5LDW0RWiJ1VAe2oA0,Rombus,-36.8965405,174.9330728,"35 Cook Street, Howick, Auckland","cafe,restaurant,food,point_of_interest,establishment",restaurant
ChIJwbLdeapLDW0RXA1-gjKIZEk,suncourt sushi,-36.8964819,174.9333646,"Shop 2/35 Cook Street, Howick, Auckland","restaurant,food,point_of_interest,establishment",restaurant
ChIJe0mV8i5LDW0RE1lIqGwo-mA,The Indian Kitchen Restaurant and Takeaways,-36.8967032,174.9333319,"2A/43 Cook Street Rosscourt, Howick, Auckland","meal_takeaway,restaurant,food,point_of_interest,establishment",restaurant
ChIJbQ5aR1dPDW0RPdAAApNOoew,Amphora Eats,-36.8967768,174.9334149,"43 Cook Street, Howick, Auckland","meal_takeaway,restaurant,food,point_of_interest,establishment",restaurant
ChIJt_jA3BhLDW0Rtli8EDb1Clk,Lucky Sky Takeaway,-36.89503610000001,174.9172883,"39 Finnerty Avenue, Howick, Auckland","meal_takeaway,restaurant,food,point_of_interest,establishment",restaurant
ChIJ9RbSFABLDW0RS1S6gmAVfSs,KOIYA,-36.89983559999999,174.9238164,"Elliot Street, Howick, Auckland","restaurant,food,point_of_interest,establishment",restaurant
ChIJx6ObXJZLDW0R9PUoVrFBKIc,Rollin' NZ,-36.8997796,174.9214368,"2/23a Vincent Street, Howick, Auckland","meal_takeaway,restaurant,food,point_of_interest,establishment",restaurant
ChIJE3_NCeBLDW0RW8DjHbDHJB8,WOK Howick,-36.89919949999999,174.9194443,"3/186 Ridge Road, Howick, Auckland","meal_takeaway,restaurant,food,point_of_interest,establishment",restaurant
ChIJHRSWrCJLDW0RzBDxXgNlFmo,Howick Roast And Chicken Hut,-36.8992327,174.9193566,"186 Ridge Road, Howick, Auckland","restaurant,food,point_of_interest,establishment",restaurant
ChIJb8Y2qiJLDW0R-y4OIKCoJYs,Howick Chinese Food Takeaways,-36.89927739999999,174.9193896,"4 Botany Road, Howick, Auckland","meal_takeaway,restaurant,food,point_of_interest,establishment",restaurant
ChIJtV9eWttLDW0RcWiqpSuktPc,East India Takeaway,-36.89932529999999,174.9192185,"4B Botany Road, Howick, Auckland","meal_takeaway,restaurant,food,point_of_interest,establishment",restaurant
ChIJgSudrbtLDW0RQSE6lDWd3EU,Turk Kebab | Turkish Kebabs & Pizzas,-36.8993799,174.9191646,"6 Botany Road, Howick, Auckland","restaurant,food,point_of_interest,establishment",restaurant
ChIJP362uPZLDW0R8YqIn6GLEX8,Lucky's Sport Bar & Restaurant,-36.9017944,174.9272613,"1/125 Elliot Street, Howick, Auckland","bar,restaurant,food,point_of_interest,establishment",restaurant
ChIJfRmEkbK1cm0RhBYA8qJc5_k,Pepperjacks Cafe & grill,-36.8890627,174.9903141,"190 Jack Lachlan Drive, Beachlands","restaurant,food,point_of_interest,establishment",restaurant
ChIJr-y-qs21cm0RhiN8PZfCwA4,Domino's Pizza Beachlands,-36.8901948,175.0102025,"42A Kouka Road, Shopping Centre, Beachlands","restaurant,food,point_of_interest,establishment",restaurant
ChIJz8qsp821cm0ReIvE9D6fhio,Sierra Coffee Beachlands,-36.8903824,175.0112274,"129 Beachlands Road, Beachlands","cafe,restaurant,food,point_of_interest,establishment",restaurant
ChIJtcSTRgC1cm0RVZiwmhSVVzU,Pizza Hut,-36.88283080000001,174.9966885,"6/42 Third View Avenue, Beachlands","restaurant,food,point_of_interest,establishment",restaurant
ChIJgY-iDoy1cm0RAx_MsfynmgQ,Nice chicken,-36.88276340000001,174.9968442,"4/42 Third View Avenue, Beachlands","meal_takeaway,restaurant,food,point_of_interest,establishment",restaurant
ChIJS9_cLq61cm0RK3r9zXTcXUU,The Burger Shack,-36.88277359999999,174.9969014,"42 Third View Avenue, Beachlands Beachland, Beachlands","meal_takeaway,restaurant,food,point_of_interest,establishment",restaurant
ChIJLcmosbC1cm0R7fLdvPMTAks,Sky Horse Takeaway,-36.88222220000001,174.9969444,"42 Wakelin Road, Beachlands","meal_takeaway,restaurant,food,point_of_interest,establishment",restaurant
ChIJy436ZMK1cm0R4V-tnwLbGOQ,Passion india restaurant,-36.88205660000001,174.9973558,"45 Wakelin Road, Beachlands","meal_takeaway,restaurant,food,point_of_interest,establishment",restaurant
ChIJRRwmVdq1cm0Rwz-8y04Zbnc,Ambrosia Bar and Restaurant,-36.88245850000001,174.9977459,"44 Third View Avenue, Beachlands","restaurant,food,point_of_interest,establishment",restaurant
ChIJnU7xvVS1cm0RfohNe3vfJ4Q,Sunkist Bar and Kitchen,-36.8895369,174.9903252,"Shop 23-24, Ranger House 190 Jack Lachlan Drive, Beachlands","bar,restaurant,food,point_of_interest,establishment",restaurant
ChIJk6kKDau1cm0RV74gQAIT6xs,Pine Harbour Eatery,-36.88955869999999,174.9902675,"190 Jack Lachlan Drive, Beachlands","restaurant,food,point_of_interest,establishment",restaurant
ChIJs57jeO-1cm0Rv-6uGpm2nuk,Urban Spice,-36.8901456,175.0097989,"Block B/42 Kouka Road, Beachlands","restaurant,food,point_of_interest,establishment",restaurant
ChIJFbO--cy1cm0R6SXNmPno2uM,Wokin,-36.8901603,175.0098267,"40 Kouka Road, Beachlands","meal_takeaway,restaurant,food,point_of_interest,establishment",restaurant
ChIJp30ALwy1cm0RwM-WLSIqEfc,Pinocchio Pizza Pasta and More,-36.8903305,175.0107788,"44 Kouka Road, Beachlands","restaurant,food,point_of_interest,establishment",restaurant
ChIJqahYAc21cm0RMLyNTo24bvU,Beachlands Sushi,-36.890265,175.0109176,"129 Beachlands Road, Beachlands","restaurant,food,point_of_interest,establishment",restaurant
ChIJ6evFcs21cm0R5ff6veUIwkw,The Franklin,-36.890523,175.0117405,"129 Beachlands Road, Beachlands","bar,restaurant,food,point_of_interest,establishment",restaurant
ChIJL0W31G-2cm0RZXJF9NcluAI,Maraetai Beach Boating Club Inc,-36.87844500000001,175.041857,"188 Maraetai Drive, Maraetai","bar,restaurant,food,point_of_interest,establishment",restaurant
ChIJr42r12-2cm0RxXD9lckQUug,Maraetai Bakery Cafe,-36.8806681,175.0338953,"2/5 Maraetai School Road, Maraetai","bakery,cafe,restaurant,food,point_of_interest,store,establishment",restaurant
ChIJ7Q-c1m-2cm0RbP8VCpX0tJI,Maraetai Lucky Takeaway,-36.88051310000001,175.0339494,"131 Maraetai School Road, Maraetai","meal_takeaway,restaurant,food,point_of_interest,establishment",restaurant
ChIJB1uWuXi3cm0RZIoczN3S90w,Maraetai Kitchen - Boat Club Restaurant,-36.87849789999999,175.0418778,"188 Maraetai Drive, Maraetai","restaurant,food,point_of_interest,establishment",restaurant
ChIJfaR970K2cm0RDCRBfp5VLZo,Foreshore Indian Restaurant-Bar-Cafe,-36.8814759,175.0460658,"251 Maraetai Drive, Maraetai","restaurant,bar,food,point_of_interest,establishment",restaurant
ChIJNbRhpj9rDW0RiORAP4S3S7g,Waitakere R.S.A,-36.8482889,174.5449941,"39 Township Road, Waitākere, Auckland","restaurant,food,point_of_interest,establishment",restaurant
ChIJqyPGDPFqDW0RK6Hq2CsrgYc,Bountiful Earth,-36.866086,174.57851,"720 Swanson Road, Swanson, Auckland","cafe,bakery,restaurant,food,store,point_of_interest,establishment",restaurant
ChIJaYl0c_FqDW0RIfUaBXNOFxw,Picollo Pizza And Pasta,-36.8660701,174.5786997,"720a Swanson Road, Swanson, Auckland","restaurant,food,point_of_interest,establishment",restaurant
ChIJ8UN2LPJqDW0RHqzWeGdwyow,Swanson Takeaways,-36.8655132,174.5800592,"707 Swanson Road, Swanson, Auckland","meal_takeaway,restaurant,food,point_of_interest,establishment",restaurant
ChIJhYqk1PNqDW0RqhBY5hTHmvc,Mamaris Kebabs,-36.865812,174.580276,"704-706 Swanson Road, Swanson, Auckland","meal_takeaway,restaurant,food,point_of_interest,establishment",restaurant
ChIJFWwlHCRADW0Rfjo15q91fWE,Smith & Wong Takeaways,-36.860027,174.6115141,"2/9 Don Buck Road, Henderson, Auckland","restaurant,food,point_of_interest,establishment",restaurant
ChIJN-iTtZxqDW0RboWNAd0jlrk,Ranui Foodbar & Takeaway,-36.8637833,174.6020547,"433 Swanson Road, Ranui, Auckland","restaurant,food,point_of_interest,establishment",restaurant
ChIJQW7WZCVADW0RCkD8ntWqrAs,Domino's Pizza Henderson NZ,-36.86439099999999,174.614532,"2/260 Swanson Road, Henderson, Auckland","meal_delivery,meal_takeaway,restaurant,food,point_of_interest,establishment",restaurant
ChIJE7_ddiVADW0RKV_sHOgYwY4,Kohinoor Indian Restaurant Henderson,-36.8639129,174.6142935,"1/264 Swanson Road, Henderson, Auckland","restaurant,food,point_of_interest,establishment",restaurant
ChIJpQWUtJxqDW0RqV2Nb-kquVQ,Ranui Chinese Takeaway,-36.8638008,174.6018823,"439 Swanson Road, Ranui, Auckland","meal_takeaway,restaurant,food,point_of_interest,establishment",restaurant
ChIJV-b4DjVBDW0R5H33-S5ow0k,Westside BBQs,-36.8585062,174.606188,"1 Scarlet Drive, Ranui, Auckland","restaurant,food,point_of_interest,establishment",restaurant
ChIJ75NTViprDW0RsXT_UAVGufY,Warung Kerol (Indonesian Home-Based Food Business),-36.861989,174.6044223,"164 Waitemata Drive, Ranui, Auckland","restaurant,food,point_of_interest,establishment",restaurant
ChIJE9MU4WFrDW0RrHLMMGCVVpg,Aa Laa Kebabs,-36.8643189,174.6019316,"480 Swanson Road, Ranui, Auckland","restaurant,food,point_of_interest,establishment",restaurant
ChIJ-xrFbyVADW0RNuXrf7k3ZHc,Nick & L's Food Bar,-36.8639761,174.6142945,"264 Swanson Road, Henderson, Auckland","restaurant,food,point_of_interest,establishment",restaurant
ChIJizGaFCVADW0RiYrG19qi8zQ,Silver Bell Takeaways,-36.8632033,174.6147915,"2 Larnoch Road, Henderson, Waitakere","meal_takeaway,restaurant,food,point_of_interest,establishment",restaurant
ChIJ5_J7cCVADW0R88KxVzAAZgc,Southern Fried Chicken Golden Potatoes,-36.8639322,174.6143607,"264 Swanson Road, Henderson, Auckland","restaurant,food,point_of_interest,establishment",restaurant
ChIJaQRMjX1BDW0RhY-2DVlGYlU,NZ Broast Chicken,-36.8640903,174.6143264,"260G Swanson Road, Henderson, Auckland","meal_takeaway,restaurant,food,point_of_interest,establishment",restaurant
ChIJef2h99pBDW0RtD0HExCANdU,Seasonings,-36.8641137,174.6144264,"260G Swanson Road, Henderson, Auckland","meal_takeaway,restaurant,food,point_of_interest,establishment",restaurant
ChIJsZ6mZCVADW0RdPp_5myL37E,Ten On Ten Indian Takeaways,-36.86426439999999,174.6144187,"3/260 Swanson Road, Henderson, Auckland","meal_takeaway,restaurant,food,point_of_interest,establishment",restaurant
ChIJCw32x_ZMDW0Rq_LP-BNK_gs,Chinese & European Takeaway,-36.86426439999999,174.6144187,"4/260 Swanson Road, Henderson, Auckland","restaurant,food,point_of_interest,establishment",restaurant
ChIJjVdLeiVADW0R2k9puMlodmY,Asian Delight,-36.86426439999999,174.6144187,"260 Swanson Road, Henderson, Waitakere","restaurant,food,point_of_interest,establishment",restaurant
ChIJldQoEuhBDW0RYiRAXppOLWk,wildbean cafe,-36.8638614,174.615213,"223 Swanson Road, Henderson, Auckland","cafe,bakery,restaurant,food,point_of_interest,store,establishment",restaurant
ChIJcRiZ7ARBDW0RyEbUuTkJAIc,Pocha Chicken Henderson,-36.86535310000001,174.6149516,"1 Brick Street, Henderson, Auckland","restaurant,meal_takeaway,food,point_of_interest,establishment",restaurant
ChIJuzyzKKBBDW0RwRWM0d81rkg,g.a.s. Brick Street,-36.8654028,174.6152298,"1 Brick Street, Henderson, Auckland","gas_station,cafe,meal_takeaway,convenience_store,store,restaurant,food,point_of_interest,establishment",restaurant
ChIJ7zNIzkZADW0RTuI-9Xw-m6A,La Porchetta Restaurant Henderson,-36.860068,174.630089,"199A Lincoln Road, Henderson, Auckland","meal_takeaway,meal_delivery,restaurant,food,point_of_interest,establishment",restaurant
ChIJxzQg8D1GDW0RZ2F-E5j-Nto,The Hangar,-36.85701009999999,174.6361872,"104 Central Park Drive, Henderson, Auckland","bar,night_club,restaurant,food,point_of_interest,establishment",restaurant
ChIJn-kkskdADW0REGlry0F-79c,BurgerFuel Henderson,-36.863329,174.629801,"Shop 4/155 Lincoln Road, Henderson, Auckland","restaurant,food,point_of_interest,establishment",restaurant
ChIJc9f4JPZADW0RjmY7tmYzm2o,Wendy's Hamburgers,-36.86297649999999,174.6481168,"288 Te Atatu Road, Te Atatū South, Auckland","restaurant,food,point_of_interest,establishment",restaurant
ChIJBd0CUoRADW0RAk5ljOVNXIQ,Thai Peninsula Restaurant,-36.8527809,174.6308105,"A1/301 Lincoln Road, Henderson, Auckland","restaurant,food,point_of_interest,establishment",restaurant
ChIJPxhg6UFADW0R6R0ex8Cyz_w,Chikos Restaurant & Cafe,-36.855566,174.6306212,"255 Lincoln Road, Henderson, Auckland","restaurant,food,point_of_interest,establishment",restaurant
ChIJPxhg6UFADW0RY5w1wF1n__s,Punjabi Kitchen Indian Restaurant Henderson,-36.85557579999999,174.6304718,"3/255 Lincoln Road, Henderson, Auckland","meal_takeaway,meal_delivery,restaurant,food,point_of_interest,establishment",restaurant
ChIJwW7-L0JADW0RYjZMXxB6Z5M,Bikanervala Henderson,-36.8565534,174.6329426,"214 Universal Dr, Cnr of Universal Dr and Soljan Dr, Henderson, Auckland","meal_takeaway,meal_delivery,restaurant,food,point_of_interest,establishment",restaurant
ChIJWwy3UkBADW0RRw8YCrnEFp4,"TANK Lincoln Road - Smoothies, Raw Juices, Salads & Wraps",-36.856133,174.6291286,"192 Universal Drive, Henderson, Auckland","meal_takeaway,restaurant,food,point_of_interest,establishment",restaurant
ChIJYwy3UkBADW0RTCU_s56mcuk,St Pierres Sushi (Lincoln Rd),-36.85663510000001,174.6288427,"Unit A3/192 Universal Drive, Lincoln Road, Henderson, Auckland","restaurant,food,point_of_interest,establishment",restaurant
ChIJ2a9azENADW0Rr4111xxsIFE,Kreem Bake Cook,-36.8571539,174.6332432,"189-193 Universal Drive, Henderson, Auckland","cafe,restaurant,food,point_of_interest,establishment",restaurant
ChIJ98_3D0FADW0RLXGNGIaJqTo,Subway,-36.8561558,174.6289979,"192 Universal Drive, Henderson, Auckland","restaurant,food,point_of_interest,establishment",restaurant
ChIJ7a3jd2pADW0Re9wIN2B_078,Carl's Jr. Henderson,-36.8547398,174.6305395,"281 Lincoln Road, Henderson, Auckland","restaurant,food,point_of_interest,establishment",restaurant
ChIJ7-yhSGpADW0Rdxkgbn018R8,Texas Chicken Henderson,-36.85265,174.6306485,"301 Lincoln Road, Henderson, Auckland","restaurant,food,point_of_interest,establishment",restaurant
ChIJA4Z5UkZADW0RA60OC9EJzXM,Hut BBQ,-36.8633746,174.6300505,"6/155 Lincoln Road, Henderson, Auckland","restaurant,food,point_of_interest,establishment",restaurant
ChIJByoDtUdADW0RdvBVv0_0HXo,Cafe Lincoln,-36.863782,174.629475,"151 Lincoln Road, Henderson, Auckland","cafe,restaurant,food,point_of_interest,establishment",restaurant
ChIJByoDtUdADW0RPw114B9yjnQ,Sal's Authentic NY Pizza - Henderson,-36.8637992,174.6294535,"151 Lincoln Road, Henderson, Auckland","restaurant,food,point_of_interest,establishment",restaurant
ChIJCWUfMEZADW0RvH8GXqAvbwI,Subway,-36.864843,174.6299346,"131 Lincoln Road, Henderson, Auckland","restaurant,food,point_of_interest,establishment",restaurant
ChIJiw9xK0FADW0Rh3uFK4ZYbuM,KFC,-36.8566343,174.6295402,"192C Universal Drive, Henderson, Auckland","meal_takeaway,restaurant,food,point_of_interest,establishment",restaurant
ChIJ_UIHZUhADW0RCDvZiMbDNJQ,Sierra Café Lincoln Road,-36.86617810000001,174.6291122,"111 Lincoln Road, Henderson, Auckland","cafe,restaurant,food,point_of_interest,establishment",restaurant
ChIJn-kkskdADW0R3IRx4OPLamM,HELL Pizza Henderson,-36.8633292,174.6297512,"155 Lincoln Road, Henderson, Auckland","meal_delivery,meal_takeaway,restaurant,food,point_of_interest,establishment",restaurant
ChIJg_0L6EFADW0RLbxlYYHjeF8,Moto Japanese Restaurant,-36.8552281,174.6311681,"42 Paramount Drive, Henderson, Auckland","restaurant,food,point_of_interest,establishment",restaurant
ChIJmRLgykFADW0RS4xE6FEjXUU,Ruang Thong Thai 4 Restaurant,-36.85576979999999,174.6296069,"2/254 Lincoln Road, Henderson, Auckland","restaurant,food,point_of_interest,establishment",restaurant
ChIJkwryLVhADW0RLXJPIYqyb50,KFC,-36.8656192,174.6459172,"251 Edmonton Road, Te Atatū South, Auckland","meal_takeaway,restaurant,food,point_of_interest,establishment",restaurant
ChIJc8HF0UZADW0RhCqwA_MAgPU,Gengis Khan Henderson,-36.86034799999999,174.630541,"199B Lincoln Road, Henderson, Auckland","restaurant,food,point_of_interest,establishment",restaurant
ChIJkbQfxUFADW0RXKlB70x9NFE,Shen's Takeaway,-36.855566,174.6306212,"255 Lincoln Road, Henderson, Auckland","restaurant,food,point_of_interest,establishment",restaurant
ChIJmRLgykFADW0R8d5k4pMLiwc,Tasty Canteen,-36.8560189,174.6295821,"254 Lincoln Road, Henderson, Waitakere","meal_takeaway,restaurant,food,point_of_interest,establishment",restaurant
ChIJGSXUIUdADW0R9EQOdzUEdYQ,Taste Bakery & Roast,-36.8561351,174.6294541,"B11/192 Universal Drive, Henderson, Auckland","meal_takeaway,restaurant,food,point_of_interest,establishment",restaurant
ChIJoUWEtUFADW0RWJIYkzNbCmM,European/ Chinese takeaway,-36.8559519,174.6295987,"Lincoln Road, Henderson, Auckland","meal_takeaway,restaurant,food,point_of_interest,establishment",restaurant
ChIJ5VVc7PpBDW0RCkPY0vMskYE,A la Turca Henderson,-36.856153,174.6293638,"226/250 Lincoln Road, Henderson, Auckland","restaurant,food,point_of_interest,establishment",restaurant
ChIJf_QGrUFADW0RChnn-nX0XNs,Pizza Hut,-36.8561485,174.6292695,"Corner Universal Drive and Lincoln Road Unit B9, Henderson, Auckland","meal_delivery,meal_takeaway,restaurant,food,point_of_interest,establishment",restaurant
ChIJB-mgcTRBDW0RYMnXOKAvApc,Da Night Market,-36.8565951,174.6329924,"214 A Universal Drive, Henderson, Auckland","restaurant,food,point_of_interest,establishment",restaurant
ChIJZf7UcEJADW0RT0hYMJfJkBM,Pho Bien,-36.8552692,174.6312518,"Unit 4/42 Paramount Drive, Henderson, Auckland","restaurant,food,point_of_interest,establishment",restaurant
ChIJFfypEslBDW0RIL_iFOUqbQY,The Fat Guy,-36.855673,174.6296012,"Unit 8/254 Lincoln Road, Henderson, Auckland","restaurant,food,point_of_interest,establishment",restaurant
ChIJ_RbQNQBBDW0R6sspZG--DZ8,Boishakhi,-36.855673,174.6296012,"Unit 8/254 Lincoln Road, Henderson, Auckland","restaurant,food,point_of_interest,establishment",restaurant
ChIJg_0L6EFADW0RGvZ1k81tRAo,Golden Castle 황금성,-36.8552371,174.6313233,"42 Paramount Drive, Henderson, Auckland","restaurant,food,point_of_interest,establishment",restaurant
ChIJYayxBn9BDW0RGpbgI7TqnAo,Papaghetti Restaurant,-36.8552165,174.6310222,"2/42 Paramount Drive, Henderson, Auckland","restaurant,food,point_of_interest,establishment",restaurant
ChIJg_0L6EFADW0Rd-QOcikOzw8,Jomaru Korean Restaurant (조마루 감자탕),-36.85520739999999,174.6309897,"1/42 Paramount Drive, Henderson, Auckland","restaurant,food,point_of_interest,establishment",restaurant
ChIJ429zPR9BDW0RxXLX18qQaVo,Novelty Sweets & Restaurants Henderson,-36.85661769999999,174.6286049,"192/198 Universal Drive, Henderson, Auckland","restaurant,food,point_of_interest,establishment",restaurant
ChIJMVG6gdJBDW0Rg0JrAUNpbzg,Chicking Henderson,-36.8551349,174.6297265,"262 Lincoln Road, Henderson, Auckland","restaurant,food,point_of_interest,establishment",restaurant
ChIJ9WnrB6BBDW0R-V6Z0UKYdU8,Aiko Sushi - Pak'nSave Lincoln,-36.85727170000001,174.6283605,"Lincoln Road, Henderson, Auckland","meal_takeaway,restaurant,food,point_of_interest,establishment",restaurant
ChIJh4j6L_ZBDW0R1KVEAHleKRA,Mrs bun&dumpling henderson,-36.8550926,174.6297029,"264 Lincoln Road, Henderson, Auckland","restaurant,meal_takeaway,food,point_of_interest,establishment",restaurant
ChIJS_K9Fp9BDW0RQJJ-7Kera_8,FUSION FEAST | Biryani House | Halal,-36.8549703,174.629772,"5/270 Lincoln Road, Henderson, Auckland","meal_takeaway,restaurant,food,point_of_interest,establishment",restaurant
ChIJHVee00FADW0RWNxH7_UrsHY,Chachis GreenGarden Takeaway,-36.8549703,174.629772,"270 Lincoln Road, Henderson, Auckland","restaurant,food,point_of_interest,establishment",restaurant
ChIJx4UVhYtBDW0R4bkTG6JKgEo,Pisang Goreng Mas Dikaa,-36.8550842,174.6337456,"Paramount Drive, Henderson, Auckland","restaurant,food,point_of_interest,establishment",restaurant
ChIJXRVDShtBDW0RoShfVK5x8bE,Mexicali Fresh Lincoln Road,-36.85351670000001,174.6304222,"301 Lincoln Road, Henderson, Auckland","restaurant,food,point_of_interest,establishment",restaurant
ChIJm7Fu45hBDW0R5vY5cYAV5UA,金味德西区店 Jinweide Beef noodles,-36.8534996,174.6305361,"301 Lincoln Road, Henderson, Auckland","restaurant,food,point_of_interest,establishment",restaurant
ChIJrwQVG9RBDW0RwYuMfA3XhCk,Pints Tap Room,-36.8604965,174.6309337,"199 Lincoln Road, Henderson, Auckland","bar,restaurant,food,point_of_interest,establishment",restaurant
ChIJTTyWZT1BDW0RCCP1TTwUHIg,Burger Wisconsin,-36.8534784,174.6304818,"301 Lincoln Road, Henderson, Auckland","restaurant,food,point_of_interest,establishment",restaurant
ChIJPRrXD1lBDW0RvKsbnRiekhs,Mr Lobster Private Kitchen 龍虾皇私房菜,-36.8534284,174.6306673,"4/301 Lincoln Road, Henderson, Auckland","restaurant,food,point_of_interest,establishment",restaurant
ChIJ-cDJbPtBDW0RLrFv5Z1SGdg,Malaysian Noodles Henderson,-36.853334,174.6306581,"301 Lincoln Road, Henderson, Auckland","restaurant,food,point_of_interest,establishment",restaurant
ChIJnZ0BvJpBDW0Rug7DQbEqI_w,PINTS KITCHEN,-36.8607213,174.630151,"199 Lincoln Road, Henderson, Auckland","restaurant,food,point_of_interest,establishment",restaurant
ChIJnaTcm7ZBDW0R0reiH1w46-g,Pizza Crew,-36.85319189999999,174.6307029,"301 Lincoln Road, Henderson, Auckland","meal_delivery,meal_takeaway,restaurant,food,store,point_of_interest,establishment",restaurant
ChIJzTBnVGtBDW0RLrX73Zfmpxs,Dagu Rice Noodle Henderson 大鼓米线西区店,-36.85309639999999,174.630698,"4A/301 Lincoln Road, Henderson, Auckland","restaurant,food,point_of_interest,establishment",restaurant
ChIJLThxNC1BDW0RmyIoexV8zAg,JIMIJIMI X CHÁ+ Henderson,-36.8530662,174.6307526,"301 Lincoln Road, Henderson, Auckland","meal_takeaway,restaurant,food,point_of_interest,establishment",restaurant
ChIJc2ANoyhBDW0RJ4Z75cp0ZGo,The LU Spot,-36.8582053,174.6262396,"51 Kingdale Road, Henderson, Auckland","meal_takeaway,restaurant,food,point_of_interest,establishment",restaurant
ChIJyUAeGoZADW0RleaS9o9ySSs,Shahi Dawat,-36.84425299999999,174.652144,"547 Te Atatu Road, Waitākere, Auckland","restaurant,food,point_of_interest,establishment",restaurant
ChIJEVIkH4ZADW0RkT3FAHPh1W4,McDonald's Te Atatu North,-36.8446581,174.651929,"7/543 Te Atatu Road, Te Atatū Peninsula, Auckland","restaurant,food,point_of_interest,establishment",restaurant
ChIJEVIkH4ZADW0RcGi1OTRFq3k,Pita Pit Te Atatu,-36.84454939999999,174.6519711,"543 Te Atatu Road, Te Atatū Peninsula, Auckland","restaurant,food,point_of_interest,establishment",restaurant
ChIJjQdfGIZADW0RD-qe0dteK5Q,Domino's Pizza Te Atatu Peninsula,-36.8444884,174.6520461,"543 Te Atatu Road, Te Atatū Peninsula, Auckland","restaurant,food,point_of_interest,establishment",restaurant
ChIJEVIkH4ZADW0RXNAEWwvNjk4,"TANK Te Atatu - Smoothies, Raw Juices, Salads & Wraps",-36.8445157,174.65192,"543 Te Atatu Road, Te Atatū Peninsula, Auckland","meal_takeaway,restaurant,food,point_of_interest,establishment",restaurant
ChIJq5tvwGBBDW0R81aRUMOJBio,HighTide Te Atatu Boat Club,-36.8618859,174.6564948,"32 Bridge Avenue, Te Atatū South, Auckland","restaurant,food,point_of_interest,establishment",restaurant
ChIJn-qGdYlADW0R7fidyaVanRc,Peninsula Kitchen,-36.8490273,174.6505365,"2/460 Old Te Atatu Road, Te Atatū Peninsula, Auckland","meal_takeaway,restaurant,food,point_of_interest,establishment",restaurant
ChIJl4xvn4lADW0RSmHD2dH8iS8,Davin Bakery & Cafe,-36.84888509999999,174.6503249,"Gloria Avenue, Waitakere City, Auckland","bakery,cafe,meal_takeaway,store,restaurant,food,point_of_interest,establishment",restaurant
ChIJUb2bQKtBDW0ROJE0HTXyumg,Jesse Laura,-36.8629792,174.6482405,"288 Te Atatu Road, Te Atatū South, Auckland","restaurant,food,point_of_interest,establishment",restaurant
ChIJacqk4I1BDW0RfsFbeVFKrok,Chow Time,-36.84453909999999,174.6519314,"1/543 Te Atatu Road, Te Atatū Peninsula, Auckland","restaurant,food,point_of_interest,establishment",restaurant
ChIJTyICPlhADW0Rg6PppH1X9J8,One Sip Coffee and catering,-36.8649348,174.6467454,"228 Edmonton Road, Te Atatū South, Auckland","cafe,restaurant,food,point_of_interest,establishment",restaurant
ChIJ0fAX_VlADW0RkXFsiNso1gE,Double Happy Chinese Takeaways,-36.8650352,174.6464198,"232 Edmonton Road, Te Atatū South, Auckland","meal_takeaway,restaurant,food,point_of_interest,establishment",restaurant
ChIJBeyax15ADW0R-6duCCVFDJo,Crumpy's,-36.8597855,174.6440245,"76 Flanshaw Road, Te Atatū South, Auckland","meal_takeaway,restaurant,food,point_of_interest,establishment",restaurant
ChIJKQ-0CWRBDW0R18HXUsYgy04,Big Bang Burgers,-36.8431832,174.6531395,"80 Gunner Drive, Te Atatū Peninsula, Auckland","restaurant,food,point_of_interest,establishment",restaurant
ChIJ8TB3MetBDW0RGC25QK_WQrA,Khawhom Thai Restaurant,-36.8431832,174.6531395,"80 Gunner Drive, Te Atatū Peninsula, Auckland","restaurant,food,point_of_interest,establishment",restaurant
ChIJ64wG2YVADW0Rplk5MdcxT_A,Sushi Ami,-36.843064,174.6533362,"5/80 Gunner Drive, Te Atatū Peninsula, Auckland","restaurant,food,point_of_interest,establishment",restaurant
ChIJmRyBFnFBDW0R4kv-941SnvQ,Mr Illingsworth,-36.8432192,174.6520129,"571 Te Atatu Road, Te Atatū Peninsula, Auckland","bar,restaurant,food,point_of_interest,establishment",restaurant
ChIJQdw9VwBBDW0RwCT3uapHyGM,AsianFusionDinner,-36.8432341,174.6519829,"2/571 Te Atatu Road, Te Atatū Peninsula, Auckland","restaurant,food,point_of_interest,establishment",restaurant
ChIJ4f9DR4ZADW0RIzarKWRfMkE,Et Tu Bistro,-36.84340329999999,174.6514474,"532 Te Atatu Road, Te Atatū Peninsula, Auckland","restaurant,food,point_of_interest,establishment",restaurant
ChIJ1QpoRIZADW0RYlnijRyIYvg,Haddad Kebab & Takeaways,-36.8430085,174.651469,"538 Te Atatu Road, Te Atatū Peninsula, Auckland","restaurant,food,point_of_interest,establishment",restaurant
ChIJ2_UhWoZADW0RjVacQn9mZP0,Golden Key Takeaways,-36.84242409999999,174.6515361,"546 Te Atatu Road, Waitakere, Auckland","restaurant,food,point_of_interest,establishment",restaurant
ChIJ2_UhWoZADW0R9tUHCf9Iuac,"Sushi & Bento, Donburi",-36.8424299,174.6515187,"546b Te Atatu Road, Te Atatū Peninsula, Auckland","restaurant,food,point_of_interest,establishment",restaurant
ChIJu1C3MWxHDW0RwYy9YsxBuxA,Happy Takeaways,-36.8538768,174.7178249,"182 Garnet Road, Westmere, Auckland","meal_takeaway,restaurant,food,point_of_interest,establishment",restaurant
ChIJH2vXXTxHDW0RzXGGR2fOOPs,The Corner Cafe,-36.8655441,174.7069728,"157 Point Chevalier Road, Point Chevalier, Auckland","cafe,restaurant,food,point_of_interest,establishment",restaurant
ChIJ7zRhlkZHDW0RN658FtMXHxk,The Pt Chev Beach Cafe,-36.8534609,174.7039808,"506 Point Chevalier Road, Point Chevalier, Auckland","cafe,restaurant,food,point_of_interest,establishment",restaurant
ChIJVQgzXzxHDW0RLWsc8-WOXhk,Twisted Tomato cafe & eatery,-36.865922,174.707134,"149 Point Chevalier Road, Point Chevalier, Auckland","cafe,restaurant,food,point_of_interest,store,establishment",restaurant
ChIJrXL5NGxHDW0Reeni9keCek0,Westmere Roast,-36.8541792,174.718051,"158 Garnet Road, Westmere, Auckland","restaurant,food,point_of_interest,establishment",restaurant
ChIJ1bK-dBhHDW0RE7wELDD6bPI,KFC,-36.8701988,174.7115693,"1170 Great North Road, Point Chevalier, Auckland","meal_takeaway,restaurant,food,point_of_interest,establishment",restaurant
ChIJSR_BelNHDW0Ru0-XPGPKp0k,Tanwa Thai,-36.8635853,174.7048538,"224 Point Chevalier Road, Point Chevalier, Auckland","meal_takeaway,restaurant,food,point_of_interest,establishment",restaurant
ChIJqaC5DTxHDW0Ru1UXOlyp32I,Francesca's Pizzeria,-36.8644239,174.7058994,"201 Point Chevalier Road, Point Chevalier, Auckland","restaurant,food,point_of_interest,establishment",restaurant
ChIJXZZOXjxHDW0REjOCgdC1EaQ,Gourmet Wok,-36.86584869999999,174.707043,"153 Point Chevalier Road, Point Chevalier, Auckland","restaurant,food,point_of_interest,establishment",restaurant
ChIJ11JxuiJHDW0RYiNSPhZvs_U,Domino's Pizza Point Chevalier,-36.8695123,174.7098899,"39 Point Chevalier Road, Point Chevalier, Auckland","meal_delivery,meal_takeaway,restaurant,food,point_of_interest,establishment",restaurant
ChIJG_fLIhhHDW0RU7yguvcT43c,McDonald's PT CHEVALIER,-36.869467,174.711915,"1159/1161 Great North Road, Point Chevalier, Auckland","restaurant,food,point_of_interest,establishment",restaurant
ChIJ5w2a5BZHDW0RyM-BM384ldY,Smoke and Flame,-36.8696612,174.7098622,"35 Point Chevalier Road, Point Chevalier, Auckland","meal_takeaway,restaurant,food,point_of_interest,establishment",restaurant
ChIJtR-hbQhHDW0Rv7YM2Yu1icQ,The Beagle Bagel co,-36.8692046,174.7105562,"16 Huia Road, Point Chevalier, Auckland","bakery,restaurant,food,point_of_interest,store,establishment",restaurant
ChIJkSSzlthHDW0RiRX3YhQl4xo,You’n Me Sushi,-36.8699065,174.7103972,"Unit F/1197-1205 Great North Road, Point Chevalier, Auckland","meal_takeaway,restaurant,food,point_of_interest,establishment",restaurant
ChIJH_fg2ZVHDW0RYRaUT7lQ9Ck,The Greek House Restaurant,-36.8700054,174.7102506,"11 Point Chevalier Road, Point Chevalier, Auckland","restaurant,food,point_of_interest,establishment",restaurant
ChIJI4vOOmxHDW0RgyiviRmFzck,Seabreeze,-36.853848,174.7177289,"184 Garnet Road, Westmere, Auckland","cafe,restaurant,food,point_of_interest,establishment",restaurant
ChIJu5wAkE9HDW0R379BbLtMCcs,ESARN ROCKET Thai Street Food,-36.8541739,174.7180724,"170 Garnet Road, Westmere, Auckland","meal_takeaway,restaurant,food,point_of_interest,establishment",restaurant
ChIJ5ZkNhgClC20Rg-cKAOMJxOo,Ragtag,-36.8542437,174.7181346,"162 Garnet Road, Westmere, Auckland","restaurant,food,point_of_interest,establishment",restaurant
ChIJCaJ0mk5HDW0Rw48VjB16Pvw,Good Dog Bad Dog Point Chevalier,-36.8699256,174.7111505,"Suite 4/1179 Great North Road, Point Chevalier, Auckland","restaurant,food,point_of_interest,establishment",restaurant
ChIJZ5HPLmxHDW0R32RbOtPFiwQ,The Fish & Chip Shop Westmere,-36.8535208,174.7180534,"127 West End Road, Westmere, Auckland","restaurant,food,point_of_interest,establishment",restaurant
ChIJXxYbXvNIDW0RbwbYg3rAC-M,Bon Sushi Pt Chev,-36.870952,174.710019,"1236 Great North Road, Point Chevalier, Auckland","restaurant,food,point_of_interest,establishment",restaurant
ChIJ3bFgo4daBQYRJyFKe1ItBFM,Curry Fever Indian Takeaway,-36.8708073,174.7103352,"1224 Great North Road, Point Chevalier, Auckland","meal_delivery,meal_takeaway,restaurant,food,point_of_interest,establishment",restaurant
ChIJ0yANdhhHDW0RPnUBWZGOGHQ,Hong Kong Garden Takeaways,-36.8705165,174.710812,"1204 Great North Road, Point Chevalier, Auckland","meal_takeaway,restaurant,food,point_of_interest,establishment",restaurant
ChIJiYlYadVHDW0R0kj03Pfi_9w,Hungry Time,-36.8706412,174.7106694,"1212 Great North Road, Point Chevalier, Auckland","meal_takeaway,restaurant,food,point_of_interest,establishment",restaurant
ChIJAyCAaNVHDW0RLuj5rXIPUmc,Wapiti Bar,-36.8710844,174.709984,"4 Carrington Road, Point Chevalier, Auckland","bar,night_club,meal_takeaway,restaurant,food,point_of_interest,establishment",restaurant
ChIJpcAeJbdHDW0REMXWc0RFje4,Back to the Kitchen,-36.8710636,174.710028,"5 Carrington Road, Point Chevalier, Auckland","restaurant,food,point_of_interest,establishment",restaurant
ChIJqQ4RMhhHDW0RJgC3TMxo-50,Harleys Bar & Restaurant,-36.8695655,174.7128894,"1130 Great North Road, Point Chevalier, Auckland","bar,restaurant,food,point_of_interest,establishment",restaurant
ChIJd4joWqRHDW0R8hXgegsitvE,The Surrey Hotel,-36.8663862,174.7392079,"465 Great North Road, Grey Lynn, Auckland","lodging,restaurant,food,point_of_interest,establishment",restaurant
ChIJNyOPsJZHDW0RH8nBDbSdcxA,Chapel Bar & Bistro,-36.85504239999999,174.7463728,"147 Ponsonby Road, Ponsonby, Auckland","bar,restaurant,food,point_of_interest,establishment",restaurant
ChIJJVc5VHVHDW0R3-HvICWijWY,Malt Public House,-36.8588405,174.7312776,"442 Richmond Road, Grey Lynn, Auckland","restaurant,bar,food,point_of_interest,establishment",restaurant
ChIJhZw_bplHDW0RHs1wGa8UKlA,Ripe Deli in Grey Lynn,-36.85492449999999,174.7386958,"172/174 Richmond Road, Grey Lynn, Auckland","bakery,meal_takeaway,restaurant,food,point_of_interest,store,establishment",restaurant
ChIJDcmj0pVHDW0RwdGqnMkIPLI,BurgerFuel Ponsonby,-36.85723,174.747853,"114 Ponsonby Road, Grey Lynn, Auckland","restaurant,food,point_of_interest,establishment",restaurant
ChIJQ3yEHpFHDW0Rka8ZeCQTnsc,Prego Restaurant,-36.852697,174.744828,"226 Ponsonby Road, Ponsonby, Auckland","restaurant,food,point_of_interest,establishment",restaurant
ChIJDcmj0pVHDW0R9GZAD-UjNW8,Longroom & Longshot,-36.8572011,174.7478098,"114 Ponsonby Road, Grey Lynn, Auckland","bar,cafe,night_club,restaurant,food,point_of_interest,establishment",restaurant
ChIJQa0pSpBHDW0R0N07NJ99kA0,Bambina,-36.850452,174.7442027,"268 Ponsonby Road, Ponsonby, Auckland","cafe,restaurant,food,point_of_interest,establishment",restaurant
ChIJQ_Cf13lHDW0RmndifaSy7AE,Empress Garden Restaurant,-36.8480833,174.7284,"227 Jervois Road, Herne Bay, Auckland","restaurant,food,point_of_interest,establishment",restaurant
ChIJk8G79XVHDW0RkXAlB9EP73M,THE BRUNCHERY,-36.8553139,174.7307083,"318 Richmond Road, Grey Lynn, Auckland","cafe,restaurant,food,point_of_interest,establishment",restaurant
ChIJ4VwbgIVHDW0RbrSpXbsyD5s,Jervois Steak House,-36.8461677,174.7418873,"70 Jervois Road, Ponsonby, Auckland","restaurant,food,point_of_interest,establishment",restaurant
ChIJ0xMLnINHDW0R0nNTLmXV27Y,Andiamo Eatery,-36.84551250000001,174.7358568,"194 Jervois Road, Ponsonby, Auckland","restaurant,food,point_of_interest,establishment",restaurant
ChIJLZgjtZZHDW0RUwM4wudwDOk,Gigi Ponsonby,-36.8543551,174.7461662,"165 Ponsonby Road, Ponsonby, Auckland","restaurant,food,point_of_interest,establishment",restaurant
ChIJUXIpIpNHDW0RgaGk0twzrEQ,NISHIKI FREEMANS BAY,-36.852546,174.7511179,"100 Wellington Street, Freemans Bay, Auckland","restaurant,food,point_of_interest,establishment",restaurant
ChIJoa_TGJ5HDW0RisKq0hNcJzo,Hell Pizza Grey Lynn,-36.85484619999999,174.7317825,"280 Richmond Road, Grey Lynn, Auckland","meal_delivery,meal_takeaway,restaurant,food,point_of_interest,establishment",restaurant
ChIJ3XWC2I9HDW0RrsYuqAsO9Ws,Turkish Cafe and kebab Ponsonby,-36.8480544,174.7437615,"320A Ponsonby Road, Ponsonby, Auckland","restaurant,food,point_of_interest,establishment",restaurant
ChIJsR9ReIRHDW0RW1qeho-cCA0,Jervois Rd Wine Bar + Kitchen,-36.8454315,174.7369174,"170 Jervois Road, Herne Bay, Auckland","bar,restaurant,food,point_of_interest,establishment",restaurant
ChIJZaX8C6RHDW0RKL_YKwvfMKk,Soul Thai,-36.8651401,174.7378524,"158 Williamson Avenue, Grey Lynn, Auckland","meal_delivery,meal_takeaway,restaurant,food,point_of_interest,establishment",restaurant
ChIJP1-mcZdHDW0RabjxHE2fxGE,Cocoro,-36.85639,174.742858,"56a Brown Street, Ponsonby, Auckland","restaurant,food,point_of_interest,establishment",restaurant
ChIJ-3ZJ-YJHDW0R3S34xxdxNlU,The Italian Job Restaurant,-36.8460593,174.733818,"242 Jervois Road, Ponsonby, Auckland","restaurant,food,point_of_interest,establishment",restaurant
ChIJKUI6u0MUDW0RuDcjpLka82Q,Dante's Pizzeria Ponsonby,-36.8562827,174.7462369,"Ponsonby Centre 136 Ponsonby Road, Ponsonby, Auckland","restaurant,food,point_of_interest,establishment",restaurant
ChIJXStrtZVHDW0R874ZkzGOPDc,Cafe 39,-36.85735249999999,174.7486954,"39 Ponsonby Road, Ponsonby, Auckland","cafe,bar,restaurant,food,point_of_interest,establishment",restaurant
ChIJ-QfqopZHDW0RMU_yTiLH1No,Sol’s Place,-36.8556193,174.7466796,"121 Ponsonby Road, Ponsonby, Auckland","cafe,restaurant,food,store,point_of_interest,establishment",restaurant
ChIJBdyvgpZHDW0RzGX4ivTGnMM,Murder Burger,-36.8564844,174.7471865,"4/95 Ponsonby Road, Grey Lynn, Auckland","restaurant,food,point_of_interest,establishment",restaurant
ChIJD64rspVHDW0RVcHFffY6V2w,Thai House Restaurant,-36.8575597,174.7490336,"25 Ponsonby Road, Grey Lynn, Ponsonby","restaurant,food,point_of_interest,establishment",restaurant
ChIJbwYKapVHDW0RxzTZg8kRrpo,3 tigers Restaurant,-36.8589889,174.7511113,"42 Ponsonby Road, Grey Lynn, Auckland","bar,restaurant,food,point_of_interest,establishment",restaurant
ChIJ64IJm49HDW0RBgLh5PfLoJU,Fusion Cafe,-36.8467015,174.7427968,"32 Jervois Road, Ponsonby, Auckland","cafe,restaurant,food,point_of_interest,establishment",restaurant
ChIJPzH5zY9HDW0RQ6E4zQngMQs,Sidart Restaurant,-36.8482513,174.7443542,"283 Ponsonby Road, Ponsonby, Auckland","restaurant,food,point_of_interest,establishment",restaurant
ChIJiWGOnINHDW0R0oe5A-S_Kss,Taisho,-36.84558359999999,174.7361221,"190 Jervois Road, Herne Bay, Auckland","restaurant,food,point_of_interest,establishment",restaurant
ChIJJZLYsb9HDW0RIeA-wfUgAdU,McDonald's Grey Lynn,-36.8620256,174.7504064,"102/112 Great North Road, Grey Lynn, Auckland","restaurant,food,point_of_interest,establishment",restaurant
ChIJSymAsJZHDW0RYeVag-ZxRc0,Yuzu Japanese Restaurant,-36.85508539999999,174.7463461,"145 Ponsonby Road, Ponsonby, Auckland","restaurant,food,point_of_interest,establishment",restaurant
ChIJYe13GqRHDW0Rgq009w6IvUg,Pizza Hut,-36.8656207,174.7374402,"570 Great North Road, Grey Lynn, Auckland","meal_delivery,meal_takeaway,restaurant,food,point_of_interest,establishment",restaurant
ChIJKWKcBJFHDW0Rhw078jX8lEw,KFC,-36.8521771,174.7447065,"232 Ponsonby Road, Ponsonby, Auckland","meal_takeaway,restaurant,food,point_of_interest,establishment",restaurant
ChIJB3LhgY1HDW0RI5-7-ck-G_w,Queenies Caffé & Vino,-36.8489899,174.7498593,"24 Spring Street, Freemans Bay, Auckland","cafe,bar,restaurant,food,point_of_interest,establishment",restaurant
ChIJTXFVJpBHDW0RWWIvKaAP9qg,Bono Pizzeria,-36.845642,174.7350547,"218 Jervois Road, Herne Bay, Auckland","meal_delivery,bar,meal_takeaway,restaurant,food,point_of_interest,establishment",restaurant
ChIJO_IZ96NHDW0RNp0dHMAhQpc,Grey Lynn Turkish Kebab,-36.8643982,174.7375474,"563 Great North Road, Grey Lynn, Auckland","restaurant,food,point_of_interest,establishment",restaurant
ChIJuQ-nymo7DW0RVnfDLmDvsWs,Wise Boys Burgers Grey Lynn,-36.8647355,174.7372246,"604 Great North Road, Grey Lynn, Auckland","restaurant,food,point_of_interest,establishment",restaurant
ChIJzx1I9qNHDW0RmbUfWDSzkls,Tart Bakery (Grey Lynn),-36.8646623,174.7376347,"555 Great North Road, Grey Lynn, Auckland","bakery,store,restaurant,food,point_of_interest,establishment",restaurant
ChIJfXoJuJZHDW0RlKjeE8cSG-Y,Mexicali Fresh Ponsonby,-36.855061,174.7459937,"166 Ponsonby Road, Grey Lynn, Auckland","restaurant,food,point_of_interest,establishment",restaurant
ChIJCWSElJZHDW0RV3h6-1E_daw,Tokyo Club Japanese Izakaya,-36.8561416,174.7462683,"4 Brown Street Ponsonby Central, Ponsonby, Auckland","restaurant,food,point_of_interest,establishment",restaurant
ChIJO2OwqoNHDW0RIklnT_ec2fo,Dear Jervois,-36.8457605,174.7342038,"234 Jervois Road, Herne Bay, Auckland","cafe,meal_takeaway,store,restaurant,food,point_of_interest,establishment",restaurant
ChIJV-yyhoNHDW0R8kUTleGVabo,Herne Bay Sushi,-36.84557249999999,174.7365011,"176 Jervois Road, Herne Bay, Auckland","meal_delivery,meal_takeaway,restaurant,food,point_of_interest,establishment",restaurant
ChIJ4-rG-JBHDW0RwZEHOZGSjjc,Little Bird Kitchen,-36.8517462,174.7443671,"Summer Street &, Ponsonby Road, Ponsonby, Auckland","cafe,restaurant,food,point_of_interest,establishment",restaurant
ChIJB8_UHpFHDW0RT6IzOEOwwMU,Boy & Bird,-36.852774,174.7449718,"222 Ponsonby Road, Ponsonby, Auckland","bar,restaurant,food,point_of_interest,establishment",restaurant
ChIJC5Om_5BHDW0RYIpcsidrOQ8,Farina,-36.851734,174.7445744,"244 Ponsonby Road, Ponsonby, Auckland","bar,restaurant,food,point_of_interest,establishment",restaurant
ChIJY5TqAZFHDW0Rq9poKra5-4c,The Tinted Rose,-36.8519003,174.744688,"242 Ponsonby Road, Ponsonby, Auckland","bar,restaurant,food,point_of_interest,establishment",restaurant
ChIJDwwNeYRHDW0R6CVXXf7s9sc,Paris Butter,-36.8454642,174.7370108,"166 Jervois Road, Herne Bay, Auckland","restaurant,food,point_of_interest,establishment",restaurant
ChIJSeymbvxHDW0R-sg0IfFX21s,Miann Ponsonby,-36.8565442,174.7460635,"136 Ponsonby Road, Ponsonby, Auckland","restaurant,food,point_of_interest,establishment",restaurant
ChIJbfK6jZZHDW0R6eNBOsL1H3I,Foxtrot Parlour,-36.8565226,174.7461318,"7 Richmond Road, Grey Lynn, Auckland","restaurant,food,point_of_interest,establishment",restaurant
ChIJO3UZkZZHDW0RMlE6Mhn950g,El Sizzling Chorizo,-36.8562749,174.7461376,"136/138 Ponsonby Road, Ponsonby, Auckland","restaurant,food,point_of_interest,establishment",restaurant
ChIJ5SZ-k5ZHDW0R62Tu_oeGkKI,Ponsonby Crêpes,-36.8562596,174.7461847,"Ponsonby Central, 136-138 Ponsonby Road, Ponsonby, Auckland","restaurant,food,point_of_interest,establishment",restaurant
ChIJLyQ-TJBHDW0R0MXArEz92no,Mekong Baby,-36.8507393,174.744328,"262 Ponsonby Road, Ponsonby, Auckland","restaurant,food,point_of_interest,establishment",restaurant
ChIJH7sEmpZHDW0RQ5qlm-TiyzM,Chop Chop Noodle House,-36.8561357,174.746312,"140 Ponsonby Road Ponsonby Central, Ponsonby, Auckland","bar,restaurant,food,point_of_interest,establishment",restaurant
ChIJY-dslpZHDW0RJosV4LRFPgQ,The Blue Breeze Inn,-36.8560223,174.7463801,"146 Ponsonby Road Ponsonby Central, Ponsonby, Auckland","restaurant,food,point_of_interest,establishment",restaurant
ChIJbarFkJZHDW0RyygDq3G2Mg4,Ponsonby Central,-36.8561426,174.7464187,"136/146 Ponsonby Road, Ponsonby, Auckland","restaurant,grocery_or_supermarket,store,food,point_of_interest,establishment",restaurant
ChIJaT52keVHDW0RiopWv4nISw4,Legacy Airedale Hotel Auckland,-36.8533126,174.7636085,"380 Queen Street, Auckland Central, Auckland","lodging,bar,restaurant,food,point_of_interest,establishment",restaurant
ChIJZznrmPtHDW0RHYbDKLtrmhI,Hotel DeBrett,-36.846875,174.7670032,"2 High Street, Auckland Central, Auckland","lodging,bar,restaurant,food,point_of_interest,establishment",restaurant
ChIJXSU0DdxHDW0Rifw7lWR4-Cs,Red Elephant,-36.8655141,174.7668203,"195 Khyber Pass Road, Newmarket, Auckland","restaurant,food,point_of_interest,establishment",restaurant
ChIJS_i53flHDW0R6H8fEWgxVfk,Soul Bar & Bistro,-36.8434055,174.7630167,"Corner of Lower Hobson Street, Customs Street West, Auckland Central, Auckland","bar,restaurant,food,point_of_interest,establishment",restaurant
ChIJfc8xLvxHDW0Rayfg8w4AK-s,Mexico Britomart,-36.84522269999999,174.7702456,"23 Britomart Place, Auckland Central, Auckland","restaurant,food,point_of_interest,establishment",restaurant
ChIJ94UFpuhHDW0RQ7B1sFdz7IM,Le Garde-Manger,-36.8557591,174.7625981,"466 Queen Street, Auckland Central, Auckland","cafe,restaurant,food,point_of_interest,establishment",restaurant
ChIJGUKJkPJHDW0RBfTnfQJRY28,La Zeppa Kitchen and Bar,-36.8485981,174.754143,"33 Drake Street, Freemans Bay, Auckland","restaurant,bar,food,point_of_interest,establishment",restaurant
ChIJrfbfNupHDW0RNiIYcsHVgD4,Coco's Cantina,-36.858205,174.7567203,"374 Karangahape Road, Newton, Auckland","bar,restaurant,food,point_of_interest,establishment",restaurant
ChIJfS_yGPtHDW0RtLDv_6JBWpw,Mezze Bar,-36.848399,174.7659346,"Durham Street East, Auckland Central, Auckland","restaurant,cafe,food,point_of_interest,establishment",restaurant
ChIJSeImZ_pHDW0RqKQnb-g0Vks,The Shakespeare Hotel I Restaurant & Bar I Pub I Micro Brewery,-36.8467619,174.7640642,"61 Albert Street, Auckland Central, Auckland","lodging,bar,restaurant,food,point_of_interest,establishment",restaurant
ChIJQdpUV_dHDW0RjhWTkhzitKM,Yakitori Daikoku (Former Zen),-36.8437446,174.76275,"104 Customs Street West, Auckland Central, Auckland","restaurant,food,point_of_interest,establishment",restaurant
ChIJVetCxvFHDW0RQ8ShtVS4V9s,TOTO PIZZA,-36.8470028,174.7584161,"5 Hardinge Street, Auckland Central, Auckland","restaurant,food,point_of_interest,establishment",restaurant
ChIJu_W8m_5HDW0R6P934Y5M3HA,Ebisu,-36.8441657,174.7698925,"116 – 118 Quay Street, Auckland Central, Auckland","restaurant,food,point_of_interest,establishment",restaurant
ChIJxS23TPlHDW0Ri4URDCadHsE,Daikoku on Quay St,-36.8437389,174.7679919,"148 Quay Street, CBD, Auckland","restaurant,food,point_of_interest,establishment",restaurant
ChIJJWdsrvFHDW0Rg5WQfgCae5k,Empire Tavern,-36.847534,174.759913,"137 Victoria Street West, Auckland Central, Auckland","cafe,bar,restaurant,food,point_of_interest,establishment",restaurant
ChIJA4LbXPFHDW0Rn70bXnumoHY,Oyster and Chop,-36.8430991,174.7625968,"Market Place, Viaduct, Auckland","restaurant,food,point_of_interest,establishment",restaurant
ChIJpb9M7PtHDW0RsXY1eTjNNtA,Angus Steak House,-36.84561789999999,174.76744,"8 Fort Lane, Auckland Central, Auckland","restaurant,food,point_of_interest,establishment",restaurant
ChIJPyXjE_BHDW0Rt6SKERs_saM,Fortuna Buffet Restaurant,-36.84875489999999,174.7618758,"SkyCity Auckland, Level 3/72 Victoria Street West, Auckland Central, Auckland","restaurant,food,point_of_interest,establishment",restaurant
ChIJL8PaI-VHDW0RYzJZg8waUdk,Nol Bu Ne Restaurant,-36.8509095,174.765046,"10 Wellesley Street East, Auckland Central, Auckland","restaurant,food,point_of_interest,establishment",restaurant
ChIJm6haAfxHDW0RfTNOMfq0LA4,Grand Harbour,-36.8446451,174.7603067,"Cnr Customs Street West and, Pakenham Street East, CBD, Auckland","restaurant,food,point_of_interest,establishment",restaurant
ChIJk6cXwQ5IDW0RSZmWVjdF4Ms,La Porchetta Restaurant Parnell,-36.85438109999999,174.7795432,"167-171 Parnell Road, Parnell, Auckland","restaurant,meal_delivery,meal_takeaway,food,store,point_of_interest,establishment",restaurant
ChIJDdjwFftHDW0ReXWjeVQSgGc,Vivace Restaurant,-36.8460489,174.7700296,"85 Fort Street, Central City, Auckland","restaurant,food,point_of_interest,establishment",restaurant
ChIJz3q1xQ5IDW0RRwrb1tdLJ38,Oh Calcutta,-36.854089,174.77936,"151 Parnell Road, Parnell, Auckland","restaurant,food,point_of_interest,establishment",restaurant
ChIJK7EteOlHDW0RvtNSwueFUNw,Satya Chai Lounge,-36.8574164,174.7582876,"271 Karangahape Road, Auckland Central, Auckland","restaurant,food,point_of_interest,establishment",restaurant
ChIJ0bCnTPhHDW0RFid3xJfzu9U,Wildfire Restaurant Auckland,-36.8420422,174.7643944,"15 Clearwater Cove, West Harbour, Auckland","bar,restaurant,food,point_of_interest,establishment",restaurant
ChIJc8vvxPlHDW0R7DS-VjyntNs,Danny Doolan's,-36.8426368,174.7637295,"204 Quay Street, West, Auckland","bar,restaurant,food,point_of_interest,establishment",restaurant
ChIJYWzUL-pHDW0RHpNvJVFBxY4,Sri Pinang,-36.8581532,174.7571103,"356 Karangahape Road, Auckland Central, Auckland","restaurant,food,point_of_interest,establishment",restaurant
ChIJebXCx_1HDW0RJzrfajz_Jr4,Tanpopo Ramen,-36.8459964,174.7713515,"13 Anzac Avenue, Auckland Central, Auckland","restaurant,food,point_of_interest,establishment",restaurant
ChIJc0z24sJHDW0RJmeoHFIgw-w,Bian Sushi & Donburi,-36.862975,174.761047,"183 Symonds Street, Eden Terrace, Auckland","restaurant,food,point_of_interest,establishment",restaurant
ChIJs9RN4vlHDW0R9BgvM__mGMw,Portofino,-36.8434502,174.7626111,"87/89M Customs Street West, Auckland Central, Auckland","restaurant,food,point_of_interest,establishment",restaurant
ChIJ6TAx__tHDW0RlkMZG6RqEy0,Cafe Hanoi,-36.8448581,174.7685407,"Tuawhiti Lane, 27 Galway Street, Britomart, Auckland","restaurant,food,point_of_interest,establishment",restaurant
ChIJZwhmlfpHDW0Ra9wvju-wbFc,Tony's Lord Nelson Restaurant,-36.8485002,174.7640584,"1/37 Victoria Street West, Auckland Central, Auckland","restaurant,bar,food,point_of_interest,establishment",restaurant
ChIJgfHtyg1IDW0RsyWnvBj-RA0,Java Room,-36.8571445,174.7813181,"317 Parnell Road, Parnell, Auckland","meal_delivery,meal_takeaway,restaurant,food,point_of_interest,establishment",restaurant
ChIJl7GXK_tHDW0R-uGraC0wB8o,Faro Korean BBQ CBD branch,-36.8496788,174.7657759,"5 Lorne Street, Auckland Central, Auckland","restaurant,food,point_of_interest,establishment",restaurant
ChIJv6C2jHZIDW0RQ9Gm5E28_o8,Sun World Seafood Restaurant 新世界海鲜酒家,-36.86739679999999,174.7763238,"2A York Street, Newmarket, Auckland","restaurant,food,point_of_interest,establishment",restaurant
ChIJoTHtH3dIDW0R2zmHr1xH1M4,Pearl Garden Restaurant,-36.8692805,174.7773424,"Level 1/1 Teed Street, Newmarket, Auckland","meal_takeaway,restaurant,food,point_of_interest,establishment",restaurant
ChIJR4jZj61IDW0RFbGCdgYMHnQ,Domino's Pizza Queen St (Elliott St),-36.8491042,174.7644083,"LEVEL 5/205 Queen Street, Auckland City, Auckland","meal_delivery,meal_takeaway,restaurant,food,point_of_interest,establishment",restaurant
ChIJ11dVbfBHDW0RrTQPtgLdDek,Orbit 360° Dining,-36.84849819999999,174.7621796,"72 - 78 Victoria Street West Level 52, Sky Tower, Victoria Street West, Auckland Central, Auckland","restaurant,food,point_of_interest,establishment",restaurant
ChIJlTaV9A9IDW0RUS9JmPWjqcI,The Paddington,-36.8505813,174.7823721,"117 Saint Georges Bay Road, Parnell, Auckland","bar,restaurant,food,point_of_interest,establishment",restaurant
ChIJ8X4uu3ZIDW0RYsZ-UAnTNbE,Safran Restaurant Cafe,-36.866989,174.7775593,"71 Davis Crescent, Newmarket, Auckland","restaurant,food,point_of_interest,establishment",restaurant
ChIJlb5ikHNIDW0RVgrgFeLcg3E,Nickie's Thai Restaurant,-36.86466179999999,174.7793856,"34 Broadway, Newmarket, Auckland","restaurant,food,point_of_interest,establishment",restaurant
ChIJhbquo3ZIDW0RpQyZqBJLAsU,Archie's Restaurant & Pizzeria,-36.8668909,174.7775429,"63 Davis Crescent, Newmarket, Auckland","bar,grocery_or_supermarket,cafe,meal_takeaway,store,restaurant,food,point_of_interest,establishment",restaurant
ChIJs9RN4vlHDW0RYwirMiluk9s,Sushi Train,-36.8436078,174.7632444,"85/89 Customs Street West, Auckland Central, Auckland","restaurant,food,point_of_interest,establishment",restaurant
ChIJa9koCOlHDW0RmuTmDDuXfPY,Little Turkish Cafe,-36.8576206,174.7594754,"217 Karangahape Road, Auckland Central, Auckland","restaurant,food,point_of_interest,establishment",restaurant
ChIJtZKxxg9IDW0R2aEnezRg0PU,Cibo,-36.85244739999999,174.7829914,"91 Saint Georges Bay Road, Parnell, Auckland","restaurant,food,point_of_interest,establishment",restaurant
ChIJL36E4_lHDW0RSW0x-Bexutk,"The Fox, A London Pub",-36.84339430000001,174.7634941,"85/87 Customs Street West, Auckland Central, Auckland","bar,restaurant,food,point_of_interest,establishment",restaurant
ChIJ7xWJOOVHDW0RPwzvCb8Tpkg,Father Ted's Original Irish Pub,-36.8506075,174.7640255,"1 Wellesley Street West, Auckland Central, Auckland","bar,restaurant,food,point_of_interest,establishment",restaurant
ChIJk7fiDvBHDW0R9qAp_JPxDeE,Depot,-36.8490404,174.762373,"86 Federal Street, Auckland Central, Auckland","restaurant,food,point_of_interest,establishment",restaurant
ChIJo6kx__tHDW0RfYZhUz-xZUI,Perch Britomart,-36.8446162,174.767925,"23 Galway Street, Britomart, Auckland","restaurant,bar,food,point_of_interest,establishment",restaurant
ChIJ3wj_LQVIDW0RhW1-R0IMQ7s,Rose Park Hotel Auckland,-36.850772,174.785569,"92-102 Gladstone Road, Parnell, Auckland","lodging,restaurant,food,point_of_interest,establishment",restaurant
ChIJI66txXJIDW0R6opk_jI5AwY,Domain & Ayr Cafe,-36.8621728,174.7820102,"492 Parnell Road, Parnell, Auckland","cafe,store,restaurant,food,point_of_interest,establishment",restaurant
ChIJtXBDKAxIDW0R_Lad_GU76uU,Non Solo Pizza,-36.8560106,174.7806386,"1052/259 Parnell Road, Parnell, Auckland","bar,restaurant,food,point_of_interest,establishment",restaurant
ChIJu1dbyw1IDW0Rdf6Vmq0RISQ,Moto Sushi Bar,-36.8569694,174.7812176,"305 Parnell Road, Parnell, Auckland","restaurant,food,point_of_interest,establishment",restaurant
ChIJoV8FSQRIDW0RHZxZL6J_Oww,KFC,-36.8476606,174.7800689,"10 Quay Street, Auckland Central, Auckland","meal_takeaway,restaurant,food,point_of_interest,establishment",restaurant
ChIJ8XFilg5IDW0Re7XWHPn459Q,Gion Japanese Restaurant,-36.8538644,174.7796678,"1/168 Parnell Road, Parnell, Auckland","restaurant,food,point_of_interest,establishment",restaurant
ChIJB7mKgg5IDW0Rf1sW9pOVLpQ,Di Mare Restaurant,-36.8560176,174.7803891,"9/251 Parnell Road, Parnell, Auckland","restaurant,food,point_of_interest,establishment",restaurant
ChIJU3EDAgVIDW0RI6Plr_3dT68,McDonald's Quay Street,-36.8475593,174.7796636,"12 Quay Street, Auckland Central, Auckland","restaurant,food,point_of_interest,establishment",restaurant
ChIJm4FfMg9IDW0R0VtANiAkhlM,The Sushi,-36.85232739999999,174.7787162,"86 Parnell Road, Parnell, Auckland","restaurant,food,point_of_interest,establishment",restaurant
ChIJt3rs2A5IDW0RMMSJ-cYyXnc,Subway,-36.8533978,174.779316,"3 Ground Floor/128 Parnell Road, Parnell, Auckland","meal_takeaway,restaurant,food,point_of_interest,establishment",restaurant
ChIJMe2yKglIDW0RDq9fOQJ3xLE,Sal's Authentic NY Pizza - Parnell,-36.853258,174.778602,"2 Heather Street, Parnell, Auckland","restaurant,food,point_of_interest,establishment",restaurant
ChIJE6XY2XJIDW0RXgTpK9hhgeU,Wintergarden Cafe - New Zealand,-36.85963899999999,174.773823,"20 Kiosk Road, Parnell, Auckland","cafe,restaurant,food,point_of_interest,establishment",restaurant
ChIJPbGNlQ5IDW0R4IWiUoStF3M,BurgerFuel Parnell,-36.85473999999999,174.779845,"187 Parnell Road, Parnell, Auckland","restaurant,food,point_of_interest,establishment",restaurant
ChIJa5ZgN3RIDW0RvvbSKQhrQVc,Pita Pit Newmarket,-36.8653504,174.7765102,"123 Carlton Gore Road, Newmarket, Auckland","restaurant,food,point_of_interest,establishment",restaurant
ChIJG6H5dWxIDW0RCsWRy5eRYpc,Shore Road Cafe,-36.8653154,174.7888352,"13 Shore Road, Remuera, Auckland","cafe,restaurant,food,point_of_interest,establishment",restaurant
ChIJ797y-w9IDW0RkFxTHJUeVJk,Barulho,-36.850879,174.7834766,"2-16 Watt Street, Parnell, Auckland","bar,restaurant,food,point_of_interest,establishment",restaurant
ChIJD-Jxgg5IDW0R6WguQTpkzJ8,The New Crown Range,-36.8558719,174.7806127,"251 Parnell Road, Parnell, Auckland","bar,liquor_store,restaurant,food,point_of_interest,store,establishment",restaurant
ChIJdQl8gg5IDW0RxqOJbbNxodc,Rumi,-36.8559265,174.7805292,"1/251 Parnell Road, Parnell, Auckland","restaurant,food,point_of_interest,establishment",restaurant
ChIJRwdYG0pIDW0R_9pvAf8AsxA,ampersand eatery,-36.863079,174.809616,"4/228 Orakei Road, Orakei, Auckland","restaurant,food,point_of_interest,establishment",restaurant
ChIJRwdYG0pIDW0RWqCLmMrHroQ,Bowl and Arrow Orakei,-36.86328849999999,174.8094999,"Orakei Bay Village Outside Farro Supermarket, 228 Orakei Road, Remuera, Auckland","cafe,restaurant,food,point_of_interest,establishment",restaurant
ChIJK51Flw5IDW0RtH598VWLLIk,Biskit Cafe & Kitchen,-36.8551961,174.7800863,"215 Parnell Road, Parnell, Auckland","cafe,restaurant,food,point_of_interest,establishment",restaurant
ChIJQRHs0A5IDW0RYYQbuM95da4,"TANK Parnell - Smoothies, Raw Juices, Salads & Wraps",-36.85357999999999,174.7791757,"125 Parnell Road, Parnell, Auckland","meal_takeaway,restaurant,food,point_of_interest,establishment",restaurant
ChIJ_Rfy1w5IDW0RmhfbMfpDYHM,Kebab King,-36.8531982,174.779277,"126 Parnell Road, Parnell, Auckland","restaurant,food,point_of_interest,establishment",restaurant
ChIJAzwr0Q5IDW0Rb8soHmmirAM,Pita Pit,-36.8534936,174.7790277,"123 Parnell Road, Parnell, Auckland","restaurant,food,point_of_interest,establishment",restaurant
ChIJM2aKyA1IDW0R8C_5aEw8jwM,La La Cafe,-36.85308319999999,174.7788132,"99 Parnell Road, Parnell, Auckland","cafe,restaurant,food,point_of_interest,establishment",restaurant
ChIJL-kmdHNIDW0RhDEJVFX8ynQ,Foundation On George,-36.8635825,174.7795383,"8 George Street, Newmarket, Auckland","cafe,restaurant,food,point_of_interest,establishment",restaurant
ChIJg4WhVARIDW0R1g5KVgRj4oo,Noodle Canteen,-36.84791509999999,174.7812965,"Shop 1/8 Quay Street, Auckland Central, Auckland","restaurant,food,point_of_interest,establishment",restaurant
ChIJzbiaSQRIDW0Ry2TqObWj6Y8,Domino's Pizza Quay St,-36.8478701,174.7811299,"8 Quay Street, Auckland Central, Auckland","meal_delivery,meal_takeaway,restaurant,food,point_of_interest,establishment",restaurant
ChIJ33T2SjNIDW0RUW6OxVziAgs,Good Day,-36.8562358,174.814928,"3/78 Coates Avenue, Orakei, Auckland","cafe,restaurant,food,point_of_interest,establishment",restaurant
ChIJU9oqSw9IDW0RNN_5R09PFfA,46 & York,-36.85154310000001,174.7782284,"46 Parnell Road, Parnell, Auckland","bar,restaurant,food,point_of_interest,establishment",restaurant
ChIJk894eRFIDW0RvEwwNXyrNAg,Gladstones Café Restaurant,-36.8560297,174.7867621,"12 Gladstone Road, Parnell, Auckland","restaurant,bar,food,point_of_interest,establishment",restaurant
ChIJXYmpJHdIDW0RnWdooExJL14,Aqua Cafe,-36.8656052,174.7782268,"2 Davis Crescent, Newmarket, Auckland","cafe,restaurant,food,point_of_interest,store,establishment",restaurant
ChIJ6WiNnQ5IDW0RZr5BkfrRwMc,Blue Elephant Thai Restaurant Parnell,-36.85574800000001,174.780435,"237 Parnell Road, Parnell, Auckland","meal_takeaway,restaurant,food,point_of_interest,establishment",restaurant
ChIJPZ2i3A5IDW0Rg58U1ri8agw,Portofino Parnell,-36.8537947,174.7795526,"156 Parnell Road, Parnell, Auckland","restaurant,food,point_of_interest,establishment",restaurant
ChIJZc--a-VHDW0RWRRYiHdzLZ4,Oko Dessert & Bar,-36.8655959,174.7773901,"143 Carlton Gore Road, Newmarket, Auckland","cafe,store,restaurant,food,point_of_interest,establishment",restaurant
ChIJ7YKoSQRIDW0RlpSE_adVhsA,Pizza Hut,-36.8476525,174.7802655,"20/8 Quay Street, Parnell, Auckland","meal_takeaway,meal_delivery,restaurant,food,point_of_interest,establishment",restaurant
ChIJK-iKXhBIDW0RhFiZ57QioFU,Rosie Parnell,-36.85238129999999,174.7861375,"82 Gladstone Road, Parnell, Auckland","restaurant,food,point_of_interest,establishment",restaurant
ChIJS8yT1hNIDW0R4akREuEzHX4,Catch a Fish Takeaway,-36.8527871,174.7860691,"6/64 Gladstone Road, Parnell, Auckland","meal_takeaway,restaurant,food,point_of_interest,establishment",restaurant
ChIJd6YZn3ZIDW0Rzj4N6Qmec54,HEIZO Teppanyaki Japanese Restaurant,-36.86658990000001,174.7773271,"3d Short Street, Newmarket, Auckland","restaurant,food,point_of_interest,establishment",restaurant
ChIJbTqNVKVJDW0R8TUOkO4UDxM,Pizza A Casa,-36.8637667,174.7981538,"44 Shore Road, Remuera, Auckland","meal_takeaway,restaurant,food,point_of_interest,establishment",restaurant
ChIJC8MEYCpJDW0RBfHf1Cl9B9g,The Sushi Truck,-36.86416940000001,174.7910874,"32B Shore Road, Remuera, Auckland","meal_takeaway,restaurant,food,point_of_interest,establishment",restaurant
ChIJqXqs6n5JDW0RIim7ZXv9ViI,Sushi On,-36.852766,174.7861167,"Shop 5/64 Gladstone Road, Parnell, Auckland","restaurant,food,point_of_interest,establishment",restaurant
ChIJAcluByZJDW0Rp9v1_bDZEbw,Presley Cassin Cassin,-36.8527373,174.7860754,"64 Gladstone Road, Parnell, Auckland","restaurant,food,point_of_interest,establishment",restaurant
ChIJ7TxjznZJDW0RMz63ufrF7aU,Garden View Restaurant,-36.8508951,174.7855964,"92/102 Gladstone Road, Parnell, Auckland","restaurant,food,point_of_interest,establishment",restaurant
ChIJ81bPK85JDW0R4QYA_OZt-04,Bird on a Wire Parnell,-36.8590899,174.7827546,"423 Parnell Road, Parnell, Auckland","restaurant,food,point_of_interest,establishment",restaurant
ChIJlT4XuS5JDW0Rqws63M4HsV0,The GF Depot,-36.8583822,174.78225,"379 Parnell Road, Parnell, Auckland","cafe,store,restaurant,food,point_of_interest,establishment",restaurant
ChIJW6M8bgBJDW0RGpEkTS4E3uE,I’m. I’m. V vic c,-36.8622216,174.8082827,"2/236 Orakei Road, Remuera, Auckland","restaurant,food,point_of_interest,establishment",restaurant
ChIJoWAlCh1JDW0RKy7no7Nu7Lo,OHMIYA JAPANESE RESTAURANT,-36.862259,174.808262,"2/236 Orakei Road, Remuera, Auckland","restaurant,food,point_of_interest,establishment",restaurant
ChIJKZ6qxJJJDW0RMybaQ5uX2XY,3 Nutmegs,-36.8581514,174.7820507,"363 Parnell Road, Parnell, Auckland","bar,restaurant,food,point_of_interest,establishment",restaurant
ChIJ_QreqeBJDW0R6fq1AT9mMU4,Mazaj Cafe,-36.857063,174.7819423,"320 Parnell Road, Parnell, Auckland","restaurant,food,point_of_interest,establishment",restaurant
ChIJL-BHRLxJDW0RzuJBLUIZ2Jg,Beach Club Oyster & Kitchen,-36.86228670000001,174.8085008,"236 Orakei Road, Remuera, Auckland","restaurant,food,point_of_interest,establishment",restaurant
ChIJnWd5GZdJDW0Rnt3ZGg_Supo,Sambal Station,-36.8571646,174.7812768,"Level 2/317 Parnell Road, Parnell, Auckland","restaurant,food,point_of_interest,establishment",restaurant
ChIJWzPvEdxJDW0RYQqsSTyWysY,Portofino,-36.8484371,174.8314913,"71 Tamaki Drive, Mission Bay, Auckland","restaurant,food,point_of_interest,establishment",restaurant
ChIJfRtJhuVJDW0RnRH3pXTlRUA,Mamma Rosa Pizzeria Restaurant,-36.8530443,174.8432303,"31 Melanesia Road, Kohimarama, Auckland","meal_takeaway,restaurant,food,point_of_interest,establishment",restaurant
ChIJwTZRd-pJDW0RKgqc7jfQAqY,Hell Pizza Kohimarama,-36.8602563,174.8363021,"295 Kepa Road, Mission Bay, Auckland","meal_delivery,meal_takeaway,restaurant,food,point_of_interest,establishment",restaurant
ChIJHRUkM-RJDW0RQ-e4KNalPzI,Kohi Beach Eatery & Store,-36.8498982,174.8420711,"237 Tamaki Drive, Kohimarama, Auckland","restaurant,meal_takeaway,bakery,cafe,food,store,point_of_interest,establishment",restaurant
ChIJ26BROdxJDW0RROHKm1Nl8yE,Mission Bay Cafe,-36.8483963,174.8322601,"85 Tamaki Drive, Mission Bay, Auckland","cafe,bar,restaurant,food,point_of_interest,establishment",restaurant
ChIJN1R03dtJDW0R-sVFhjMEZBc,Tonnino Pizzeria,-36.8477936,174.829335,"35 Tamaki Drive, Mission Bay, Auckland","restaurant,food,point_of_interest,establishment",restaurant
ChIJ_fdwDtxJDW0RjnRkkh9I9oM,BurgerFuel Mission Bay,-36.848302,174.831263,"61 Tamaki Drive, Mission Bay, Auckland","restaurant,food,point_of_interest,establishment",restaurant
ChIJU4Wcf-VJDW0R6L38Gukj5dY,Kohi Fresh Fish & Takeaways,-36.853209,174.84378,"41 Melanesia Road, Kohimarama, Auckland","meal_takeaway,restaurant,food,point_of_interest,establishment",restaurant
ChIJT7LfMuRJDW0RPBDcni6LzmE,Der Metz Restaurant,-36.8503657,174.842035,"5/11 Averill Avenue, Kohimarama, Auckland","restaurant,food,point_of_interest,establishment",restaurant
ChIJt1UBPtxJDW0R7ZYaLiikPZU,De Fontein Belgian Beer Café,-36.848468,174.8320814,"79 Tamaki Drive, Mission Bay, Auckland","bar,restaurant,food,point_of_interest,establishment",restaurant
ChIJL8JStPBJDW0RfnncxoKDw4k,Calimero Pizza St Heliers,-36.85477899999999,174.8512889,"59 Long Drive, Kohimarama, Auckland","meal_delivery,meal_takeaway,restaurant,food,point_of_interest,establishment",restaurant
ChIJsTdv38ZJDW0R-ZbBagwpXgs,The Coffee Club Mission Bay,-36.84821589999999,174.8308565,"49/51 Tamaki Drive, Mission Bay, Auckland","cafe,restaurant,food,store,point_of_interest,establishment",restaurant
ChIJa1jIqexJDW0R9lQqBSoMMc8,Forbes Homemade Gourmet,-36.86347859999999,174.8418318,"144/146 Allum Street, Kohimarama, Auckland","bakery,cafe,restaurant,food,store,point_of_interest,establishment",restaurant
ChIJKeBBCNxJDW0RlTqGLfcbDvA,Subway,-36.8481974,174.8307925,"51 Tamaki Drive, Mission Bay, Auckland","restaurant,food,point_of_interest,establishment",restaurant
ChIJn9VCPNxJDW0R54lTdZqHmSE,Bodrum Kitchen Mission Bay,-36.8484455,174.8322611,"81 Tamaki Drive, Mission Bay, Auckland","restaurant,food,point_of_interest,establishment",restaurant
ChIJYzlDOtxJDW0RqW6hZBO52Hw,Bald Eagle Diner,-36.8484644,174.8325921,"89 Tamaki Drive, Mission Bay, Auckland","cafe,restaurant,food,point_of_interest,establishment",restaurant
ChIJM9vMNtxJDW0RcoS0291tft4,Sal's Authentic NY Pizza Mission Bay,-36.84844479999999,174.8329077,"99 B Tamaki Drive, Mission Bay, Auckland","restaurant,food,point_of_interest,establishment",restaurant
ChIJT9IACdxJDW0RBjesJnnkIBA,Mamma Mia Restaurant 1972,-36.8482375,174.8309302,"51 Tamaki Drive, Mission Bay, Auckland","restaurant,food,point_of_interest,establishment",restaurant
ChIJSY4ghuVJDW0R2HtJegUIQfM,Sauce,-36.8531048,174.8430634,"27 Melanesia Road, Kohimarama, Auckland","cafe,restaurant,food,point_of_interest,establishment",restaurant
ChIJS2aYYtlJDW0RtMf_FA9R5YM,Jewel of India,-36.8479005,174.8291927,"3/33 Tamaki Drive, Mission Bay, Auckland","restaurant,food,point_of_interest,establishment",restaurant
ChIJy9nuduJJDW0RtuOeUx9dThg,Eden Noodles at Eastridge 四川担担面Mission Bay店,-36.8606169,174.8295754,"215 Kepa Road, Mission Bay, Auckland","restaurant,food,point_of_interest,establishment",restaurant
ChIJ_fkGxAFJDW0RjczOaVR3N_U,Burger Burger Eastridge,-36.8606169,174.8295754,"215 Kepa Road, Mission Bay, Auckland","restaurant,food,point_of_interest,establishment",restaurant
ChIJyfyqJIRJDW0RGRDYFW-0gxk,The Eatery at Eastridge,-36.8606389,174.8295933,"215 Kepa Road, Mission Bay, Auckland","restaurant,food,point_of_interest,establishment",restaurant
ChIJWfm1iK5JDW0RRdBvmKrnBa8,Temakeria,-36.8606817,174.8296432,"215 Kepa Road, Mission Bay, Auckland","restaurant,food,point_of_interest,establishment",restaurant
ChIJ-RrICnlJDW0RN-ybIRbglvc,Zeta Greek Kitchen,-36.8606894,174.8295925,"Eastridge Shopping Centre Shop SU03G, Ground Floor/Kepa Road, Mission Bay, Auckland","restaurant,food,point_of_interest,establishment",restaurant
ChIJtzmMoxpJDW0RHFQ_cry9u7A,My Fried Chicken Mission Bay,-36.8607057,174.8295302,"215 Kepa Road, Mission Bay, Auckland","restaurant,food,point_of_interest,establishment",restaurant
ChIJi70b8LlJDW0RocKapdA5ajo,Uncle Man's Eastridge,-36.8607988,174.8296371,"215 Kepa Road, Mission Bay, Auckland","restaurant,food,point_of_interest,establishment",restaurant
ChIJwYgrE_dJDW0RrWA_y_xaHZ0,&SUSHI Eastridge,-36.8608612,174.8294374,"shop SU7, 215 Kepa Road, Mission Bay, Auckland","meal_takeaway,restaurant,food,point_of_interest,establishment",restaurant
ChIJ63vH0ZhJDW0RgFpeWQ3PXXo,Dante's Pizzeria Eastridge,-36.8608945,174.8295841,"215 Kepa Road, Mission Bay, Auckland","restaurant,food,point_of_interest,establishment",restaurant
ChIJ2fHWZshJDW0RzLa9c-t6Uv4,FU HUA TAKEAWAYS,-36.8608641,174.8243816,"13 Kupe Street, Orakei, Auckland","meal_takeaway,restaurant,food,point_of_interest,establishment",restaurant
ChIJORLlZshJDW0RBdE65UMel3I,"Evan’s Kebab, Fried Chicken and Burgers",-36.8609853,174.8244907,"168 Kepa Road, Orakei, Auckland","restaurant,food,point_of_interest,establishment",restaurant
ChIJFz4ecOpJDW0RDOPakEbTbFk,Nare Sushi,-36.8602867,174.8365889,"Kepa Road, Mission Bay, Auckland","restaurant,food,point_of_interest,establishment",restaurant
ChIJD2LKbNJJDW0Rcw6ZaZYjEWg,Sumthin Dumplin Mission Bay,-36.84856159999999,174.8319961,"6 Patteson Avenue, Mission Bay, Auckland","restaurant,food,point_of_interest,establishment",restaurant
ChIJJ4tOSDVJDW0RpwmYudRjd0U,Mission Bay Tap Room - Good George,-36.8484371,174.8314913,"71 Tamaki Drive, Mission Bay, Auckland","bar,restaurant,food,point_of_interest,establishment",restaurant
ChIJ_0dCleRJDW0RpJXfG6Inab8,Miku Asian Eatery,-36.8483387,174.8311625,"2/55 Tamaki Drive, Mission Bay, Auckland","bar,restaurant,food,point_of_interest,establishment",restaurant
ChIJA_WQDtxJDW0RY2v3mLJo7Ts,Hook Line & Sinker,-36.84833739999999,174.8311622,"55 Tamaki Drive, Mission Bay, Auckland","meal_takeaway,restaurant,food,point_of_interest,establishment",restaurant
ChIJ_33MAAVJDW0RStDHkbCpt7Q,La Veranda - Steak and Seafood Restaurant,-36.8483331,174.8311486,"55 Tamaki Drive, Mission Bay, Auckland","liquor_store,restaurant,food,store,point_of_interest,establishment",restaurant
ChIJf-2oliZJDW0RoHh1dcGedTQ,Oak Barrel Wine House,-36.848308,174.8311245,"G/55 Tamaki Drive, Mission Bay, Auckland","restaurant,food,point_of_interest,establishment",restaurant
ChIJWzKSZmBJDW0R7aBRIhwbClo,The Seafood Collective Mission Bay,-36.8482783,174.8311455,"55 Tamaki Drive, Mission Bay, Auckland","restaurant,food,point_of_interest,establishment",restaurant
ChIJCY_phNVJDW0RLpx4uQovvnA,E-Sarn WOK mission bay Thai Eatery,-36.8480319,174.8293458,"35 Tamaki Drive, Mission Bay, Auckland","restaurant,food,point_of_interest,establishment",restaurant
ChIJU-2KNTBJDW0RbEnML5fjMS0,Jalsa Indian Eatery,-36.8485225,174.8326676,"97A Tamaki Drive, Mission Bay, Auckland","restaurant,food,point_of_interest,establishment",restaurant
ChIJOV6NCPhJDW0RT4Qmlps4bPs,Charcoal Grill & Bar,-36.8485225,174.8326676,"97A Tamaki Drive, Mission Bay, Auckland","bar,restaurant,food,point_of_interest,establishment",restaurant
ChIJA1HG-cRJDW0RlMv6JC0a96M,The Mission Thai,-36.84845190000001,174.8325761,"93 Tamaki Drive, Mission Bay, Auckland","restaurant,food,point_of_interest,establishment",restaurant
ChIJpyZdz_NJDW0RZaS3SmI7L4I,Belly-Worship Mission Bay,-36.8479762,174.8293632,"35 Tamaki Drive, Mission Bay, Auckland","restaurant,food,point_of_interest,establishment",restaurant
ChIJQR2GAVtJDW0RSSMXOMujUo8,Azzuro Mission Bay,-36.84842399999999,174.8326619,"97 Tamaki Drive, Mission Bay, Auckland","restaurant,bar,food,point_of_interest,establishment",restaurant
ChIJ6UX3kuVJDW0RpMEJwAT4r-8,Kilala Bar + Kitchen,-36.84780670000001,174.8293739,"35 Tamaki Drive, Mission Bay, Auckland","bar,restaurant,food,point_of_interest,establishment",restaurant
ChIJCTan3NtJDW0RVCqYL44aovQ,SOMA bar & restaurant,-36.8477655,174.829368,"35 Tamaki Drive, Mission Bay, Auckland","restaurant,food,point_of_interest,establishment",restaurant
ChIJ-UM6HwBJDW0R8kaloyoa6JQ,Auckland Kebab & Fried Chicken - Mission Bay,-36.8477641,174.8294718,"35 Tamaki Drive, Mission Bay, Auckland","restaurant,food,point_of_interest,establishment",restaurant
ChIJs0qVaRVJDW0RwARH6hvqYU0,Oceanz Seafood Mission Bay,-36.8477062,174.8292009,"2/33 Tamaki Drive, Mission Bay, Auckland","meal_takeaway,restaurant,food,point_of_interest,establishment",restaurant
ChIJK1YM9ttJDW0Rrwluzot9QtA,Azabu Mission Bay,-36.84737459999999,174.8293796,"44 Tamaki Drive, Mission Bay, Auckland","restaurant,food,point_of_interest,establishment",restaurant
ChIJgVG4NzNIDW0RNb8zmOhzbCE,Pinchos Bar,-36.855932,174.814529,"60 Coates Avenue, Orakei, Auckland","bar,restaurant,food,point_of_interest,establishment",restaurant
ChIJoduqIh1JDW0RRLDWkX-GokU,Himalaya Indian,-36.8634413,174.8414869,"9/140 Allum Street, Kohimarama, Auckland","meal_takeaway,restaurant,food,point_of_interest,establishment",restaurant
ChIJa1jIqexJDW0Rt4EzPuslUB0,New Good View Takeaway,-36.8634454,174.841484,"158 Allum Street, Kohimarama, Auckland","restaurant,food,point_of_interest,establishment",restaurant
ChIJaW22qexJDW0RnyLD4DYANKM,Masa Japanese Restaurant & Bar,-36.8634934,174.8414896,"158 Allum Street, Kohimarama, Auckland","restaurant,food,point_of_interest,establishment",restaurant
ChIJuyEfEnZJDW0RYTUp4oQAZps,Spring Kitchen,-36.8633854,174.8417303,"138 Allum Street, Kohimarama, Auckland","restaurant,food,point_of_interest,establishment",restaurant
ChIJG9jFRwJKDW0RUo-a2LH60Zw,Scalini's Italian Restaurant & Pizzeria,-36.8501517,174.8586908,"429 Tamaki Drive, Saint Heliers, Auckland","restaurant,food,point_of_interest,establishment",restaurant
ChIJ0Z9eaQJKDW0RDo_BLkyDYuU,La Vista Cafe & Restaurant,-36.85022889999999,174.857834,"417 Tamaki Drive, Saint Heliers, Auckland","restaurant,cafe,food,point_of_interest,establishment",restaurant
ChIJE4bqbgJKDW0RfG-KZEd70KU,Annabelles Restaurant,-36.8503139,174.85766,"409 Tamaki Drive, Saint Heliers, Auckland","restaurant,food,point_of_interest,establishment",restaurant
ChIJD37jaQJKDW0RQHUA-X8UPQw,Moretons Bar & Restaurant,-36.8502596,174.8580939,"425 Tamaki Drive, Saint Heliers, Auckland","restaurant,bar,food,point_of_interest,establishment",restaurant
ChIJE4bqbgJKDW0RUVJkyeXYdgM,Angel Thai Restaurant,-36.85028479999999,174.8576705,"411 Tamaki Drive, Saint Heliers, Auckland","restaurant,food,point_of_interest,establishment",restaurant
ChIJqZswHhxKDW0Ru9QBw_IO220,Kebabs On Maskell,-36.8593519,174.860818,"9 Maskell Street, Saint Heliers, Auckland","meal_takeaway,restaurant,food,point_of_interest,establishment",restaurant
ChIJj3dEJA9KDW0R-mSysCR33Fw,Musashi Japanese Cuisine - St Heliers,-36.8499834,174.8693545,"64 Waimarie Street, Saint Heliers, Auckland","restaurant,food,point_of_interest,establishment",restaurant
ChIJT176iAJKDW0R_47bZ3eeKC0,The Fishmonger Seafood Delicatessen,-36.8513757,174.8575489,"16 Polygon Road, Saint Heliers, Auckland","meal_takeaway,restaurant,food,point_of_interest,establishment",restaurant
ChIJS5UIoB5KDW0RmWv1sY_HXQk,Tom Yum Goong Thai Restaurant,-36.8594339,174.8606393,"1 Maskell Street, Saint Heliers, Auckland","restaurant,food,point_of_interest,establishment",restaurant
ChIJ716jjgJKDW0RKbfrvNMXnVk,Domino's Pizza St Heliers,-36.8516095,174.8576626,"13 Polygon Road, Saint Heliers, Auckland","restaurant,food,point_of_interest,establishment",restaurant
ChIJj9MZLhdKDW0RWFk0CjvyLnA,Home Thai,-36.8601464,174.8692241,"86A Riddell Road, Glendowie, Auckland","meal_takeaway,restaurant,food,point_of_interest,establishment",restaurant
ChIJ6_VaRgJKDW0RWoWkmjaLdjo,Curry Village Indian Restaurant and Takeways Since 2006,-36.8501997,174.8585719,"St Heliers Beach, Water Front 3/429 Tamaki Drive, Saint Heliers, Auckland","restaurant,food,point_of_interest,establishment",restaurant
ChIJr2meeAJKDW0R9MLtS8NmgqI,St Heliers Bay Bistro,-36.8507369,174.8568,"387 Tamaki Drive, Saint Heliers, Auckland","restaurant,cafe,food,point_of_interest,establishment",restaurant
ChIJg1ZuegJKDW0R0GEV7qBeGrU,Porch Bar & Eatery,-36.8504871,174.8572548,"1 Saint Heliers Bay Road, Saint Heliers, Auckland","restaurant,food,point_of_interest,establishment",restaurant
ChIJs-hjoB5KDW0ReYGmaNoqkh8,Khana-Indian For Food,-36.85929429999999,174.8609679,"13 Maskell Street, Saint Heliers, Auckland","meal_delivery,meal_takeaway,restaurant,food,point_of_interest,establishment",restaurant
ChIJ-00UHBxKDW0RT8IBRwA5KsM,Saint Heliers Takeaways,-36.8592692,174.8611451,"19 Maskell Street, Saint Heliers, Auckland","meal_takeaway,restaurant,food,point_of_interest,establishment",restaurant
ChIJR-yqWE1LDW0RZNHmilQO5os,Shiraz Restaurant,-36.8593722,174.8608409,"7 Maskell Street, Saint Heliers, Auckland","restaurant,food,point_of_interest,establishment",restaurant
ChIJfxiUoB5KDW0R-ZbpYco_hhc,Shogun Sushi,-36.8594658,174.8609314,"2 Riddell Road, Saint Heliers, Auckland","restaurant,food,point_of_interest,establishment",restaurant
ChIJ3c5sh61LDW0RhEAtTyRzRsQ,Get Sushi,-36.8594653,174.8608942,"2c Riddell Road, Glendowie, Auckland","meal_takeaway,restaurant,food,point_of_interest,establishment",restaurant
ChIJnXrzxN5LDW0RlgNFFsf9IW8,Freaky Burger and Tacos(St Heliers),-36.8594577,174.8607242,"2b Riddell Road, Saint Heliers, Auckland","restaurant,food,point_of_interest,establishment",restaurant
ChIJdcc-LhdKDW0RDsEldZlyKv8,Riddell Takeaways,-36.86016709999999,174.8692647,"86 Riddell Road, Glendowie, Auckland","meal_takeaway,restaurant,food,point_of_interest,establishment",restaurant
ChIJwZyDYgJKDW0RqTqyIXoE9-0,GENKI Sushi - Japanese Cuisine in St. Heliers,-36.8512656,174.8573899,"7/39 Saint Heliers Bay Road, Saint Heliers, Auckland","meal_takeaway,restaurant,food,point_of_interest,establishment",restaurant
ChIJZ-6FSe9LDW0R2Um_aBJn66I,Semplice,-36.8504564,174.8585853,"8C Turua Street, Saint Heliers, Auckland","grocery_or_supermarket,bar,cafe,restaurant,food,store,point_of_interest,establishment",restaurant
ChIJ2VxbewJKDW0RrsaOkOaiuBo,Bay Sushi,-36.85082499999999,174.857386,"13 Saint Heliers Bay Road, Saint Heliers, Auckland","meal_takeaway,restaurant,food,point_of_interest,establishment",restaurant
ChIJeQ1i-iJLDW0RxPrRSn4E8AU,Cliff Grill,-36.8502178,174.8584284,"429 Tamaki Drive, Saint Heliers, Auckland","meal_takeaway,restaurant,food,point_of_interest,establishment",restaurant
ChIJG9jFRwJKDW0RRx5xYID6W9k,Koru Oceans Fish N Chips Chinese Takeaway,-36.8501867,174.8584823,"429 Tamaki Drive, Saint Heliers, Auckland","meal_takeaway,restaurant,food,point_of_interest,establishment",restaurant
ChIJqYvlAOhLDW0RKFqqiMazq4c,Chim Chim Thai Kitchen,-36.8502946,174.8576764,"411 Tamaki Drive, Saint Heliers, Auckland","restaurant,food,point_of_interest,establishment",restaurant
ChIJSwJDfxBLDW0Rw70fG6PrJXQ,Cinnamon Food Club,-36.8573893,174.8733026,"48 Robley Crescent, Glendowie, Auckland","restaurant,food,point_of_interest,establishment",restaurant
ChIJ5W7w_BFLDW0RsVs97SisFDQ,The Hood,-36.8500034,174.8693971,"66 Waimarie Street, Saint Heliers, Auckland","restaurant,food,point_of_interest,establishment",restaurant
ChIJoekx3W5JDW0RPbC7pa6J9p0,Thai Heart Restaurant,-36.86602009999999,174.8514687,"287b Saint Heliers Bay Road, Saint Heliers, Auckland","restaurant,food,point_of_interest,establishment",restaurant
ChIJK8RP-ldLDW0Rbfn-EWG0_Sw,The Terraces,-36.8645003,174.8746123,"207 Riddell Road, Glendowie, Auckland","restaurant,food,point_of_interest,establishment",restaurant
ChIJKThkQMhLDW0Rn10VYfDcxgo,The Glen,-36.86307920000001,174.8777169,"3 Roberta Avenue, Glendowie, Auckland","restaurant,food,point_of_interest,establishment",restaurant
ChIJ9Vum2fFLDW0RWdPfFgQ8gwU,Curry Palace Indian Eatery & Bar,-36.8634464,174.8776285,"17 Roberta Avenue, Glendowie, Auckland","restaurant,food,point_of_interest,establishment",restaurant
ChIJn9vf0mpKDW0RGEGRU4pNeXc,Mood Kitchen,-36.8633174,174.8777187,"9 Roberta Avenue, Glendowie, Auckland","meal_takeaway,restaurant,food,point_of_interest,establishment",restaurant
ChIJyzUggOVJDW0RWYbLHtZsS4c,Ren Japanese Dining,-36.8532031,174.8437513,"39 Melanesia Road, Kohimarama, Auckland","restaurant,food,point_of_interest,establishment",restaurant
ChIJv0GmzJFJDW0RrCopBRP0gqI,Downlow Burgers - Kohimarama,-36.8501173,174.8421114,"3A Averill Avenue, Kohimarama, Auckland","restaurant,food,point_of_interest,establishment",restaurant
ChIJkZIwEHJJDW0RIucEuR_KCXg,DumpleWing,-36.8634758,174.8418269,"138 Allum Street, Kohimarama, Auckland","restaurant,food,point_of_interest,establishment",restaurant
ChIJmZUBgf9JDW0R7tx4kL6D4EM,Ahad's Kitchen,-36.86359969999999,174.8415939,"152 Allum Street, Kohimarama, Auckland","restaurant,food,point_of_interest,establishment",restaurant
ChIJHXTntURLDW0R9mOuBPsaF8E,Bucks Bistro,-36.86442849999999,174.9011475,"23A The Parade, Bucklands Beach, Auckland","bar,restaurant,food,point_of_interest,establishment",restaurant
ChIJM521V6pqDW0R560i6mIm2f0,Domino's Pizza Massey,-36.834741,174.6041351,"5/2 Triangle Road, Massey, Auckland","meal_delivery,meal_takeaway,restaurant,food,point_of_interest,establishment",restaurant
ChIJ4SS2-apqDW0RL6twIe4XpAI,Toby's Seafood,-36.8362377,174.6010995,"3 Red Hills Road, Massey, Auckland","restaurant,food,point_of_interest,establishment",restaurant
ChIJ7TpwO_0_DW0RhE9l6A7oML8,Sal's Authentic NY Pizza Westgate,-36.8223392,174.6076753,"575 Don Buck Road, Massey, Auckland","restaurant,food,point_of_interest,establishment",restaurant
ChIJ2fgBOf0_DW0RYtXFcbc8aSw,Lone Star Westgate,-36.8223959,174.6077574,"575 Don Buck Road, Massey, Auckland","bar,restaurant,food,point_of_interest,establishment",restaurant
ChIJ-0FfMP0_DW0RnUqooQn0JB8,Subway - Westgate,-36.82194440000001,174.6080227,"579 Don Buck Road, Westgate, Auckland","restaurant,food,point_of_interest,establishment",restaurant
ChIJkdxpMv0_DW0R5ZutpK0Lf4M,KFC,-36.8215892,174.6078667,"579-585 Don Buck Road, Westgate, Auckland","meal_takeaway,restaurant,food,point_of_interest,establishment",restaurant
ChIJ-0FfMP0_DW0R5OFDizOoHqI,BurgerFuel Westgate,-36.82187,174.608392,"579 Don Buck Road, Westgate, Auckland","restaurant,food,point_of_interest,establishment",restaurant
ChIJh0riW1UVDW0RyFXpza3a6IE,HELL Pizza Westgate,-36.8218496,174.6084484,"579 Don Buck Road, Westgate, Waitakere","meal_delivery,meal_takeaway,restaurant,food,point_of_interest,establishment",restaurant
ChIJ0Qejn01qDW0RzEnQn7_43Uk,McDonald's Westgate,-36.8213061,174.608956,"Cnr Sh16 &, 4 Asti Lane, Westgate, Auckland","restaurant,food,point_of_interest,establishment",restaurant
ChIJ_RIRf-M_DW0RN4i5gdF9ZEg,Tomi Ro,-36.818957,174.6110387,"Northwest shopping centre 2/41 Maki Street, Massey, Auckland","restaurant,food,point_of_interest,establishment",restaurant
ChIJoXNikOM_DW0RFlXiFR--6LU,Goode Brothers,-36.818469,174.610757,"Shop 5, NorthWest Shopping Mall, Maki Street, Westgate, Auckland","bar,restaurant,food,point_of_interest,establishment",restaurant
ChIJQaXPmeM_DW0RlS99yDccLKc,Nando's North West,-36.8181108,174.6102968,"NorthWest Shopping Centre Shop 2, Kohuhu Lane, Westgate, Auckland","meal_takeaway,restaurant,food,point_of_interest,establishment",restaurant
ChIJ_UYeZuQ_DW0RMPQ0U7RCCe0,"TANK Northwest Mall - Smoothies, Raw Juices, Salads & Wraps",-36.8184182,174.6115868,"Norwest Mall, 7 Fred Taylor Drive, Massey, Auckland","meal_takeaway,restaurant,food,point_of_interest,establishment",restaurant
ChIJtxYmNOM_DW0RkUJTaxZ1DhA,Noodle Canteen Westgate,-36.8197983,174.613237,"1 Fernhill Drive, Westgate, Auckland","restaurant,food,point_of_interest,establishment",restaurant
ChIJ48VFcOQ_DW0RN4Dc3YdYK_w,Katsubi Northwest,-36.8180803,174.6118283,"NorthWest Shopping Centre 7 Fred Taylor Drive, Westgate, Auckland","restaurant,food,point_of_interest,establishment",restaurant
ChIJzejuBqtqDW0Rt2KKyf0bvZc,Massey Fisheries & Takeaways,-36.83434799999999,174.6029913,"400 Don Buck Road, Massey, Auckland","meal_takeaway,restaurant,food,point_of_interest,establishment",restaurant
ChIJgaVRz6pqDW0RnIQd7lOYrgs,Khoo Thai Takeaway,-36.8327205,174.6042494,"430 Don Buck Road, Massey, Auckland","meal_takeaway,restaurant,food,point_of_interest,establishment",restaurant
ChIJC075H3ZrDW0RudlK_sAMo_4,Amanah Butchery,-36.8341595,174.6030121,"Unit 6/402 Don Buck Road, Massey, Auckland","convenience_store,restaurant,food,point_of_interest,store,establishment",restaurant
ChIJpa_bAqtqDW0R83Q--z3_i4s,Angelos Roast Shop,-36.8339588,174.6032708,"406 Don Buck Road, Massey, Auckland","restaurant,food,point_of_interest,establishment",restaurant
ChIJaYSd_qdqDW0RODd3zqKWnYk,Sushi Gallery,-36.8341749,174.603078,"404 Don Buck Road, Massey, Auckland","restaurant,food,point_of_interest,establishment",restaurant
ChIJ_fUjp6tqDW0RRQYdbjoLOeY,Pizza Club Massey,-36.83478919999999,174.6025488,"396 Don Buck Road, Massey, Auckland","meal_delivery,meal_takeaway,restaurant,food,point_of_interest,establishment",restaurant
ChIJ_fUjp6tqDW0Rc9gVP2p8uzo,Kiwi Roast Massey,-36.8348245,174.6025102,"396A Don Buck Road, Massey, Auckland","meal_takeaway,restaurant,food,point_of_interest,establishment",restaurant
ChIJcxJh7atqDW0RZdeLzAV9-nc,Nari Sushi,-36.835943,174.6014763,"unit g/3 Red Hills Road, Massey, Auckland","restaurant,food,point_of_interest,establishment",restaurant
ChIJQz-AEf0_DW0R5gsDjTFqiug,Pizza Hut,-36.8360157,174.6012896,"7/3 Red Hills Road, Massey, Auckland","meal_delivery,meal_takeaway,restaurant,food,point_of_interest,establishment",restaurant
ChIJnQdaR8trDW0RKjM3kySM4aE,Moon Knight Indian Cuisine Massey,-36.835953,174.6015206,"3 Red Hills Road, Massey, Auckland","restaurant,food,point_of_interest,establishment",restaurant
ChIJqef9-atqDW0RZLryY57R690,Phoenix BBQ Eatery,-36.8360091,174.6016633,"3 Red Hills Road, Massey, Auckland","restaurant,food,point_of_interest,establishment",restaurant
ChIJp_UVnbVrDW0RATns4mWbqGM,Milford Kovacek,-36.8363971,174.6006543,"3 Red Hills Road, Massey, Auckland","restaurant,food,point_of_interest,establishment",restaurant
ChIJdfRIo1FrDW0Rn_4LVfZfVoY,TNC Fried Chicken,-36.8360423,174.6017677,"382/396 Don Buck Road, Massey, Auckland","meal_takeaway,restaurant,food,point_of_interest,establishment",restaurant
ChIJ-0FfMP0_DW0RFC1TAOQM1Fc,Westgate Takeaways,-36.8218598,174.6079868,"579 Don Buck Road, Westgate, Massey North","meal_takeaway,restaurant,food,point_of_interest,establishment",restaurant
ChIJ0zdlvsgVDW0ROYZQbUMzVlM,PotaLove - Homemade Indian Takeaway,-36.8226207,174.6046001,"Rahopūru Road, Westgate, Auckland","meal_takeaway,restaurant,food,point_of_interest,establishment",restaurant
ChIJGcCtTQA_DW0RwXVRCaLfWJc,Road House Korean Restaurant,-36.8218659,174.6079008,"Unit E/579 Don Buck Road, Westgate, Auckland","restaurant,food,point_of_interest,establishment",restaurant
ChIJuSGu7_w_DW0Rj-P_8Sy75sQ,Nero Italia,-36.8233278,174.6096033,"Cabernet Crescent, Westgate, Auckland","restaurant,food,point_of_interest,establishment",restaurant
ChIJL13PKjQ_DW0RKyPDF99nmAg,Westside tuckshop,-36.8223475,174.6097456,"8/12 Cabernet Crescent, Westgate, Auckland","restaurant,food,point_of_interest,establishment",restaurant
ChIJV5GUGBU_DW0RA-hgy9tWUnM,Aiko Sushi - Pak'nSave Westgate,-36.8206084,174.6079941,"17/19 Fred Taylor Drive, Massey, Auckland","meal_takeaway,restaurant,food,point_of_interest,establishment",restaurant
ChIJab2xM-M_DW0RSxHeJQ0INCg,Sushi Tomi,-36.8213687,174.6136567,"C/O Westgate Shopping Centre, 5, 1 Fernhill Drive, Massey North, Auckland","restaurant,food,point_of_interest,establishment",restaurant
ChIJ5SVAsfw_DW0RG3ZfsVsGal0,Burger King Westgate,-36.820539,174.612993,"Cnr Auckland and Kumeu Motorway, Hobsonville Road, Westgate, Auckland","restaurant,food,point_of_interest,establishment",restaurant
ChIJtWfIneM_DW0RLfbDwuOWDuc,Golden Viet NorthWest,-36.8186834,174.6103674,"2 Kohuhu Lane, Westgate, Auckland","restaurant,food,point_of_interest,establishment",restaurant
ChIJUUvCcy8_DW0R8fCWk1aEe-Y,Cinta Malaysian – Westgate,-36.81860630000001,174.6104698,"1 Kohuhu Lane, Massey, Auckland","restaurant,food,point_of_interest,establishment",restaurant
ChIJ7Ydfr8M_DW0RZf0IjIvYZYc,Slate - Billiards & Gastropub,-36.8182791,174.6099974,"1 Kohuhu Lane, Westgate, Auckland","bar,restaurant,food,point_of_interest,establishment",restaurant
ChIJ5SVAsfw_DW0Rbu7t6u0dP1o,Robert Harris,-36.82138679999999,174.6137246,"Fernhill Drive, Westgate, Massey North","cafe,restaurant,food,point_of_interest,establishment",restaurant
ChIJpZ45guM_DW0RDs6UKAW8YGI,Orra Coffee Shop,-36.8187104,174.6108875,"5/45 Maki Street, Westgate, Auckland","cafe,restaurant,food,point_of_interest,establishment",restaurant
ChIJQ30tC8Y_DW0RSKyNBbzepI8,Kokodak Chicken NorthWest,-36.8184467,174.6110241,"shop 67, 1/7 Fred Taylor Drive, Massey, Auckland","meal_takeaway,restaurant,food,point_of_interest,establishment",restaurant
ChIJSZRx3uQ_DW0RndRYcKJvb_8,Pho Heaven Vietnamese Restaurant,-36.8204269,174.6135482,"19 Maki Street, Westgate, Auckland","restaurant,food,point_of_interest,establishment",restaurant
ChIJMagmhuM_DW0R2cbGKQVXk0g,The Coffee Club NorthWest,-36.8181843,174.6110571,"Tenancy 69/1-7 Fred Taylor Drive, Westgate, Auckland","cafe,restaurant,food,point_of_interest,establishment",restaurant
ChIJa_yRt-Q_DW0RRIYm5ikShJQ,Hong's Kitchen,-36.819847,174.6131258,"Westgate Shopping Centre Shop 7 Corner Fernhill Drive &, Fred Taylor Drive, Westgate, Auckland","restaurant,food,point_of_interest,establishment",restaurant
ChIJncJBo7s_DW0R76lVWlR1bxw,Curry Paradise Indian Cuisine,-36.8184212,174.6115989,"Northwest Shopping Centre 7 Fred Taylor Drive, Westgate, Auckland","restaurant,food,point_of_interest,establishment",restaurant
ChIJO-XqeuQ_DW0RYuBOc0E-nBc,Smart Sushi NorthWest,-36.817943,174.610973,"Shop T55A, NorthWest Shopping Centre, 1/7 Fred Taylor Drive, Westgate, Auckland","restaurant,food,point_of_interest,establishment",restaurant
ChIJKwK22mE_DW0ROLiLe6RWK_4,Texas Chicken Westgate,-36.82017510000001,174.6136914,"Shop C09 Westgate Shopping Centre Cnr Fred Taylor Drive & Maki Street Auckland 0614, Massey, Auckland","restaurant,food,point_of_interest,establishment",restaurant
ChIJmWjJSOo_DW0Rp8FNpl4DTrA,"KEBAB REFRESH ( FRIED CHICKEN, KEBAB WRAP, BURGERS, LOW CARBS)",-36.8209755,174.6144868,"11 Maki Street, Westgate, Auckland","restaurant,food,point_of_interest,establishment",restaurant
ChIJB3au10s_DW0RuVZjJ-8NCsI,Buns N’ Rolls Northwest,-36.818153,174.6118215,"Fred Taylor Drive, Westgate, Auckland","meal_takeaway,restaurant,food,point_of_interest,establishment",restaurant
ChIJiy5aZeQ_DW0RN2n0jVRxBY4,Kebabs Istanbul,-36.8182284,174.6119839,"NorthWest Shopping Centre 7 Fred Taylor Drive, Westgate, Auckland","restaurant,food,point_of_interest,establishment",restaurant
ChIJx09DDgA_DW0RN95pKGuOgdY,King Pow,-36.8181353,174.6119507,"7 Fred Taylor Drive, Westgate, Auckland","restaurant,food,point_of_interest,establishment",restaurant
ChIJ_dYxcOQ_DW0RS4sLiLawLC8,Kiwi Grill,-36.8180631,174.6118927,"Northwest Shopping Centre 7 Fred Taylor Drive, Westgate, Auckland","meal_delivery,meal_takeaway,restaurant,food,point_of_interest,establishment",restaurant
ChIJUT_eb-Q_DW0RUyeIsW4XoiY,Easy Eats,-36.817905,174.6117547,"Fred Taylor Drive, Westgate, Auckland","restaurant,food,point_of_interest,establishment",restaurant
ChIJdVbHneQ_DW0R0QzRs-Y3_bQ,The Food Crew,-36.8178932,174.6117767,"7 Fred Taylor Drive, Westgate, Auckland","cafe,store,restaurant,food,point_of_interest,establishment",restaurant
ChIJO78fneQ_DW0R5eSRTDLqiXM,McDonald's Northwest Mall,-36.81781909999999,174.6117387,"Northwest Foodcourt, Westgate tenancy f03, 1/7 Fred Taylor Drive, Massey, Auckland","restaurant,food,point_of_interest,establishment",restaurant
ChIJb24wDZM_DW0Rgw0jOsYic4I,Tony's Takeaway,-36.8183878,174.6290568,"43 Luckens Road, West Harbour, Auckland","meal_takeaway,restaurant,food,point_of_interest,establishment",restaurant
ChIJfcOwHPY_DW0RQJyIJJ5Z0AA,Royal Heights Takeaways,-36.833135,174.6225245,"Royal Road, Massey, North","restaurant,food,point_of_interest,establishment",restaurant
ChIJi8iACok_DW0R3tG2_4bTqBc,Royal Bakery,-36.8305728,174.6336816,"297 Royal Road, Massey, Auckland","bakery,meal_takeaway,store,restaurant,food,point_of_interest,establishment",restaurant
ChIJfdZtx8c_DW0Rz_fNQxM6RyA,Blooming cake,-36.8298787,174.6229959,"43 Moire Road, Massey, Auckland","restaurant,food,point_of_interest,establishment",restaurant
ChIJQ4yaGwA_DW0R45aNaFAHBdo,Royal Sushi,-36.8321586,174.623226,"138 Royal Road, Massey, Auckland","restaurant,food,point_of_interest,establishment",restaurant
ChIJ25QjfoFBDW0RjZC6eKuapgE,Kangnaru (Traditional Korean Cuisine),-36.8328634,174.6230708,"138 Royal Road, Massey, Auckland","restaurant,food,point_of_interest,establishment",restaurant
ChIJhRMHiaI_DW0RJnUT1_TjzIU,Royal Heights Roast,-36.8332461,174.6224574,"19/138 Royal Road, Massey, Auckland","restaurant,food,point_of_interest,establishment",restaurant
ChIJN5RGNP0_DW0R6iYp5w7y4_g,Arum Restaurant & Takeaway,-36.8184448,174.6291438,"45 Luckens Road, West Harbour, Auckland","restaurant,food,point_of_interest,establishment",restaurant
ChIJBYa4XOs_DW0RpAFd_5TEU2c,Country Fried Chicken,-36.8184391,174.6291554,"45 Luckens Road, West Harbour, Auckland","restaurant,food,point_of_interest,establishment",restaurant
ChIJx6E7DZM_DW0R3oauL3D4kv0,Roast Express,-36.8184101,174.629089,"3/43 Luckens Road, West Harbour, Auckland","restaurant,food,point_of_interest,establishment",restaurant
ChIJm8tGcxo_DW0R8zXh-uQ55uc,Jangwon_Jokbal,-36.8199294,174.6385491,"152C Luckens Road, West Harbour, Auckland","restaurant,food,point_of_interest,establishment",restaurant
ChIJu7I2tYE_DW0Rk7oC4iGsYhc,M & M Takeaways,-36.8311111,174.6463889,"694 Te Atatu Road, Te Atatū Peninsula, Auckland","meal_takeaway,restaurant,food,point_of_interest,establishment",restaurant
ChIJQQejs4JBDW0R-74NIioXtFk,Neil Cafe and Bistro,-36.83758270000001,174.6460118,"2/29 Neil Avenue, Te Atatū Peninsula, Auckland","cafe,restaurant,food,point_of_interest,establishment",restaurant
ChIJ4zT4uD5BDW0RHQhSi79Ps7k,DnB BBQing Catering and Event Management,-36.8354292,174.6494042,"642a Te Atatu Road, Te Atatū Peninsula, Auckland","restaurant,food,point_of_interest,establishment",restaurant
ChIJvTTLwkhBDW0R3ghKqiWug5o,TRINIDAD & TOBAGO CHOW NEW ZEALAND,-36.841844,174.6441791,"1A Waione Avenue, Te Atatū Peninsula, Auckland","restaurant,food,point_of_interest,establishment",restaurant
ChIJwTATKLlBDW0R9nrR-dGIcb4,Cielito Lindo Cafe & Taqueria,-36.84704139999999,174.6333245,"14 The Concourse, Henderson, Auckland","meal_takeaway,restaurant,food,point_of_interest,establishment",restaurant
ChIJvxOsQ0pBDW0R3vZvBUqtGCs,One More Desserts,-36.8424375,174.6151446,"Waitakere 6 Longview Rise, Massey, Waitakere, Auckland","restaurant,food,point_of_interest,establishment",restaurant
ChIJ6f3ow4ZADW0RJ3pFvlTfJ6k,Thai Flavour,-36.8405922,174.6514388,"572A Te Atatu Road, Te Atatū Peninsula, Auckland","restaurant,food,point_of_interest,establishment",restaurant
ChIJtb6_z4ZADW0Rkz_UBt7Hfsg,Pizza Landing,-36.840014,174.6512701,"578c Te Atatu Road, Te Atatū Peninsula, Auckland","restaurant,meal_takeaway,food,point_of_interest,establishment",restaurant
ChIJDV0X9YZADW0RrDb5FybhrWM,Noodle Canteen,-36.8420209,174.6515444,"554 Te Atatu Road, Te Atatū Peninsula, Auckland","restaurant,food,point_of_interest,establishment",restaurant
ChIJv6u5z4ZADW0RH-HEq2w8Pqc,John Chan Takeaways,-36.8398537,174.6512642,"578b Te Atatu Road, Te Atatū Peninsula, Auckland","restaurant,food,point_of_interest,establishment",restaurant
ChIJ3UFJbnRBDW0RdEHlYAhF2Og,Churn Cafe & Thai Dining,-36.8405306,174.6518972,"617 Te Atatu Road, Te Atatū Peninsula, Auckland","restaurant,food,point_of_interest,establishment",restaurant
ChIJtVOQv4ZADW0RB-RtL7yb8qE,Te Atatu Fisheries Takeaway,-36.8406855,174.6519008,"613 Te Atatu Road, Te Atatū Peninsula, Auckland","restaurant,food,point_of_interest,establishment",restaurant
ChIJh4B8w4ZADW0RZNtMc_cph-E,Peninsula Roast,-36.8405567,174.6514875,"572B Te Atatu Road, Te Atatū Peninsula, Auckland","restaurant,food,point_of_interest,establishment",restaurant
ChIJPQE96IZADW0RvAEnZs-61BQ,Sams Roast,-36.8407182,174.6515439,"570 Te Atatu Road, Te Atatū Peninsula, Auckland","restaurant,food,point_of_interest,establishment",restaurant
ChIJ3y106JFBDW0Rhig4lnRMLXM,Chunky Chook,-36.8416046,174.651543,"568 Te Atatu Road, Te Atatū Peninsula, Auckland","restaurant,food,point_of_interest,establishment",restaurant
ChIJzy9p84ZADW0RsF5kuvt1h18,Golden Star Takeaway,-36.84174239999999,174.6516018,"564 Te Atatu Road, Te Atatū Peninsula, Auckland","meal_takeaway,restaurant,food,point_of_interest,establishment",restaurant
ChIJV3nOrvRHDW0R3Hc3DiT5T5k,Sails Restaurant,-36.83900390000001,174.7432459,"103/113 Westhaven Drive, Saint Marys Bay, Auckland","restaurant,food,point_of_interest,establishment",restaurant
ChIJsR8Kx2k4DW0RjYOZyig1xDw,The Engine Room,-36.8180556,174.7455556,"115 Queen Street, Northcote Point, Auckland","restaurant,food,point_of_interest,establishment",restaurant
ChIJQ_8NDGw4DW0RGa6pl457bg4,Northcote Tavern,-36.8226754,174.7482592,"37 Queen Street, Northcote Point, Auckland","bar,restaurant,food,point_of_interest,establishment",restaurant
ChIJ8dblpYlHDW0RHtqh1PRy1Yg,Buoy Cafe & Eatery,-36.8354264,174.743395,"141/151 Westhaven Drive, Westhaven, Auckland","cafe,restaurant,food,point_of_interest,establishment",restaurant
ChIJkd2cPWA4DW0RsB8RJwFyVc8,Burgermaster,-36.817598,174.7323831,"84 Hinemoa Street, Birkenhead, Auckland","restaurant,food,point_of_interest,establishment",restaurant
ChIJ21cmZfQ4DW0RZIu_nQGS8l8,Mulan Malaysian Restaurant,-36.8125734,174.7270949,"243 Hinemoa Street, Birkenhead, Auckland","restaurant,food,point_of_interest,establishment",restaurant
ChIJX8Z1UfU4DW0Rd56CUe-uTwQ,Woodside Cafe,-36.8157143,174.7310307,"134A Hinemoa Street, Birkenhead, Auckland","cafe,restaurant,food,point_of_interest,store,establishment",restaurant
ChIJ-y0tUPU4DW0RrJB0bdlwMdU,Thai Isaan Restaurant,-36.815642,174.7309363,"136 Hinemoa Street, Birkenhead, Auckland","restaurant,food,point_of_interest,establishment",restaurant
ChIJJz4t9nY4DW0RlntNhzO1I8c,Royal New Zealand Yacht Squadron,-36.8355191,174.7453374,"181 Westhaven Drive, Westhaven Marina, Auckland","bar,restaurant,food,point_of_interest,establishment",restaurant
ChIJs93XZvQ4DW0RNpHbsKoqJHY,KS Curry Place Birkenhead,-36.8129298,174.7274794,"217 Hinemoa Street, Birkenhead, Auckland","meal_takeaway,restaurant,food,point_of_interest,establishment",restaurant
ChIJvRacyGk4DW0R08eK_83r6sI,Clarence Rd Eatery,-36.8178545,174.7452287,"124 Queen Street, Northcote Point, Auckland","restaurant,food,point_of_interest,establishment",restaurant
ChIJ_QdKiPM4DW0RVKrFPia25LU,Ala Turca,-36.8123708,174.7262271,"2 Mokoia Road, Birkenhead, Auckland","restaurant,food,point_of_interest,establishment",restaurant
ChIJEYmkEGA4DW0R5aqmMYGJa7Q,Ravenhill Cafe & Restaurant,-36.8170204,174.7322235,"98 Hinemoa Street, Birkenhead, Auckland","cafe,meal_takeaway,store,restaurant,food,point_of_interest,establishment",restaurant
ChIJWxPVGNQ5DW0RalCYctXrq-E,"First Mates, Last Laugh",-36.8362044,174.7428586,"121 Westhaven Drive, Westhaven, Marina","restaurant,bar,food,point_of_interest,establishment",restaurant
ChIJ7UV0PmA4DW0R44MsmijS--o,Moxie Restaurant,-36.8176563,174.7325474,"82 Hinemoa Street, Birkenhead, Auckland","restaurant,food,point_of_interest,establishment",restaurant
ChIJ71_tJik5DW0RbUbKQRjqbqQ,Master & Margherita Pizza Bar,-36.8172335,174.7319918,"6 Rugby Road, Birkenhead, Auckland","restaurant,food,point_of_interest,establishment",restaurant
ChIJxw7O93Y4DW0RXWGVgg6HSLY,Quarterdeck Restaurant,-36.8355096,174.7454055,"101 Curran Street, Herne Bay, Auckland","restaurant,food,point_of_interest,establishment",restaurant
ChIJHRqNhoNHDW0RdGHxxqTDZGk,Golden Bridge Chinese Takeaway,-36.845453,174.73653,"174 Jervois Road, Herne Bay, Auckland","meal_takeaway,restaurant,food,point_of_interest,establishment",restaurant
ChIJW572GfA5DW0RjMBw0QHQm6U,Osteria Uno,-36.81558649999999,174.730895,"140 Hinemoa Street, Birkenhead, Auckland","restaurant,food,point_of_interest,establishment",restaurant
ChIJEWjDOH1HDW0R-TIcILmhgjA,Cantina Don Jorge,-36.8430437,174.7386932,"29 Hamilton Road, Herne Bay, Auckland","restaurant,food,point_of_interest,establishment",restaurant
ChIJnfsy1ppHDW0RiI-3XIFk_-k,Bite. Burger,-36.8457962,174.73414,"236 Jervois Road, Herne Bay, Auckland","restaurant,food,point_of_interest,establishment",restaurant
ChIJIY-Og4NHDW0R4K82YO_Fwaw,John Dory's (Fish & Chip) Herne bay,-36.8454542,174.7362536,"182 Jervois Road, Herne Bay, Auckland","meal_takeaway,restaurant,food,point_of_interest,establishment",restaurant
ChIJmdJtn4NHDW0RIPv6nnCsU8Y,FishSmith Herne Bay,-36.84565279999999,174.7355377,"200 Jervois Road, Herne Bay, Auckland","restaurant,food,point_of_interest,establishment",restaurant
ChIJr21am4NHDW0R0SQXQ5AluHo,Thai Silver Restaurant,-36.8455342,174.7360841,"186 Jervois Road, Herne Bay, Auckland","restaurant,food,point_of_interest,establishment",restaurant
ChIJRY-8awBHDW0R_ohVbQyDLsA,Onzon de Thai Kitchen,-36.8455614,174.7360679,"186 Jervois Road, Herne Bay, Auckland","restaurant,food,point_of_interest,establishment",restaurant
ChIJwy_jOe1HDW0RZa5sWXBg62g,Squisito Trattoria,-36.8454613,174.736878,"170A Jervois Road, Herne Bay, Auckland","restaurant,food,point_of_interest,establishment",restaurant
ChIJTZZNZ_Q4DW0RDqfe0UsF1jk,Kyushu Sushi,-36.8129859,174.7276114,"213 Hinemoa Street, Birkenhead, Auckland","restaurant,food,point_of_interest,establishment",restaurant
ChIJfzwmAMM5DW0RLsXD-S-F8YU,BW Burger & Bakery,-36.8128134,174.7276822,"6 Enterprise Street, Birkenhead, Auckland","restaurant,food,point_of_interest,establishment",restaurant
ChIJ_99fcQE5DW0Rtqz_koOR1U8,Generosity Coffee,-36.8124791,174.7267876,"255 Hinemoa Street, Birkenhead, Auckland","cafe,store,restaurant,food,point_of_interest,establishment",restaurant
ChIJzZFiUzM5DW0RnVh36bjuuQU,Delicious Korean Chicken,-36.81236,174.7268447,"257 Hinemoa Street, Birkenhead, Auckland","meal_takeaway,restaurant,food,point_of_interest,establishment",restaurant
ChIJW4StxNg5DW0RhDAILt-xbGw,Taste Of India Birkenhead,-36.8123721,174.7267173,"261 Hinemoa Street, Birkenhead, Auckland","restaurant,food,point_of_interest,establishment",restaurant
ChIJK4IRifM4DW0RNotFXl3Rosc,Primerose Thai Cuisine,-36.8123483,174.7261184,"6 Mokoia Road, Birkenhead, Auckland","restaurant,food,point_of_interest,establishment",restaurant
ChIJe7WKufVHDW0Rf3BuMRDD9w0,The Conservatory,-36.8408583,174.758,"E1/17 Jellicoe Street, Auckland Central, Auckland","restaurant,bar,food,point_of_interest,establishment",restaurant
ChIJ0fG1FflHDW0RebIySAXSmPQ,Botswana Butchery,-36.8429654,174.7667033,"99 Quay Street, Auckland Central, Auckland","restaurant,food,point_of_interest,establishment",restaurant
ChIJU2XeVPNHDW0RzKaK2QwQg-0,Swashbucklers Restaurant & Bar,-36.8438487,174.7517872,"23B Westhaven Drive, Auckland Central, Auckland","bar,restaurant,food,point_of_interest,establishment",restaurant
ChIJjxajgP5HDW0RqRksq0sj5BI,Brew on Quay,-36.844399,174.7706978,"102 Quay Street, Auckland Central, Auckland","bar,restaurant,food,point_of_interest,establishment",restaurant
ChIJ0bCnTPhHDW0R71BGQNySEOg,Neptune Cafe & Bar,-36.84117579999999,174.7646317,"Unit 1, 23 Princes Wharf 143 Quay St Auckland Central 8041, Auckland Central, Auckland","restaurant,cafe,food,point_of_interest,establishment",restaurant
ChIJMY32XPlHDW0R57TiiAB3JrU,Ramen Daikoku,-36.8437474,174.7675525,"Tyler Street, Auckland Central, Auckland","restaurant,food,point_of_interest,establishment",restaurant
ChIJEyBQdvlHDW0Ru2_4uYhFoRI,KOA,-36.84581899999999,174.7651491,"22-26 Albert Street Inside Stamford Plaza Auckland, Auckland Central, Auckland","restaurant,food,point_of_interest,establishment",restaurant
ChIJ_QUTnPtHDW0RIoiN5Hc9MPk,DeBretts Kitchen,-36.8468584,174.7669816,"3B O'Connell Street, Auckland Central, Auckland","restaurant,bar,cafe,food,store,point_of_interest,establishment",restaurant
ChIJJ-rjpvtHDW0RtulN9iw29fQ,The Occidental,-36.8469752,174.7663185,"6/8 Vulcan Lane, Auckland City, Auckland","bar,restaurant,food,point_of_interest,establishment",restaurant
ChIJhyFm-PtHDW0RonUKDYtgG6w,Sal's Authentic NY Pizza - Fort Street,-36.8464772,174.768311,"49 Fort Street, Auckland Central, Auckland","restaurant,food,point_of_interest,establishment",restaurant
ChIJhyFm-PtHDW0RWtWBGHjdOXM,The Coffee Club Customs Street,-36.8452156,174.7680663,"Ground Floor - Archilles House, 51 Customs Street East, Auckland City, Auckland","cafe,restaurant,food,store,point_of_interest,establishment",restaurant
ChIJrTbpZ_BHDW0Rl7op7pQdJr4,Raviz Indian Cuisine,-36.8476279,174.7616082,"61 Hobson Street, Auckland Central, Auckland","meal_delivery,meal_takeaway,restaurant,food,point_of_interest,establishment",restaurant
ChIJZ9ohFktGDW0RyFBbI-XSsQ0,Cinta Malaysian – Shortland Street,-36.84726560000001,174.7684977,"51 Shortland Street, Auckland Central, Auckland","restaurant,food,point_of_interest,establishment",restaurant
ChIJzW9kxvVHDW0Rb6Cgv6lhS5U,North Park,-36.84055969999999,174.7566042,"49, 37/63 Jellicoe Street, Auckland Central, Auckland","restaurant,meal_takeaway,bar,cafe,food,store,point_of_interest,establishment",restaurant
ChIJj3He1PVHDW0R4R-8Jw7Ba8U,Feriza's,-36.84121919999999,174.7576313,"7/12 Jellicoe Street, Auckland Central, Auckland","restaurant,food,point_of_interest,establishment",restaurant
ChIJhXHe1PVHDW0RQ3cjKKZ0D_k,Thai Street,-36.8411076,174.75719,"3/12 Jellicoe Street, Auckland Central, Auckland","restaurant,food,point_of_interest,establishment",restaurant
ChIJJdsozvVHDW0RGpYtg7jcwyI,Baduzzi,-36.84107999999999,174.7570445,"10/26 Jellicoe Street, North Wharf, Auckland","restaurant,food,point_of_interest,establishment",restaurant
ChIJ6zaZt_VHDW0RPuG2hn63dU4,海上人家The Sea Food Paradise Restaurant & Bar,-36.8410692,174.7566331,"22 Jellicoe Street, Auckland Central, Auckland","restaurant,food,point_of_interest,establishment",restaurant
ChIJh2PvyPlHDW0RBPiJGNomLQU,The Lula Inn,-36.8421815,174.7635928,"149 Quay Street, Auckland Central, Auckland","bar,night_club,restaurant,food,point_of_interest,establishment",restaurant
ChIJ3ZKJtfVHDW0RVHvc9JE9fkA,Seafood Central,-36.8410791,174.7564259,"22 Jellicoe Street, Auckland Central, Auckland","restaurant,food,point_of_interest,establishment",restaurant
ChIJca31zvlHDW0ROCVnl5IPGo8,"White + Wong’s - Auckland Viaduct, CBD",-36.84226890000001,174.7638348,"149 Quay Street Cnr Lower Hobson & Quay Street, Auckland Central, Auckland","restaurant,food,point_of_interest,establishment",restaurant
ChIJy4PPsflHDW0RZM5tMZwm-No,Gourmet Burger and Brew Kitchen,-36.8424508,174.7647632,"139 Quay Street, Viaduct, Auckland","restaurant,food,point_of_interest,establishment",restaurant
ChIJKZNexvlHDW0R7i304xF3Y9g,Dr Rudi's Rooftop Brewing Co.,-36.8427476,174.76353,"2/204 Quay Street, Auckland Central, Auckland","bar,restaurant,food,point_of_interest,establishment",restaurant
ChIJc8vvxPlHDW0Rc5aCcE1ULWk,Parasol and Swing Company,-36.8428997,174.7634608,"7/204 Quay Street, Auckland Central, Auckland","night_club,bar,restaurant,food,point_of_interest,establishment",restaurant
ChIJWeTIvflHDW0RR2h4JBSQWlk,Beast & Butterflies Auckland,-36.8428577,174.7644086,"196/200 Quay Street, Auckland Central, Auckland","restaurant,cafe,bar,food,point_of_interest,establishment",restaurant
ChIJYYM7XfdHDW0RubtX6HIoaxM,Market Square,-36.8435539,174.7621507,"103 Customs Street West, Auckland Central, Auckland","restaurant,food,point_of_interest,establishment",restaurant
ChIJqzpBPvlHDW0RxmrY36b0aJM,Harbourside Ocean Bar Grill,-36.8429968,174.7669013,"Ferry Building 1/99 Quay Street, Auckland Central, Auckland","bar,restaurant,food,point_of_interest,establishment",restaurant
ChIJGSrIKPpHDW0RwYYIdVq5BQo,Baguette & Co.,-36.8433291,174.7653386,"HSBC Building 4/188 Quay Street, Auckland Central, Auckland","cafe,store,restaurant,food,point_of_interest,establishment",restaurant
ChIJr9vPPfxHDW0R59w0zP_hZLM,Frida Cocina Mexicana & Tequila Bar,-36.8435185,174.7631822,"85/89 Customs Street West, Auckland Central, Auckland","restaurant,food,point_of_interest,establishment",restaurant
ChIJ14ajL_dHDW0RT039YUkPIdA,Boracay Garden Restaurant Ltd,-36.8437349,174.7608174,"124 Customs Street West, Auckland Central, Auckland","restaurant,food,point_of_interest,establishment",restaurant
ChIJs00vhflHDW0R5rz0kNKQYPo,Hello Mister Vietnamese Street Food - AMP Store,-36.8438557,174.7649911,"29a Customs Street West, Auckland Central, Auckland","restaurant,food,point_of_interest,establishment",restaurant
ChIJ5_TLcflHDW0RMCVAjP635Js,Downtown Kebab,-36.8436946,174.767338,"2 Queen Street, Auckland Central, Auckland","restaurant,meal_delivery,food,point_of_interest,establishment",restaurant
ChIJAX9w4_NHDW0RCqHLulTjrtw,La Marée,-36.8448257,174.7574882,"21 Viaduct Harbour Avenue, Auckland Central, Auckland","restaurant,food,point_of_interest,establishment",restaurant
ChIJcXBAdftHDW0R05THb8H9U4Y,MELBA Vulcan,-36.8472936,174.766952,"33 Vulcan Lane, Auckland Central, Auckland","cafe,restaurant,food,point_of_interest,establishment",restaurant
ChIJAfQfX_lHDW0R6GHfYPX4hBQ,McDonald's Britomart,-36.84446699999999,174.7670478,"Cnr Queen And, Galway Street, Auckland Central, Auckland City","restaurant,food,point_of_interest,establishment",restaurant
ChIJ29uS4vtHDW0RNuahz41j0Dw,Custom Lane,-36.84455739999999,174.7670422,"8 Customs Street East, Auckland Central, Auckland","restaurant,food,point_of_interest,establishment",restaurant
ChIJGc6tpf5HDW0R40oYz00NPYM,Ortolana,-36.8443167,174.7687854,"33 Tyler Street, Auckland Central, Auckland","restaurant,food,point_of_interest,establishment",restaurant
ChIJfzAq4_tHDW0R_hyDy-0zEjw,BurgerFuel Customs Street,-36.844959,174.767059,"13 Customs Street East, Auckland Central, Auckland","restaurant,food,point_of_interest,establishment",restaurant
ChIJcQdRAt03DW0RPcypDUy4kz8,The Esplanade Hotel,-36.83192169999999,174.7966521,"1 Victoria Road, Devonport, Auckland","lodging,bar,restaurant,food,point_of_interest,establishment",restaurant
ChIJj5zL2tw3DW0R7yoqxzV0KU4,Manuka Restaurant,-36.8305556,174.7975,"49 Victoria Road, Devonport, Auckland","restaurant,food,point_of_interest,establishment",restaurant
ChIJnZz0ei4zeqoR_vG2XKXB0K4,Portofino Devonport,-36.829761,174.798101,"26 Victoria Road, Devonport, Auckland","restaurant,food,point_of_interest,establishment",restaurant
ChIJxXRDWMk3DW0RI6I2VsDRTOI,McHughs Of Cheltenham,-36.8241481,174.8096533,"46 Cheltenham Road, Devonport, Cheltenham","restaurant,food,point_of_interest,establishment",restaurant
ChIJQ-gJOsM3DW0RbNlFRzeQ4VA,Buona Sera,-36.8291641,174.7977618,"99 Victoria Road, Devonport, Auckland","restaurant,food,point_of_interest,establishment",restaurant
ChIJfbnWSMI3DW0RrxLCsUNQHp0,Sigdi Indian Restaurant,-36.8260415,174.796438,"161 Victoria Road, Devonport, Auckland","restaurant,food,point_of_interest,establishment",restaurant
ChIJCRw5ZJY3DW0RiiEvnXnWZbI,Curry of India - Indian Takeaway,-36.8125581,174.7919949,"71B Lake Road, Devonport, Auckland","restaurant,food,point_of_interest,establishment",restaurant
ChIJS68YzNw3DW0RVouQZ0Dd8wI,Monsoon Thai Restaurant,-36.83008710000001,174.7977249,"71 Victoria Road, Devonport, Auckland","restaurant,food,point_of_interest,establishment",restaurant
ChIJ31wJz9w3DW0Rr_kDGW86FEk,サブウェイ,-36.83038030000001,174.7976494,"59 Victoria Road, Devonport, Auckland","restaurant,food,point_of_interest,establishment",restaurant
ChIJcxeWydw3DW0Rkox5-9kCqms,The Patriot-Your Devonport Pub,-36.8302536,174.7980347,"14 Victoria Road, Devonport, Auckland","bar,restaurant,food,point_of_interest,establishment",restaurant
ChIJg62kx9w3DW0R-ZIAjJCHqLo,Vondel,-36.8306301,174.7980183,"8 Victoria Road, Devonport, Auckland","restaurant,food,point_of_interest,establishment",restaurant
ChIJf9KeA903DW0ReiI55gEiTA4,Devon On The Wharf,-36.8325741,174.7961716,"1 Queens Parade Devonport Wharf, Devonport, Auckland","restaurant,food,point_of_interest,establishment",restaurant
ChIJleQxuM43DW0RucR-W7KvhQY,Bema Takeaway & Cafe,-36.82108789999999,174.8047465,"NZ, 87 Vauxhall Road, Devonport, Auckland","meal_takeaway,restaurant,food,point_of_interest,establishment",restaurant
ChIJCRw5ZJY3DW0RCEL_XsOCAbo,Fishy Business,-36.8126391,174.7920836,"71A Lake Road, Devonport, Auckland","meal_takeaway,restaurant,food,point_of_interest,establishment",restaurant
ChIJHYcSOsM3DW0RKkGbuqiXOWA,The Nicolino Restaurant & Cube Bar,-36.8290156,174.797656,"103 Victoria Road, Devonport, Auckland","restaurant,meal_takeaway,bar,food,point_of_interest,establishment",restaurant
ChIJawQpNcM3DW0RK3cRC8PLoeU,Riba Fish & Chips,-36.82975749999999,174.7979887,"28 Victoria Road, Devonport, Auckland","restaurant,food,point_of_interest,establishment",restaurant
ChIJURSiN8M3DW0RTcPFgz10xqk,Corelli's Cafe,-36.8291851,174.7980746,"46 Victoria Road, Devonport, Auckland","restaurant,cafe,store,food,point_of_interest,establishment",restaurant
ChIJq-awYhs3DW0R8OrrzuqT_Rw,Go Goa Eatery - Clarry's,-36.8301294,174.7968953,"3/18 Clarence Street, Devonport, Auckland","cafe,restaurant,food,point_of_interest,establishment",restaurant
ChIJzWOAJ903DW0R43pQZW239fM,Asahi Japanese,-36.8306431,174.7969561,"9 Clarence Street, Devonport, Auckland","restaurant,food,point_of_interest,establishment",restaurant
ChIJm9I0lnM3DW0ReabLlirBmBs,Harry's Burger Punk,-36.8305526,174.7972835,"12b Clarence Street, Devonport, Auckland","restaurant,food,point_of_interest,establishment",restaurant
ChIJyeAv45o3DW0RRvAFzcWvF-w,Devonport Indian Hub,-36.8300792,174.797664,"71 Victoria Road, Devonport, Auckland","restaurant,food,point_of_interest,establishment",restaurant
ChIJ7xFKD-43DW0Rc-EfH14cYvs,The Next Station Chinese Cuisine 下一站茶餐廳,-36.83093340000001,174.7972854,"41 Victoria Road, Devonport, Auckland","restaurant,food,point_of_interest,establishment",restaurant
ChIJVzNh4dw3DW0RmwL4a_f0mag,Catch 22,-36.8314092,174.7969879,"19 Victoria Road, Devonport, Auckland","restaurant,food,point_of_interest,establishment",restaurant
ChIJFcO2tYg3DW0RfoZD4qsPC0k,Flying Rickshaw Indian Eatery Devonport,-36.82923699999999,174.7977705,"97 Victoria Road, Devonport, Auckland","restaurant,food,point_of_interest,establishment",restaurant
ChIJSwGAPp83DW0R3BpXVYOHDOo,DANRYU Japanese Seafood Restaurant,-36.83032970000001,174.797981,"10 Victoria Road, Devonport, Auckland","restaurant,food,point_of_interest,establishment",restaurant
ChIJq1DxOcM3DW0RaoDgcAlGASY,Cafe Hung Viet,-36.8291095,174.7977419,"101 Victoria Road, Devonport, Auckland","restaurant,food,point_of_interest,establishment",restaurant
ChIJCQhcKHM3DW0R4fs0QsXzdcc,So French Café,-36.83043869999999,174.7980612,"10 Victoria Road, Devonport, Auckland","restaurant,food,point_of_interest,establishment",restaurant
ChIJA2jC6pk3DW0R7pjvuepNB_g,Signal Hill Restaurant,-36.8299223,174.7981622,"24 Victoria Road, Devonport, Auckland","restaurant,bar,food,point_of_interest,establishment",restaurant
ChIJSXUhDLs3DW0RNU3yeZnFxsI,Akdeniz Bar Cafe Restaurant,-36.83164680000001,174.7968706,"5/15 Victoria Road, Devonport, Auckland","restaurant,food,point_of_interest,establishment",restaurant
ChIJ1ddPEaE3DW0R5-qdMPEHLhs,Sai Rung Thai Devonport,-36.8294686,174.7983265,"2A Rattray Street, Devonport, Auckland","restaurant,food,point_of_interest,establishment",restaurant
ChIJ8aqbcug3DW0RCCPg5r7FYPc,Calliope Road Café,-36.829125,174.7927599,"33 Calliope Road, Devonport, Auckland","cafe,restaurant,food,point_of_interest,establishment",restaurant
ChIJk5u-6qo3DW0R9yvtEgLZ-A0,The Kestrel,-36.8328742,174.7962341,"1 Queens Parade, Devonport, Auckland","bar,restaurant,food,point_of_interest,establishment",restaurant
ChIJi82i38Y3DW0RbIJmNlOjZT0,Kokodak Chicken - Devonport,-36.8331772,174.7962142,"unit 6/1 Queens Parade, Devonport, Auckland","meal_takeaway,restaurant,food,point_of_interest,establishment",restaurant
ChIJxwQTCKU3DW0RMX6a5bk4iok,Devonport Taupo Indian Cuisine Restaurant & Bar,-36.8261064,174.7963848,"161 Victoria Road, Devonport, Auckland","restaurant,food,point_of_interest,establishment",restaurant
ChIJb0lHJfw3DW0RKFoY3Vx4Qcg,Calimero Pizza Devonport,-36.8260625,174.796377,"163 Victoria Road, Devonport, Auckland","meal_delivery,meal_takeaway,restaurant,food,point_of_interest,establishment",restaurant
ChIJL7ubf883DW0Rmlu7wck6O9c,Dulcie,-36.8296467,174.8040482,"33 King Edward Parade, Devonport, Auckland","restaurant,food,point_of_interest,establishment",restaurant
ChIJU6PkdwA3DW0RJiejIc6jfWI,North Yard Galley,-36.8237865,174.7895669,"36 Abbotsford Terrace, Devonport, Auckland","restaurant,food,point_of_interest,establishment",restaurant
ChIJVxU2fJY3DW0RDmgmgHpVEZ4,The Taste Thai,-36.8128255,174.7921838,"3/67 Lake Road, Devonport, Auckland","meal_takeaway,restaurant,food,point_of_interest,establishment",restaurant
ChIJIcE8MV7Icm0RsIIjLfGy0Vs,Batch Winery,-36.8146204,175.08318,"129 Carsons Road, Waiheke Island","restaurant,food,point_of_interest,establishment",restaurant
ChIJzQgyUMEUDW0RXzUzYQLbTnY,The Cow Moo-Vers,-36.8127505,174.5478146,"517 Waitakere Road, Waitākere, Auckland","restaurant,food,point_of_interest,establishment",restaurant
ChIJ9Ux7D-E_DW0Rx6lw2QUQGtU,St Pierres Sushi (Westgate),-36.8133589,174.6092209,"57-65 Maki Street Westgate, Lifestyle Shopping, Whenuapai, Auckland","restaurant,food,point_of_interest,establishment",restaurant
ChIJMy2dYeE_DW0R5oGiqbCA-jU,"TANK Massey - Smoothies, Raw Juices, Salads & Wraps",-36.8135489,174.6093412,"57-61 Maki Street, Westgate, Auckland","meal_takeaway,restaurant,food,point_of_interest,establishment",restaurant
ChIJRxW42mAVDW0RbQcdC-Ejmb4,Source Cafe,-36.8082684,174.6016567,"1 Kawakawa Place, Whenuapai, Auckland","cafe,restaurant,food,point_of_interest,establishment",restaurant
ChIJYcMlBd8VDW0RjaeY7dM_1W4,Jax Burger Shack Westgate,-36.8089481,174.5995171,"7 Northside Drive, Westgate, Auckland","restaurant,food,point_of_interest,establishment",restaurant
ChIJf1MVIQAVDW0RMrsQ8zhCU3g,Ocean's Best,-36.7953364,174.6011161,"14 Brigham Creek Road, Whenuapai, Auckland","restaurant,food,point_of_interest,establishment",restaurant
ChIJz3C6TwAVDW0REpnntV9gGM8,Dosirock Foodie,-36.8112052,174.6045304,"33/47 Northside Drive, Westgate, Auckland","restaurant,food,point_of_interest,establishment",restaurant
ChIJ5T_tGAAVDW0RKArDj_MQTiA,金城烧腊,-36.8112052,174.6045304,"NZ Auckland Westgate, 33-47 Northside Drive, Westgate, Auckland","meal_takeaway,restaurant,food,point_of_interest,establishment",restaurant
ChIJD1IcIwAVDW0R8FoIQMDoqEo,瑞丰美食Ruifeng Kitchen(Foodie)- Westgate,-36.8112052,174.6045304,"33/47 Northside Drive, Westgate, Auckland","meal_takeaway,restaurant,food,point_of_interest,establishment",restaurant
ChIJkTAFTJM_DW0RDvXAKn1s7hE,Carl's Jr Westgate,-36.8111978,174.6056059,"2 Kakano Road, Westgate, Auckland","restaurant,food,point_of_interest,establishment",restaurant
ChIJa_WRjHA_DW0RDBlnOxobYZk,KFC,-36.8114678,174.605616,"2 Kakano Road, Westgate, Auckland","restaurant,food,point_of_interest,establishment",restaurant
ChIJvQYzMQAVDW0RQ5D0KyLEz0c,Taco Bell Westgate,-36.8116627,174.6056592,"2 Kakano Road, Westgate, Auckland","restaurant,food,point_of_interest,establishment",restaurant
ChIJqXhbMAAVDW0R2tvqMGM0oF4,McDonald’s Westgate North,-36.81210319999999,174.6057337,"9 Kakano Road, Westgate, Auckland","restaurant,food,point_of_interest,establishment",restaurant
ChIJhaSNAAA_DW0Rv6gVNOpMtfU,Costco Food Court Westgate,-36.810807,174.608587,"67 Maki Street, Westgate, Auckland","restaurant,food,point_of_interest,establishment",restaurant
ChIJN9bCmdM_DW0RK1CDEa9RtnY,The Parkhouse Whenuapai Cafe & Eatery,-36.7925092,174.6124998,"1 Ripeka Lane, Whenuapai, Auckland","cafe,restaurant,food,point_of_interest,establishment",restaurant
ChIJScBSCho_DW0RHv11kQUge4M,Curry Leaf Whenuapai,-36.7931737,174.6149363,"61 Brigham Creek Road, Whenuapai, Auckland","restaurant,food,point_of_interest,establishment",restaurant
ChIJVe33adI_DW0RQGGoiTOt2Dk,Whenuapai Roast,-36.7932095,174.6151683,"69 Brigham Creek Road, Whenuapai, Auckland","meal_takeaway,restaurant,food,point_of_interest,establishment",restaurant
ChIJSURsctI_DW0Ry3MHTDHD0Wg,Euro Pizza & Takeaway,-36.79336199999999,174.6159066,"81 Brigham Creek Road, Whenuapai, Auckland","meal_takeaway,restaurant,food,point_of_interest,establishment",restaurant
ChIJNYkeM7A_DW0Ro4kLgF_23k8,The Brigham Restaurant & Cafe,-36.798615,174.636619,"164 Brigham Creek Road, Whenuapai, West Auckland","cafe,restaurant,food,point_of_interest,establishment",restaurant
ChIJxYj75qk_DW0RQxQTezS9Bm8,Cilantro,-36.7980475,174.6480737,"124 Hobsonville Road, Hobsonville, Auckland","meal_delivery,meal_takeaway,restaurant,food,point_of_interest,establishment",restaurant
ChIJxYj75qk_DW0RguGaKy9hTEI,"TANK Hobsonville - Smoothies, Raw Juices, Salads & Wraps",-36.79802759999999,174.648182,"124 Hobsonville Road, Hobsonville, Auckland","meal_takeaway,restaurant,food,point_of_interest,establishment",restaurant
ChIJxYj75qk_DW0RTvdoSmtmLF8,Edo Sushi,-36.7978241,174.6481867,"124 Hobsonville Road, Hobsonville, Auckland","restaurant,food,point_of_interest,establishment",restaurant
ChIJxYj75qk_DW0R_iO9IEcpeH0,Hobson Roast Fish n Chips,-36.79790709999999,174.6482413,"103/124 Hobsonville Road, Hobsonville, Auckland","restaurant,food,point_of_interest,establishment",restaurant
ChIJGfhsagc_DW0RgWRoP2a3kd0,Domino's Pizza Hobsonville,-36.7977698,174.6488097,"124 Hobsonville Road, Hobsonville, Auckland","meal_delivery,meal_takeaway,restaurant,food,point_of_interest,establishment",restaurant
ChIJxaEnDOQ_DW0RsKz74kANQqs,JM Cakery,-36.8062354,174.6361026,"102c Hobsonville Road, Hobsonville, Auckland","bakery,restaurant,food,store,point_of_interest,establishment",restaurant
ChIJD_VB_7s_DW0R17MEnzOZ7nk,PhoDays,-36.8047136,174.637302,"106 Hobsonville Road, Hobsonville, Auckland","restaurant,food,point_of_interest,establishment",restaurant
ChIJBf6ooYc_DW0R6_13Lcenkr0,Peko Peko,-36.806315,174.6362267,"102C Hobsonville Road, Hobsonville, Auckland","restaurant,food,point_of_interest,establishment",restaurant
ChIJrxucsHY_DW0Rnqwi85ucyQY,Amore Italiano restaurant,-36.80620589999999,174.6363523,"102C Hobsonville Road, Hobsonville, Auckland","restaurant,food,point_of_interest,establishment",restaurant
ChIJv4HQ41M_DW0RXhK4hCfv3gQ,Pizza Hut,-36.80648459999999,174.6361138,"102C Hobsonville Road, Hobsonville, Auckland","meal_delivery,meal_takeaway,restaurant,food,point_of_interest,establishment",restaurant
ChIJr2jOPa0_DW0RrfACc0lNG58,Pizza Pirates,-36.80728479999999,174.6350828,"102 Hobsonville Road, Hobsonville, Auckland","restaurant,food,point_of_interest,establishment",restaurant
ChIJIaNVJMk5DW0RKsAseX6PkAE,Taiyo-KARAAGE,-36.8087439,174.6340002,"98 Hobsonville Road, Hobsonville, Auckland","meal_takeaway,restaurant,food,point_of_interest,establishment",restaurant
ChIJ2cVW-_c_DW0RSWnUT8FN6nw,Del Popolo Pizza,-36.8016525,174.6401872,"114 Hobsonville Road, Hobsonville, Auckland","restaurant,food,point_of_interest,establishment",restaurant
ChIJsVprZCM_DW0RWVI9__34AIo,Beach Pizza Hobsonville - Pizza Shop - Takeaway Pizza,-36.8107868,174.6323905,"90A Hobsonville Road, Hobsonville, Auckland","meal_takeaway,restaurant,food,point_of_interest,establishment",restaurant
ChIJQwsyoyo_DW0RhPtfosjMYkM,Spicy Pot Lanka,-36.8108768,174.6329264,"42/90 Hobsonville Road, West Harbour, Auckland","grocery_or_supermarket,restaurant,food,store,point_of_interest,establishment",restaurant
ChIJjTMsNklHDW0REDP8xH9HKSM,Ginger's pantry,-36.8110711,174.6310557,"25/74 Westpoint Drive, Hobsonville, Auckland","meal_takeaway,restaurant,food,point_of_interest,establishment",restaurant
ChIJIxXgsB0_DW0R7fEfhAbGRZE,Ramen Takara Food Truck,-36.80015479999999,174.6415537,"179 Brigham Creek Road, Hobsonville, Auckland","meal_takeaway,restaurant,food,point_of_interest,establishment",restaurant
ChIJzfc7HXRBDW0RMXVpvnGZyYM,Malu fish and chips,-36.80015479999999,174.6415537,"179 Brigham Creek Road, Hobsonville, Auckland","meal_takeaway,restaurant,food,point_of_interest,establishment",restaurant
ChIJHXQuAAA_DW0RQNpfsMST2lk,Food Tree,-36.80025560000001,174.6417184,"179 Brigham Creek Road, Hobsonville, Auckland","restaurant,food,point_of_interest,establishment",restaurant
ChIJ91Zb1ng_DW0RbSAWoxPSVIg,Neeru`s Indian Kitchen,-36.8120023,174.6330068,"181A Hobsonville Road, Hobsonville, Auckland","restaurant,food,point_of_interest,establishment",restaurant
ChIJr0yXG7Y_DW0R1jqfESjTnSk,W Restaurant W先生的店,-36.79904680000001,174.6455641,"120 Hobsonville Road, Hobsonville, Auckland","restaurant,food,point_of_interest,establishment",restaurant
ChIJnVZQjvo_DW0RCare48D22r0,Tok Tok Hobsonville,-36.7990135,174.6456865,"120 Hobsonville Road, Hobsonville, Auckland","restaurant,food,point_of_interest,establishment",restaurant
ChIJkXUlM94_DW0Rziy7olH8jCs,Kneads All Day,-36.7988868,174.6458753,"120 Hobsonville Road, Hobsonville, Auckland","cafe,restaurant,food,point_of_interest,establishment",restaurant
ChIJN6JoMQo_DW0RoFI5xpDslNg,K Chicken Hobsonville,-36.79806549999999,174.6478531,"124 Hobsonville Road, Hobsonville, Auckland","meal_takeaway,restaurant,food,point_of_interest,establishment",restaurant
ChIJS6HEZgc_DW0RWkYkkB2aciY,Kofte Kofte Hobsonville,-36.7979672,174.6482279,"124 Hobsonville Road, Hobsonville, Auckland","restaurant,food,point_of_interest,establishment",restaurant
ChIJhy4iMtY_DW0RdDZQFmkUXYw,JIMIJIMI X CHÁ+ Hobsonville 鸡咪x茶家,-36.7978521,174.6482175,"124 Hobsonville Road, Hobsonville, Auckland","restaurant,food,point_of_interest,establishment",restaurant
ChIJV7YD56k_DW0RvhnNHruK8Jw,The Coffee Club Hobsonville,-36.7979731,174.6485146,"124 Hobsonville Road, Hobsonville, Auckland","cafe,restaurant,food,point_of_interest,establishment",restaurant
ChIJ6zsiQgc_DW0Rl-5_SlrANNM,Golden Silk Thai Hobsonville Branch,-36.79773040000001,174.6486608,"124 Hobsonville Road, Hobsonville, Auckland","restaurant,food,point_of_interest,establishment",restaurant
ChIJJe3_EQc_DW0RAdswmXZdTGw,Red Robin Fine Takeaways,-36.7982478,174.649503,"10 Clark Road, Hobsonville, Auckland","meal_takeaway,restaurant,food,point_of_interest,establishment",restaurant
ChIJM3GjUpA_DW0RTTlbz34EWgU,ESS Combined Mess,-36.7870042,174.6218786,"1 Tainui Crescent, Whenuapai, Auckland","restaurant,food,point_of_interest,establishment",restaurant
ChIJlR7t9eI-DW0RC8g-1h7l-pc,Catalina Cafe & Bar,-36.79037839999999,174.6608025,"99 Buckley Avenue, Hobsonville, Auckland","cafe,bar,store,restaurant,food,point_of_interest,establishment",restaurant
ChIJGbJXcR0_DW0RhM0F57BHoDk,Indian Summer,-36.7925552,174.6605517,"6/160 Hobsonville Point Road, (Enter from, De Havilland Road, Hobsonville, Auckland","restaurant,food,point_of_interest,establishment",restaurant
ChIJdY5V45k_DW0RcHX6lU3CAz8,Srilankan Daily Dish Restaurant,-36.79551619999999,174.6564416,"2 Uku Lane, Hobsonville, Auckland","restaurant,food,point_of_interest,establishment",restaurant
ChIJuw6_IgM_DW0R2bNlFJ5HTjw,25ml,-36.79477639999999,174.6571137,"72a Hobsonville Point Road, Hobsonville, Auckland","cafe,restaurant,food,point_of_interest,establishment",restaurant
ChIJmzxqEB0_DW0RGK6UqopAcJM,Hobsonville Sushi,-36.7934112,174.6602376,"152 Hobsonville Point Road, Hobsonville, Auckland","restaurant,food,point_of_interest,establishment",restaurant
ChIJtQ_lrLM_DW0RyWhZO4R2g_I,Truly Indian Flavours,-36.7956949,174.6553403,"85C Hobsonville Point Road, Hobsonville, Auckland","meal_takeaway,restaurant,food,point_of_interest,establishment",restaurant
ChIJSSO9g2M_DW0RYgO4C8XebMo,77 Taste,-36.7927138,174.6608021,"NZ, 4/160 Hobsonville Point Road, Hobsonville, Auckland","restaurant,food,point_of_interest,establishment",restaurant
ChIJkXsDdB0_DW0RbX0wwEWC63U,160 Hobsonville Point Cafe,-36.7926631,174.6606553,"5/160 Hobsonville Point Road, Hobsonville, Auckland","cafe,restaurant,food,point_of_interest,establishment",restaurant
ChIJvYqKlGw_DW0Rgq5cwe2VYbM,Pizza Club Max Hobsonville,-36.7924409,174.6604132,"7/160 Hobsonville Point Road, Hobsonville, Auckland","meal_takeaway,restaurant,food,point_of_interest,establishment",restaurant
ChIJm3DZB6U_DW0R27z_dPg5r-k,Siamese Doll,-36.7889406,174.6712691,"3 Boundary Road, Hobsonville, Auckland","restaurant,food,point_of_interest,establishment",restaurant
ChIJh56_AR0_DW0RjmD_78w3mpk,Fabric Cafe Bistro,-36.78838749999999,174.671535,"8 Boundary Road, Hobsonville, Auckland","cafe,restaurant,food,point_of_interest,establishment",restaurant
ChIJgQ0YM-o4DW0RKjM7UTgpn2s,Domino's Pizza Birkenhead,-36.81107739999999,174.712971,"Unit A/174 Mokoia Road, Chatswood, Auckland","meal_delivery,meal_takeaway,restaurant,food,point_of_interest,establishment",restaurant
ChIJS7s5aNM4DW0RlhxSZoU8_Ts,Sun Ma Takeaways,-36.7991488,174.6910246,"229 Rangatira Road, Beach Haven, Auckland","meal_takeaway,restaurant,food,point_of_interest,establishment",restaurant
ChIJwwwLgtU-DW0RwNlvZ1YZbto,Beachhaven Takeaways,-36.7923122,174.6871088,"7A Sunnyhaven Avenue, Beach Haven, Auckland","meal_takeaway,restaurant,food,point_of_interest,establishment",restaurant
ChIJo_gnlMQ4DW0RAvZTT62kJas,Mint Leaf Indian Takeaways,-36.8058387,174.7044381,"36 Birkdale Road, Birkdale, Auckland","restaurant,food,point_of_interest,establishment",restaurant
ChIJN1WDeNU-DW0RkcJ8WJwon-U,Haven Sushi,-36.7923155,174.6871686,"7 Sunnyhaven Avenue, Beach Haven, Auckland","restaurant,food,point_of_interest,establishment",restaurant
ChIJZRIYM-o4DW0R-fLYsmuYelo,Best Sushi Factory Birkenhead,-36.8111361,174.7132162,"174 Mokoia Road, Birkenhead, Auckland","restaurant,food,point_of_interest,establishment",restaurant
ChIJ_Vgkwus4DW0RbcAU73in8Lg,The Mediterranean,-36.8111942,174.7144373,"v/162 Mokoia Road, Chatswood, Auckland","restaurant,bar,food,point_of_interest,establishment",restaurant
ChIJT5IiTwA5DW0RCSKENlno9ZY,Lazeez kebabs&burgers,-36.7985088,174.7007989,"154 Birkdale Road, Birkdale, Auckland","restaurant,food,point_of_interest,establishment",restaurant
ChIJM4wh-tk4DW0RKzuFqyE7Sfw,Golden Ye Takeaways,-36.7983799,174.7007607,"158 Birkdale Road, Birkdale, Auckland","meal_takeaway,restaurant,food,point_of_interest,establishment",restaurant
ChIJ51tC_Nk4DW0RXoU5yr09lS0,Archer Sushi Birkdale,-36.7983473,174.7007673,"156 Birkdale Road, Birkdale, Auckland","restaurant,food,point_of_interest,establishment",restaurant
ChIJKafi3dc5DW0Rp6jXGnA9t54,Boss dogs nz,-36.7988676,174.691812,"46 Lysander Crescent, Beach Haven, Auckland","restaurant,food,point_of_interest,establishment",restaurant
ChIJAQVpRc84DW0Rv7x-D_kvs0c,PK Thai Takeaway,-36.8086486,174.6994842,"68B Rangatira Road, Beach Haven, Auckland","meal_takeaway,restaurant,food,point_of_interest,establishment",restaurant
ChIJO9zDWTI5DW0RWkKjMMzb7Jw,Elijah Denesik,-36.8058154,174.7044497,"36 Birkdale Road, Birkdale, Auckland","restaurant,food,point_of_interest,establishment",restaurant
ChIJy14XlXc5DW0Rq0ft85lYNHU,Passion Bakery,-36.80584329999999,174.7044883,"34 Birkdale Road, Birkdale, Auckland","bakery,meal_takeaway,store,restaurant,food,point_of_interest,establishment",restaurant
ChIJE1aHeaw5DW0R-E8NkD6yaso,Ohui Restaurant,-36.8064415,174.7045473,"6 Birkdale Road, Birkdale, Auckland","restaurant,food,point_of_interest,establishment",restaurant
ChIJnezVhCg5DW0RixVXfwGNo4Y,Curry cottage Indian takeway,-36.79247689999999,174.70129,"8 Levesque Street, Beach Haven, Auckland","restaurant,food,point_of_interest,establishment",restaurant
ChIJE0NE7Cc5DW0RO7bzNgHpU9M,Birkdale Indian Takeaways,-36.7924067,174.7012559,"8 Levesque Street, Beach Haven, Auckland","restaurant,food,point_of_interest,establishment",restaurant
ChIJYeYjDdU-DW0R4XjDlacAvCo,Domino's Pizza Beach Haven,-36.7913578,174.6875487,"104 Beach Haven Road, Beach Haven, Auckland","restaurant,food,point_of_interest,establishment",restaurant
ChIJzV-Wefk_DW0R-Es54wfbZR8,Mahi Kitchen,-36.7926782,174.6876873,"344A Rangatira Road, Beach Haven, Auckland","meal_takeaway,restaurant,food,point_of_interest,establishment",restaurant
ChIJoUgef9U-DW0RCpPnbzbNpzE,Roast Shop,-36.79247149999999,174.6873976,"6 Sunnyhaven Avenue, Beach Haven, Auckland","meal_takeaway,restaurant,food,point_of_interest,establishment",restaurant
ChIJZYFGcdU-DW0RM3tnOB7cmCM,Kebabylon,-36.7918764,174.6875711,"337 Rangatira Road, Beach Haven, Auckland","restaurant,food,point_of_interest,establishment",restaurant
ChIJ92MWbIg5DW0RipRZq3B2akQ,Butter Chicken Palace Beach Heaven,-36.7895737,174.6949869,"213 Beach Haven Road, Beach Haven, Auckland","restaurant,food,point_of_interest,establishment",restaurant
ChIJweVVaL45DW0RgyOhAnlWjko,North India Cuisine,-36.7895554,174.6950298,"213 Beach Haven Road, Beach Haven, Auckland","meal_takeaway,restaurant,food,point_of_interest,establishment",restaurant
ChIJfx1wm5U_DW0RjCgKZU_MOrs,North Haven Cafe & Restaurant,-36.7918271,174.6870279,"366 Rangatira Road, Beach Haven, Auckland","bar,cafe,restaurant,food,store,point_of_interest,establishment",restaurant
ChIJjUTHe4U_DW0R0RTRHJ1deBo,Haven's Pizza,-36.7918161,174.6870335,"366 Rangatira Road, Beach Haven, Auckland","meal_takeaway,restaurant,food,point_of_interest,establishment",restaurant
ChIJ1WB2Oeo4DW0RYdgubuLrQ5s,wildbean cafe,-36.81102599999999,174.7121534,"172/178 Mokoia Road, Chatswood, Auckland","cafe,bakery,restaurant,food,store,point_of_interest,establishment",restaurant
ChIJ_0onA4U5DW0RCuTf1U1Y2ps,Crazy Chicken,-36.81107279999999,174.7132545,"5/174 Mokoia Road, Chatswood, Northshore","restaurant,food,point_of_interest,establishment",restaurant
ChIJ8WJHdfQ4DW0RA9WZnq6RwWk,Blitza Pizza,-36.8119923,174.7264084,"9 Birkenhead Avenue, Birkenhead, Auckland","restaurant,meal_takeaway,food,point_of_interest,establishment",restaurant
ChIJKfVotvM4DW0RvEM-hCbY3QU,Sagar Indian Restaurant,-36.8114203,174.7235859,"73 Mokoia Road, Birkenhead, Auckland","restaurant,food,point_of_interest,establishment",restaurant
ChIJJawgVvE4DW0RtiWDR2pZZ3A,The Good Home Birkenhead,-36.8105559,174.7260426,"83 Birkenhead Avenue, Birkenhead, Auckland","restaurant,bar,food,point_of_interest,establishment",restaurant
ChIJBXjya_I4DW0RZ_clLWSaNKQ,Bungalo Cafe,-36.8119779,174.7220875,"96 Mokoia Road, Birkenhead, Auckland","cafe,store,restaurant,food,point_of_interest,establishment",restaurant
ChIJ2ViA9fM4DW0RibWoePOy3A4,Thai Yum Food Hut,-36.8117383,174.7263368,"23 Birkenhead Avenue, Birkenhead, Auckland","restaurant,food,point_of_interest,establishment",restaurant
ChIJlUMhyfM4DW0R7IhEfQtD3ZA,Golden Phoenix 廣鴻,-36.8114242,174.7240295,"Level 1/63 Mokoia Road, Birkenhead, Auckland","meal_delivery,meal_takeaway,restaurant,food,point_of_interest,establishment",restaurant
ChIJXfoM9FY4DW0RDmCLLbckxFk,The Flaming Onion HQ,-36.801765,174.7344661,"Shop 6/1 Lydia Avenue, Northcote, Auckland","meal_takeaway,restaurant,food,point_of_interest,establishment",restaurant
ChIJXYbAtvM4DW0RMDRIv1SuS2Q,China Hong Kong Cuisine Restaurant,-36.8121203,174.724045,"64 Mokoia Road, Birkenhead, Auckland","restaurant,food,point_of_interest,establishment",restaurant
ChIJuaipCvQ4DW0RG8Te4pD_fBY,Noodle Canteen,-36.8118746,174.7263467,"15 Birkenhead Avenue, Birkenhead, Auckland","meal_takeaway,restaurant,food,point_of_interest,establishment",restaurant
ChIJpZHXu_M4DW0RwhdH4Sixw5c,Pine House Restaurant,-36.81215939999999,174.7247318,"50 Mokoia Road, Birkenhead, Auckland","restaurant,food,point_of_interest,establishment",restaurant
ChIJB-SikPY4DW0RfbrfIDaiusg,Flying Horse Birkenhead,-36.8120298,174.7238081,"70 Mokoia Road, Birkenhead, Auckland","meal_takeaway,restaurant,food,point_of_interest,establishment",restaurant
ChIJrwyCXEE4DW0ROF-Sgu42qAQ,KFC,-36.8104518,174.7252838,"52 Birkenhead Avenue, Birkenhead, Auckland","meal_takeaway,restaurant,food,point_of_interest,establishment",restaurant
ChIJS0Fj8fM4DW0RuMQKes80rSg,The Curry Master,-36.81153089999999,174.725895,"18 Birkenhead Avenue, Birkenhead, Auckland","meal_delivery,meal_takeaway,restaurant,food,point_of_interest,establishment",restaurant
ChIJhwXjCvQ4DW0RH-R0sdJsG9U,BBC Tasting Studio by Birkenhead Brewing Co.,-36.81180550000001,174.7264826,"17 Birkenhead Avenue, Birkenhead, Auckland","restaurant,bar,food,point_of_interest,establishment",restaurant
ChIJKzWd5Vs4DW0RWpiC2WiUWTc,Pita Pit,-36.8102274,174.737289,"119 Onewa Road, Northcote, Auckland","restaurant,food,point_of_interest,establishment",restaurant
ChIJx3VF9PM4DW0RuJz6qWKACrY,Abruzzo Ristorante Italiano,-36.8119134,174.7264079,"13 Birkenhead Avenue, Birkenhead, Auckland","restaurant,food,point_of_interest,establishment",restaurant
ChIJCzzgWPE4DW0RF3YyvEbf180,Sal's Authentic NY Pizza Birkenhead,-36.8118859,174.7243853,"37 Mokoia Road, Birkenhead, Auckland","restaurant,food,point_of_interest,establishment",restaurant
ChIJvwgd2oSLMW0RhxfSe0iKFwI,HELL Pizza Birkenhead,-36.8107179,174.7256023,"38 Birkenhead Avenue, Birkenhead, Auckland","meal_delivery,meal_takeaway,restaurant,food,point_of_interest,establishment",restaurant
ChIJ70fCGCM5DW0R0Z7v97fom0M,Lunch Dinner,-36.801643,174.7209163,"44 Park Hill Road, Birkenhead, Auckland","meal_takeaway,restaurant,food,point_of_interest,establishment",restaurant
ChIJdYUdJ6c5DW0RE9DrWpQrg1A,"TANK Highbury - Smoothies, Raw Juices, Salads & Wraps",-36.81009179999999,174.7254879,"1 Cnr Highbury Bypass &, Birkenhead Avenue, Birkenhead, Auckland","restaurant,food,point_of_interest,establishment",restaurant
ChIJDRLmlls5DW0RDnPptvyAPZw,Der Schnitzelwagen,-36.7968289,174.7234119,"Opposite 207 Glenfield Road, Hillcrest, Auckland","restaurant,food,point_of_interest,establishment",restaurant
ChIJTVvKs5E5DW0RFcWmk9551Zw,McDonald's Birkenhead,-36.8103466,174.7249622,"50 Birkenhead Avenue, Birkenhead, Auckland","restaurant,food,point_of_interest,establishment",restaurant
ChIJNaQrwF45DW0R44hKhHPnlds,TANO SUSHI&DON,-36.8106898,174.7258294,"75 Birkenhead Avenue, Birkenhead, Auckland","restaurant,food,point_of_interest,establishment",restaurant
ChIJ7WqIoI85DW0RgeIJT31pk9Q,Broke Boy Taco,-36.810844,174.7256526,"32 Birkenhead Avenue, Birkenhead, Auckland","restaurant,food,point_of_interest,establishment",restaurant
ChIJl9b3DU05DW0RS6FAv_HY15Y,Real Burger,-36.8109101,174.7256596,"30 Birkenhead Avenue, Birkenhead, Auckland","restaurant,food,point_of_interest,establishment",restaurant
ChIJvSuQJpw5DW0Rmt-TMbj8w5g,Birkenhead Bakery & Lunch Bar,-36.8110598,174.7260242,"57 Birkenhead Avenue, Birkenhead, Auckland","meal_takeaway,restaurant,food,point_of_interest,establishment",restaurant
ChIJh0fGcHI5DW0RIJqwaHV8cQ0,VN Express Birkenhead,-36.811075,174.7260576,"63 Birkenhead Avenue, Birkenhead, Auckland","restaurant,food,point_of_interest,establishment",restaurant
ChIJ2ax5EKI5DW0Rju0WoZDY55Y,Little Miss Saigon (VN Express),-36.811076,174.7260291,"63 Birkenhead Avenue, Birkenhead, Auckland","meal_takeaway,restaurant,food,point_of_interest,establishment",restaurant
ChIJIcKvVkk5DW0RInyjuBSf2yM,KAAF INDIAN CUISINE,-36.795987,174.736405,"55 Eban Avenue, Hillcrest, Auckland","restaurant,food,point_of_interest,establishment",restaurant
ChIJO75wukw5DW0RJngMpkgfnVU,All About Mandu (대박 만두),-36.8112611,174.7261172,"47 Birkenhead Avenue, Birkenhead, Auckland","restaurant,food,point_of_interest,establishment",restaurant
ChIJt6_3g5Q5DW0RULOU92qEE7A,Lok Green,-36.8113772,174.7262955,"39 Birkenhead Avenue, Birkenhead, Auckland","restaurant,food,point_of_interest,establishment",restaurant
ChIJl5380sg5DW0R4XJiZAwXcD8,Maki Sushi Highbury,-36.81099389999999,174.7246941,"NZ Auckland Birkenhead 1 Cnr Highbury Bypass, Birkenhead Avenue, Birkenhead, &","meal_takeaway,restaurant,food,point_of_interest,establishment",restaurant
ChIJE3ATltM5DW0RN1iB-Z246EU,Me & chef Birkenhead,-36.8110829,174.7246524,"Highbury Bypass, Birkenhead, Auckland","meal_takeaway,restaurant,food,point_of_interest,establishment",restaurant
ChIJ-5zWDAE5DW0RUGI_V-I_-fU,Provecho,-36.8116372,174.7259307,"12/14 Birkenhead Avenue, Birkenhead, Auckland","restaurant,food,point_of_interest,establishment",restaurant
ChIJYcHc7mg5DW0R3-diIFEWn24,Burger Geek (Birkenhead),-36.8111433,174.7244674,"Highbury Mall, foodcourt 37 Mokoia Road, Birkenhead, Auckland","restaurant,food,point_of_interest,establishment",restaurant
ChIJafGwdfQ4DW0RZmsd5FRceU4,Fika With Me,-36.8121177,174.7264884,"5 Birkenhead Avenue, Birkenhead, Auckland","cafe,store,restaurant,food,point_of_interest,establishment",restaurant
ChIJa5748gs5DW0RGMx_RcTKR-I,Genzui Ramen Bar,-36.812135,174.72646,"3 Birkenhead Avenue, Birkenhead, Auckland","restaurant,food,point_of_interest,establishment",restaurant
ChIJD-hbjPM4DW0RIIkdLCzf_6k,Highbury Fisheries,-36.8120907,174.7259124,"3 Mokoia Road, Birkenhead, Auckland","restaurant,store,food,point_of_interest,establishment",restaurant
ChIJSQRlc4A5DW0RRCnUFmRgOMo,Burrito_House_Birkenhead,-36.81194479999999,174.7253498,"17 Mokoia Road, Birkenhead, Auckland","restaurant,food,point_of_interest,establishment",restaurant
ChIJwaPolPM4DW0RHSKdXsNmYe0,Chef Rasa Sayang,-36.81196409999999,174.7252319,"25 Mokoia Road, Birkenhead, Auckland","restaurant,food,point_of_interest,establishment",restaurant
ChIJCZtElPM4DW0RTb_jcVLj7QQ,Yummy Korean BBQ,-36.8119778,174.7251806,"23 Mokoia Road, Birkenhead, Auckland","restaurant,food,point_of_interest,establishment",restaurant
ChIJiZuav_M4DW0RLZjOukcKPuM,Kebab Serai,-36.8118799,174.7248241,"5/27 Mokoia Road, Birkenhead, Auckland","restaurant,food,point_of_interest,establishment",restaurant
ChIJVRaut_M4DW0RTdNO0162CyQ,Sushi-Ya Sushi,-36.81151739999999,174.7238131,"67 Mokoia Road, Birkenhead, Auckland","restaurant,food,point_of_interest,establishment",restaurant
ChIJrxeut_M4DW0RpdP7Ff-oSwY,Mokoia Food Hub,-36.81150720000001,174.723763,"69 Mokoia Road, Birkenhead, Auckland","meal_takeaway,restaurant,food,point_of_interest,establishment",restaurant
ChIJKfVotvM4DW0RmgigDzoxm0E,St Honores Bakery,-36.8114962,174.7236997,"71 Mokoia Road, Birkenhead, Auckland","bakery,cafe,store,restaurant,food,point_of_interest,establishment",restaurant
ChIJ_dbpj_M5DW0RGecVt8_3SH8,Indian Heritage,-36.8106505,174.7378724,"110 Onewa Road, Northcote, Auckland","meal_takeaway,restaurant,food,point_of_interest,establishment",restaurant
ChIJT_XPf9Y5DW0RtnyA6elHenU,The Spencer Hotel,-36.79082269999999,174.7711888,"203/17 Byron Avenue, Takapuna Beach, Auckland","lodging,restaurant,food,point_of_interest,establishment",restaurant
ChIJrWCqjJk3DW0RRQeywthb78o,Hell Pizza Takapuna,-36.7903924,174.7727847,"447A Lake Road, Takapuna, Auckland","meal_delivery,meal_takeaway,restaurant,food,point_of_interest,establishment",restaurant
ChIJV_0lHYI3DW0RziMixoNrOwE,Kabana Indian Cuisine,-36.79750719999999,174.7787049,"3/335 Lake Road, Hauraki, Auckland","meal_delivery,meal_takeaway,restaurant,food,point_of_interest,establishment",restaurant
ChIJ0XAQwtY5DW0Rq55M3D7tBao,Dak Hanmari Korean BBQ,-36.7892528,174.7692979,"5 Auburn Street, Takapuna, Auckland","restaurant,food,point_of_interest,establishment",restaurant
ChIJM7KaX7Q5DW0RSCfSluNtMc4,McDonald's Akoranga Drive,-36.79280759999999,174.7484996,"3 Akoranga Drive, Northcote, Auckland","restaurant,food,point_of_interest,establishment",restaurant
ChIJ1UV3PtY5DW0RtlQ6bNVlhb0,Flying Horse Takapuna,-36.78960309999999,174.7724404,"477 Lake Road, Takapuna, Takapuna Beach","meal_takeaway,restaurant,food,point_of_interest,establishment",restaurant
ChIJF7eiOrQ5DW0RSNf5J1Vr_Ss,The Backyard Bar & Restaurant,-36.79080279999999,174.7491131,"31 Northcote Road, Hillcrest, Auckland","restaurant,bar,food,point_of_interest,establishment",restaurant
ChIJiZKjbM1HDW0RDR3K1lSdDhM,Free Range Chef - Catering Auckland,-36.7908658,174.7712237,"9/17 Byron Avenue, Takapuna Beach, Takapuna, Auckland","restaurant,food,point_of_interest,establishment",restaurant
ChIJPcLRE9Y5DW0RQZ1nE15d6y4,Street Organics,-36.7902817,174.7722804,"1 Byron Avenue, Takapuna, Auckland","cafe,bar,restaurant,food,point_of_interest,establishment",restaurant
ChIJaVBq9tY5DW0ROY9aB4eIZXY,Honey Cafe Takapuna,-36.789381,174.7706559,"12 Huron Street, Takapuna, Auckland","cafe,restaurant,food,point_of_interest,establishment",restaurant
ChIJaRccUdY5DW0RKSez2cnFIUU,Ajisen Ramen (Takapuna) Restaurant,-36.7895218,174.7714687,"3 Northcroft Street, off 6/Huron Street, Takapuna, Auckland","restaurant,food,point_of_interest,establishment",restaurant
ChIJd_xhGNY5DW0RzwBhNjk6c9I,Basu Lounge,-36.7898445,174.7728882,"452 Lake Road, Takapuna, Beach","restaurant,food,point_of_interest,establishment",restaurant
ChIJmTH9HtY5DW0RBMZimDpRLzw,Noodle Canteen,-36.79003640000001,174.7731417,"438 Lake Road, Takapuna, Auckland","restaurant,food,point_of_interest,establishment",restaurant
ChIJ43y8JLQ5DW0RMN47Whk85wY,Bushman's Grill,-36.7909021,174.7489471,"31 Northcote Road, Hillcrest, Auckland","restaurant,food,point_of_interest,establishment",restaurant
ChIJY_0HFX83DW0Ra-ibdnaXXW0,Kyoto,-36.7878956,174.7698212,"Como St &, Lake Road, Takapuna, Auckland","restaurant,food,point_of_interest,establishment",restaurant
ChIJH1U3NNY5DW0R03a-8cNZdQk,"TANK Hurstmere Road - Smoothies, Raw Juices, Salads & Wraps",-36.7887006,174.7722347,"6 Hurstmere Road, Takapuna, Auckland","meal_takeaway,restaurant,food,point_of_interest,establishment",restaurant
ChIJQU_qMc85DW0R5KcoXkrtyJ0,Marcrest Designs,-36.7872338,174.7580186,"46 Taharoto Road, Takapuna, Auckland","restaurant,food,point_of_interest,establishment",restaurant
ChIJ8dwZG9c5DW0R2RzQaFZ9H24,"TANK Shore City Takapuna - Smoothies, Raw Juices, Salads & Wraps",-36.787789,174.770078,"Shore City, CNR Como &, Lake Road, Takapuna, Auckland","meal_takeaway,restaurant,food,point_of_interest,establishment",restaurant
ChIJ43y8JLQ5DW0RPbScC1uT2xQ,Mr India Restaurant Northcote,-36.7907017,174.7491596,"31 Northcote Road, Hillcrest, Auckland","restaurant,food,point_of_interest,establishment",restaurant
ChIJZaF6crQ5DW0R3jxBKO9glRQ,Subway,-36.79141139999999,174.7479676,"1 Sunnybrae Road, Hillcrest, Auckland","restaurant,food,point_of_interest,establishment",restaurant
ChIJ40BiI7Q5DW0R5jE40LOqwFU,Kebab Fuel Halal,-36.790924,174.7485504,"31 Northcote Road, Hillcrest, Auckland","restaurant,food,point_of_interest,establishment",restaurant
ChIJXel5x9c5DW0RH0yTwAMD8sw,Burger Burger Takapuna,-36.7875449,174.771981,"40 Hurstmere Road, Takapuna, Auckland","restaurant,food,point_of_interest,establishment",restaurant
ChIJpRJuxtc5DW0RSxUAUD6kGaQ,El Humero,-36.78765949999999,174.772477,"3/40 Hurstmere Road, Takapuna, Auckland","restaurant,food,point_of_interest,establishment",restaurant
ChIJjUl7xtc5DW0RsWjxnCFNEHU,Dante’s Pizzeria Takapuna,-36.78765949999999,174.772477,"2/40 Hurstmere Road, Takapuna, Auckland","restaurant,food,point_of_interest,establishment",restaurant
ChIJhYCcHdY5DW0RWZPKQQOsv08,Kyo-Ya Japanese Restaurant,-36.7902556,174.7733461,"426 Lake Road, Takapuna, Auckland","restaurant,food,point_of_interest,establishment",restaurant
ChIJAX7-6Nc5DW0RtQW7SuYGl_U,HS SouthEast Asian Restaurant,-36.78697349999999,174.772476,"62/78 Hurstmere Road, Takapuna, Auckland","restaurant,food,point_of_interest,establishment",restaurant
ChIJL3DeVdc5DW0R0F3-u6kV1gw,French Rendez-vous Restaurant,-36.78551289999999,174.7675077,"Pumphouse Theatre Killarney Park, Takapuna, Auckland","store,restaurant,food,point_of_interest,establishment",restaurant
ChIJBfRHktc5DW0RDRFk5dl6DoI,Sakebar Nippon Takapuna,-36.7865301,174.7717773,"34 Anzac Street, Takapuna, Auckland","restaurant,food,point_of_interest,establishment",restaurant
ChIJxWCHFM45DW0RspMLoczZOkg,KFC,-36.7895249,174.7618181,"1 Taharoto Road, Takapuna, Auckland","meal_takeaway,restaurant,food,point_of_interest,establishment",restaurant
ChIJ-1zDKNY5DW0RwM6D4sGjjPs,Sal's Authentic NY Pizza - Takapuna,-36.7892659,174.7728275,"1-7 The Strand, Takapuna, Auckland","restaurant,food,point_of_interest,establishment",restaurant
ChIJ48Lwe_xHDW0RBYMvYAdBYvk,Wok'n Noodle Takapuna,-36.7892348,174.772916,"10a/1-7 The Strand, Takapuna, Auckland","meal_takeaway,restaurant,food,point_of_interest,establishment",restaurant
ChIJHb6QfDQ4DW0Ry1oS7ILT5TA,Uni Sushi Akoranga,-36.7978873,174.7564591,"90 Akoranga Drive, Northcote, Auckland","restaurant,food,point_of_interest,establishment",restaurant
ChIJHb6QfDQ4DW0RO4hNaB5Pzbg,Subway,-36.796534,174.757173,"Sport & Fitness Centre Main Gate Building AH Rooms 101 & 101A/90 Akoranga Drive, Northcote, Auckland","restaurant,food,point_of_interest,establishment",restaurant
ChIJU6MdHtM5DW0RHZUmlEtDx_U,Marty's Gourmet Pies,-36.7945661,174.7654936,"52 Barrys Point Road, Takapuna, Auckland","meal_takeaway,bakery,store,restaurant,food,point_of_interest,establishment",restaurant
ChIJqV58_tI5DW0RELrWX8fC-ro,Poke Bowl,-36.7938057,174.7653527,"42 Barrys Point Road, Takapuna, Auckland","restaurant,food,point_of_interest,establishment",restaurant
ChIJyU5VoQE3DW0RmhUjVxa1w1A,Fatandhungry,-36.80180739999999,174.7773111,"60 Francis Street, Hauraki, Auckland","restaurant,food,point_of_interest,establishment",restaurant
ChIJ2wMaQQA5DW0Rmnpu3HzSRQk,The Goyza bar,-36.7898599,174.7651224,"Takapuna, Auckland","restaurant,food,point_of_interest,establishment",restaurant
ChIJiW2yoU44DW0RWhWwx4uWACQ,Dumpling Ace,-36.80119740000001,174.7463369,"39 Pearn Place, Northcote, Auckland","restaurant,food,point_of_interest,establishment",restaurant
ChIJkYFAo044DW0Ru36pVwCYOqo,Man Du Rang,-36.8011844,174.7463039,"Northcote, Auckland","restaurant,food,point_of_interest,establishment",restaurant
ChIJjadmo044DW0RqmqA9ZG80ps,Xi'an Food Bar 西安饭庄 Northcote,-36.8012317,174.7462822,"35 Pearn Place, Northcote, Auckland","restaurant,food,point_of_interest,establishment",restaurant
ChIJ03lWdgA5DW0RGQQ7nDjmfTM,兴旺包子Xing Wang bun,-36.80124720000001,174.746256,"33 Pearn Place, Northcote, Auckland","restaurant,food,point_of_interest,establishment",restaurant
ChIJnR_RFM45DW0RtxbgO-GLANM,Sushi House & Donburi,-36.78950679999999,174.7616103,"3 Taharoto Road, Takapuna, Auckland","restaurant,food,point_of_interest,establishment",restaurant
ChIJoxQvo044DW0RKBYWa0wHcUY,Moo Deung San Restaurant,-36.8012172,174.7462483,"0627, Northcote, Auckland","restaurant,food,point_of_interest,establishment",restaurant
ChIJFxnCYys5DW0Ro3pZ64tSQ6I,HaRimGak,-36.80134380000001,174.746087,"21 Pearn Place, Northcote, Auckland","restaurant,food,point_of_interest,establishment",restaurant
ChIJB46Okjw5DW0Rgq6m2BSIJn0,PengLai Restaurant,-36.8013491,174.7460832,"21 Pearn Place, Northcote, Auckland","restaurant,food,point_of_interest,establishment",restaurant
ChIJtfDTKiM5DW0RP61X52dPFlw,大三元马来餐Taisumyun Malaysian Cuisine,-36.8010594,174.7461054,"30 Pearn Place, Northcote, Auckland","restaurant,food,point_of_interest,establishment",restaurant
ChIJL9GFTWo5DW0RGXOtLJLdNKY,Chandra’s Indian Cuisine,-36.7974952,174.7786763,"335 Lake Road, Hauraki, Auckland","meal_takeaway,restaurant,food,point_of_interest,establishment",restaurant
ChIJ06oL_Ho3DW0RLEpRwyNkuwg,XO Thai Eatery,-36.7974952,174.7786763,"335 Lake Road, Hauraki, Auckland","restaurant,food,point_of_interest,establishment",restaurant
ChIJZX12bwU5DW0R5dPPrRtABi0,KANTO Filipino Food Stall,-36.8020223,174.7456603,"6 Kilham Avenue, Northcote, Auckland","restaurant,food,point_of_interest,establishment",restaurant
ChIJ8dVEMOVHDW0RjVzZBOfmxDY,Phong Nha Vietnamese Food,-36.8020258,174.7456544,"6/10 Kilham Avenue, Northcote, Auckland","restaurant,food,point_of_interest,establishment",restaurant
ChIJCfkzHf05DW0RRPa6hCCITaI,Kolombo,-36.8020258,174.7456544,"Ground Floor , 6/10 Kilham Avenue, Northcote, Auckland","restaurant,food,point_of_interest,establishment",restaurant
ChIJ0bh1vM85DW0RspQ6o0LFXMA,Turkish Gem,-36.80194189999999,174.7456273,"10 Kilham Avenue, Northcote, Auckland","restaurant,food,point_of_interest,establishment",restaurant
ChIJuadwF8s5DW0RKvZwI-b2U9Y,Summer Bloom Rice Noodles 夏阿花小锅米线,-36.8020163,174.7456189,"6/10 Kilham Avenue Level 2, Food City 11, Northcote, Auckland","restaurant,food,point_of_interest,establishment",restaurant
ChIJ37kUztA5DW0RCOFhI5HgJmI,Fushun food/福顺美食,-36.8019349,174.7456165,"NZ, Auckland 6 Kilham Avenue, Northcote, Auckland","restaurant,food,point_of_interest,establishment",restaurant
ChIJHwG-LwE5DW0R1pObXVW_2dI,Thai Noodle,-36.8018649,174.7455689,"4/10 Kilham Avenue, Northcote, Auckland","restaurant,food,point_of_interest,establishment",restaurant
ChIJNVKsMOI5DW0RZUWJwwcIZVM,Meal4U,-36.8019189,174.7455634,"Food City Northcote Town Centre 5, 4/10 Kilham Avenue, Northcote, Auckland","restaurant,food,point_of_interest,establishment",restaurant
ChIJGfqRk044DW0RFrdkjWJONsY,Fu U Roast and BBQ 富瑶烧腊,-36.8017744,174.7455324,"2 Kilham Avenue, Northcote, Auckland","restaurant,food,point_of_interest,establishment",restaurant
ChIJJSiPm044DW0RA6Tuc2hD8D8,Shanghai Chinese Restaurant,-36.8008774,174.7455126,"49a Pearn Crescent, Northcote, Auckland","restaurant,food,point_of_interest,establishment",restaurant
ChIJ0VSAr9I5DW0Rqm5nlSAvEVE,Sage and Brew,-36.7906364,174.7717669,"5/7 Byron Avenue, Takapuna, Auckland","cafe,restaurant,food,point_of_interest,store,establishment",restaurant
ChIJS1Z7kk44DW0RnEJI48c9fMM,Hai Phong,-36.8018265,174.7453064,"29 Pearn Crescent, Northcote, Auckland","restaurant,food,point_of_interest,establishment",restaurant
ChIJLQrWXJc3DW0RxUYRnKK0ARI,McDonald's Belmont,-36.80864799999999,174.790192,"Cnr Lake Rd & Bayswater Ave, 127 Lake Road, Belmont, Auckland","restaurant,food,point_of_interest,establishment",restaurant
ChIJc8_24pk3DW0RT7kDZsXjMEo,Domino's Pizza Belmont NZ,-36.8080837,174.7897954,"133 Lake Road, Belmont, Auckland","meal_delivery,meal_takeaway,restaurant,food,point_of_interest,establishment",restaurant
ChIJxaZ44pk3DW0RK7aejq6xpyk,Pizza Hut,-36.80786599999999,174.7898244,"137 Lake Road, Belmont, Auckland","meal_delivery,meal_takeaway,restaurant,food,point_of_interest,establishment",restaurant
ChIJ55_h4pk3DW0R1EwvQldQ3pI,Belmont Chinese Takeaway,-36.80783750000001,174.7897401,"145 Lake Road, Belmont, Auckland","meal_takeaway,restaurant,food,point_of_interest,establishment",restaurant
ChIJvRVj4Jk3DW0RgzGAObIH5Jc,Belmont Bar,-36.8078634,174.7902394,"148 Lake Road, Belmont, Auckland","bar,restaurant,food,point_of_interest,establishment",restaurant
ChIJqbK04Zk3DW0RarL6SaZ6xX8,Belmont Turkish Cafe,-36.8078813,174.790212,"146 Lake Road, Belmont, Auckland","meal_takeaway,restaurant,food,point_of_interest,establishment",restaurant
ChIJeV1K45k3DW0RQzQDE_OoX60,Archers Sushi Belmont,-36.8077341,174.7896551,"147 Lake Road, Belmont, Auckland","restaurant,food,point_of_interest,establishment",restaurant
ChIJU9AnZHU3DW0R1n9WHbNy3lU,Daldak 달닭,-36.8079329,174.7897953,"139 Lake Road, Belmont, Auckland","grocery_or_supermarket,meal_takeaway,restaurant,food,point_of_interest,store,establishment",restaurant
ChIJmxy5avw3DW0Rwr0T1Ciik4E,THAI AT-TA-ROTE Eatery Belmont,-36.8079329,174.7897953,"139 Lake Road, Belmont, Auckland","restaurant,food,point_of_interest,establishment",restaurant
ChIJp6vjsUA3DW0RGYpUyVCX19o,Sheppards Corner - Tacos & Bar,-36.8081501,174.7898887,"131 Lake Road, Belmont, Auckland","bakery,tourist_attraction,cafe,restaurant,food,point_of_interest,store,establishment",restaurant
ChIJ-ZPIk_k3DW0R7odBCPohlis,Cuisine India Belmont,-36.8081828,174.7898446,"129 Lake Road, Belmont, Auckland","restaurant,food,point_of_interest,establishment",restaurant
ChIJ2yDXWpc3DW0RRr__3TO2CTQ,Bayswater Takeaways,-36.8086392,174.7897932,"199 Bayswater Avenue, Belmont, Auckland","restaurant,food,point_of_interest,establishment",restaurant
ChIJ8VpGCl03DW0RaX550Jbfujc,wildbean cafe,-36.7982528,174.7833232,"297 Lake Road, Hauraki, Auckland","cafe,bakery,restaurant,food,point_of_interest,store,establishment",restaurant
ChIJZYYC_LjLcm0R_RxEHIMZU44,Mudbrick Vineyard and Restaurant,-36.7925172,175.0003898,"126 Church Bay Road, Oneroa, Waiheke Island","restaurant,tourist_attraction,lodging,food,point_of_interest,establishment",restaurant
ChIJYVW1rL_Lcm0R2lghqSesr8Y,Cable Bay Vineyards,-36.7875802,175.0002622,"12 Nick Johnstone Drive, Oneroa, Auckland","lodging,restaurant,food,point_of_interest,establishment",restaurant
ChIJWWdi47jLcm0RPgllGxhz_8E,The Archive Bar & Bistro,-36.7924652,175.0001803,"126 Church Bay Road, Oneroa, Waiheke Island","restaurant,food,point_of_interest,establishment",restaurant
ChIJp6aPRGLJcm0RcjGgCDA740M,The Middle Restaurant and Bar Waiheke Island,-36.7931532,175.0252605,"18 Hamilton Road, Waiheke, Auckland","restaurant,bar,food,point_of_interest,establishment",restaurant
ChIJs49bVWLJcm0RiV0CesPgZEU,Food and Love,-36.7938792,175.0259127,"10 Miami Avenue, Surfdale, Waiheke","restaurant,food,point_of_interest,establishment",restaurant
ChIJwcwfVGLJcm0RgQpDjU805aA,Malones Irish Pub,-36.7936465,175.0256231,"6 Miami Avenue, Surfdale, Waiheke Island","bar,restaurant,food,point_of_interest,establishment",restaurant
ChIJ4dZDUmLJcm0R9T_fA2JIgL4,SURFDALE BAKERY & CAFE,-36.7933349,175.0257202,"2 Miami Avenue, Surfdale, Waiheke Island","bakery,cafe,meal_takeaway,store,restaurant,food,point_of_interest,establishment",restaurant
ChIJMWPQFH3Jcm0Rin6Pr9ooVSk,The Social Waiheke,-36.7922023,175.0236351,"2 Marama Avenue, Surfdale, Waiheke Island","restaurant,food,point_of_interest,establishment",restaurant
ChIJ31t--NvJcm0RmR1LqKKZet4,"Mint As Waiheke Island, Burgers & Shakes",-36.79715459999999,175.0428675,"4 Putiki Road, Ostend, Waiheke Island","meal_takeaway,restaurant,food,point_of_interest,establishment",restaurant
ChIJSU-cRADJcm0Rr15vnsc1m2I,The 3 Fishes,-36.7972087,175.0436196,"8a Putiki Road, Ostend, Waiheke Island","meal_takeaway,restaurant,food,point_of_interest,establishment",restaurant
ChIJHXeKLYzJcm0Rzne3j7A8opc,Dumpling Maniac,-36.7971922,175.043618,"8a Putiki Road, Ostend, Waiheke Island","restaurant,food,point_of_interest,establishment",restaurant
ChIJ97TyGwDJcm0RUaO21iL7EXo,Smokeland BBQ Waiheke,-36.7971922,175.043618,"8A Putiki Road, Ostend, Waiheke Island","meal_takeaway,restaurant,food,point_of_interest,establishment",restaurant
ChIJbZgq09_Jcm0ReEycKJUyxrs,Two hands chef pasta,-36.7971922,175.043618,"8a Putiki Road, Ostend, Waiheke Island","meal_takeaway,restaurant,food,point_of_interest,establishment",restaurant
ChIJRxl5D_TJcm0RAqyO8nRFBnE,Kirans Indian Kitchen,-36.7959486,175.0460556,"19 Belgium Street, Ostend, Waiheke Island","meal_takeaway,restaurant,food,point_of_interest,establishment",restaurant
ChIJZV9rTrPJcm0Rsh8IBPAESPE,Ostend Pizzeria,-36.79605009999999,175.0464729,"2/23 Belgium Street, Ostend, Waiheke Island","restaurant,food,point_of_interest,establishment",restaurant
ChIJx4hWKGPJcm0RisKoPsBbsfA,Waiheke RSA,-36.7961918,175.0474578,"29 Belgium Street, Ostend, Waiheke Island","restaurant,bar,food,point_of_interest,establishment",restaurant
ChIJE_AVQjuJgKkRQMPxCeZxsXE,"Take a Bite, Café & Bakery",-36.7957592,175.0473328,"28 Belgium Street, Ostend, Waiheke Island","cafe,bakery,store,restaurant,food,point_of_interest,establishment",restaurant
ChIJT94I0gPJcm0RyvVLymNiTGI,Nami,-36.7957913,175.0475244,"30 Belgium Street, Ostend, Waiheke Island","meal_takeaway,restaurant,food,point_of_interest,establishment",restaurant
ChIJxR1wr_3Icm0RQkB4sTZyzwM,Te Motu Vineyard,-36.795386,175.069359,"76 Onetangi Road, Onetangi, Waiheke Island","tourist_attraction,restaurant,food,point_of_interest,establishment",restaurant
ChIJ61T-tuLIcm0RBhZzt7dAJ5U,Stonyridge Vineyard,-36.7969391,175.0660091,"80 Onetangi Road, Waiheke Island","bar,restaurant,food,point_of_interest,establishment",restaurant
ChIJZ1V0eP3Icm0RKOsvVfLqQXE,Waiheke Island Brewery,-36.8005027,175.0650259,"82 Onetangi Road, Onetangi, Auckland","bar,liquor_store,store,restaurant,food,point_of_interest,establishment",restaurant
ChIJcYLggv3Icm0R1oCakxIQ6sA,Wild Estate - The Untamed Winery,-36.801094,175.065476,"82 Onetangi Road, Waiheke Island","tourist_attraction,restaurant,food,point_of_interest,establishment",restaurant
ChIJse32XODIcm0RtZ_9JynOP_A,Casita Miro,-36.78898280000001,175.0671422,"3 Brown Road, Waiheke, Auckland","restaurant,liquor_store,store,food,point_of_interest,establishment",restaurant
ChIJN4M27_zIcm0RDkJHxmBp5Nc,Tantalus Estate,-36.799618,175.068343,"70/72 Onetangi Road, Onetangi, Waiheke Island","tourist_attraction,restaurant,food,point_of_interest,establishment",restaurant
ChIJ48uhJdTJcm0RjAVCtfQWJuI,Indy's Curry Pot,-36.795825,175.0560415,"18 Erua Road, Ostend, Auckland","meal_takeaway,restaurant,food,point_of_interest,establishment",restaurant
ChIJHbzdbBrJcm0R37g8HaLZZ9Q,Frankies Kitchen,-36.79388059999999,175.055358,"33 Tahi Road, Ostend, Waiheke Island","restaurant,food,point_of_interest,establishment",restaurant
ChIJcbMJqhHJcm0RcQUA4e_sxLA,Carpark Cafe & Bar Waiheke,-36.794494,175.0518799,"102/4 Ostend Road, Ostend, Waiheke Island","cafe,restaurant,food,point_of_interest,establishment",restaurant
ChIJ2VOmGajJcm0RytG_w1ZP2bg,"The Heke Kitchen, Brewery & Distillery",-36.7994287,175.0730749,"64 Onetangi Road, Onetangi, Waiheke Island","restaurant,food,point_of_interest,establishment",restaurant
ChIJu03tRhLJcm0RmobumVwZ3vM,Sing Tao Chinese Takeaways,-36.7957149,175.0478507,"32 Belgium Street, Ostend, Waiheke Island","meal_takeaway,restaurant,food,point_of_interest,establishment",restaurant
ChIJv3PHB-3Jcm0RedLV2VdWOD8,La Dolce Vita,-36.7956931,175.0475391,"30 Belgium Street, Ostend, Waiheke Island","cafe,meal_takeaway,store,restaurant,food,point_of_interest,establishment",restaurant
ChIJHT-nmQzJcm0RzB2MiPf8AZY,Onetangi Takeaway,-36.79207669999999,175.0796973,"24 Onetangi Road, Onetangi, Auckland","restaurant,food,point_of_interest,establishment",restaurant
ChIJL3NdeurIcm0R56WH8xtbL9k,Charlie Farley's,-36.7881454,175.0829488,"21 The Strand, Onetangi, Auckland","bar,restaurant,food,point_of_interest,establishment",restaurant
ChIJyzYi6WTJcm0RWb04senmGbw,Three Seven Two,-36.7881443,175.0828524,"21 The Strand, Onetangi, Auckland","restaurant,food,point_of_interest,establishment",restaurant
ChIJMznEOYTJcm0RMcb4_sfYfik,Ki Māha Restaurant Waiheke Island,-36.78824889999999,175.0814617,"1 Fourth Avenue, Onetangi Beach, Waiheke Island","restaurant,food,point_of_interest,establishment",restaurant
ChIJ6RCAaFrJcm0RIkY8UeKI_vI,Beach Store,-36.78824889999999,175.0814617,"1 Fourth Avenue, Onetangi, Waiheke Island","cafe,meal_takeaway,store,restaurant,food,point_of_interest,establishment",restaurant
ChIJ69DkN7gTDW0RgG3DcxMIJHA,Settlers Country Manor,-36.7644414,174.491907,"81 Waimauku Station Road, Waimauku","restaurant,food,point_of_interest,establishment",restaurant
ChIJSfk2zLsTDW0RbTCN4lCvRs4,Asia Street,-36.7696406,174.4928704,"895 State Highway 16, Waimauku","restaurant,food,point_of_interest,establishment",restaurant
ChIJnT1JD2ETDW0R88kccmwyTLw,Fire n slice waimauku,-36.7688066,174.492765,"2a Waimauku Station Road, Waimauku","restaurant,food,point_of_interest,establishment",restaurant
ChIJnb79kMsTDW0RoogB5t3v3cw,Sen Doe Thai Malay Restaurant,-36.76763400000001,174.4942138,"c11/7B Factory Road, Waimauku","restaurant,food,point_of_interest,establishment",restaurant
ChIJe25Kr7kTDW0RkA7tCspRqLY,FULL MOON EATERY,-36.7676033,174.4940629,"16/10 Factory Road, Waimauku","cafe,restaurant,food,point_of_interest,establishment",restaurant
ChIJf3Y6F7cTDW0RA22iZI7pUPg,Game Keepers Restaurant at Settlers Country Manor,-36.7644835,174.4919122,"81 Waimauku Station Road, Waimauku","restaurant,food,point_of_interest,establishment",restaurant
ChIJjZceP1IUDW0RhLMn9rdGLBA,Curry Leaf Indian Restaurant,-36.772949,174.550109,"250B Main Road, Kumeū","restaurant,food,point_of_interest,establishment",restaurant
ChIJe28ZXEIUDW0RWH5OoLOqNbg,The Gallery Japanese & Cafe,-36.7726079,174.5444763,"8/329a Main Road, Kumeū","cafe,restaurant,food,point_of_interest,establishment",restaurant
ChIJUfcztEMUDW0R3FXeM76w0Zw,Tandoori Bar and Eatery,-36.7717331,174.5460197,"3 Matua Road, Kumeu, Huapai","restaurant,food,point_of_interest,establishment",restaurant
ChIJQ239t0MUDW0R7j61ay8eR8A,The Food Vault,-36.771637,174.546386,"0810 8/10 Matua Road, Huapai, Kumeū","cafe,meal_takeaway,store,restaurant,food,point_of_interest,establishment",restaurant
ChIJX5TmAUUUDW0RWEN3Khz3rd8,Subway,-36.77335619999999,174.5512233,"Unit B7/190 Main Road, Kumeū","restaurant,food,point_of_interest,establishment",restaurant
ChIJHaVIfkQUDW0RXWOYV8BqYPs,Huapai Tavern,-36.77275539999999,174.5468026,"319 State Highway 16, Huapai","bar,restaurant,food,point_of_interest,establishment",restaurant
ChIJc1RaBG4UDW0R5k86I3AWSmA,Blue Chip Takeaways,-36.7725635,174.5445511,"329A Main Road, Huapai","meal_takeaway,restaurant,food,point_of_interest,establishment",restaurant
ChIJH9g3eQAVDW0R3GygXQC00Ok,McDonald's Kumeu,-36.77193429999999,174.5450745,"332 Main Road, Huapai, Kumeū","restaurant,food,point_of_interest,establishment",restaurant
ChIJ--vYZXQVDW0R7aXJN3A2Aq4,Huapai Roast meal,-36.77212919999999,174.545698,"Shop 2/330 Main Road, Kumeū","meal_takeaway,restaurant,food,point_of_interest,establishment",restaurant
ChIJUWwDwd4VDW0RYW_ydKl9u6U,Bombay Delights Indian & Fusion Cuisine,-36.77219759999999,174.5458481,"326 Main Road, Huapai","meal_takeaway,restaurant,food,point_of_interest,establishment",restaurant
ChIJRYVArUMUDW0RtGZCMY9Lhqw,Clay Oven Artisan Pizzas & Free Range Turkish Kebabs,-36.77218609999999,174.545846,"4/326 Main Road, Huapai","meal_takeaway,restaurant,food,point_of_interest,establishment",restaurant
ChIJsSp-epIVDW0RZLX9Enb9ny4,Captain Chicken Huapai Takeaway,-36.7722989,174.5459362,"NZ, 324 State Highway 16, Kumeū","restaurant,food,point_of_interest,establishment",restaurant
ChIJSxjxU0IUDW0RJ21BuRXAnPs,Domino's Pizza Kumeu,-36.7727139,174.5462413,"Tenancy B3, Ground Floor/321a - 323 Main Road, Huapai","meal_takeaway,meal_delivery,restaurant,food,point_of_interest,establishment",restaurant
ChIJd1GV_QoVDW0R9BMaB9fRwFU,Kumeu Fisheries,-36.772682,174.5463305,"321A Main Road, Kumeū","meal_takeaway,restaurant,food,point_of_interest,establishment",restaurant
ChIJASn2Py0VDW0Rtwhj5ojuUcU,Hapunan,-36.77222640000001,174.5466707,"316 Main Road, Huapai, Kumeū","meal_takeaway,restaurant,food,point_of_interest,establishment",restaurant
ChIJba5lUswVDW0R5Y4GIf8uwsc,Sushi 314,-36.7722214,174.5467207,"314 Main Road, Kumeu, Huapai","restaurant,food,point_of_interest,establishment",restaurant
ChIJbd4fvUMUDW0RFbq-KBFN8vQ,Tai Yuen Takeaways,-36.7721896,174.5469674,"306 Main Road, Kumeū","meal_takeaway,restaurant,food,point_of_interest,establishment",restaurant
ChIJ7-K1ebkVDW0RRxcjqO_ky-8,Hell Pizza Kumeu,-36.7721725,174.5471056,"10/302 Main Rd Huapai, Huapai, Kumeu","meal_takeaway,meal_delivery,restaurant,food,point_of_interest,establishment",restaurant
ChIJbaKz9EQUDW0R3dz13uzcSf0,Bakehouse Cafe Kumeu. Most popular Bakery and Coffee in Kumeu,-36.7730752,174.5498903,"250 State Highway 16, Kumeū","bakery,cafe,store,restaurant,food,point_of_interest,establishment",restaurant
ChIJjxYmYEoVDW0RlGB0xXaoB3s,Aiko Sushi - New World Kumeu,-36.7749394,174.5542946,"108 Main Road, Kumeū","meal_takeaway,restaurant,food,point_of_interest,establishment",restaurant
ChIJJyre1U8UDW0RSCwMAvCMJLg,Golden Silk Thai Restaurant Kumeu Branch,-36.7758435,174.5562703,"2a/88 Main Road, Kumeu, Rodney","restaurant,food,point_of_interest,establishment",restaurant
ChIJAd9z3gkVDW0R1IUyRa8dUDE,Soljans Estate Winery,-36.78852000000001,174.5784854,"366 State Highway 16, Kumeū","restaurant,food,point_of_interest,establishment",restaurant
ChIJk91uIVIUDW0Ryjx9d03yWLE,Charcoal Chicken and Burger,-36.7777795,174.5591788,"45 Main Road, Kumeū","meal_takeaway,restaurant,food,point_of_interest,establishment",restaurant
ChIJEaF5-1EUDW0RBNZ_kRjW_gA,The Hive Bar & Restaurant,-36.7766606,174.5582432,"64 Main Road, Kumeū","bar,restaurant,food,point_of_interest,establishment",restaurant
ChIJsZjc5EQUDW0RnUvG24c_wpw,Pizzeria Venezia - Zacs Pizza,-36.7762022,174.5566144,"84 Main Road, Kumeū","meal_takeaway,store,restaurant,food,point_of_interest,establishment",restaurant
ChIJg8nRw5oVDW0R2eHzgU3TxpY,Morepork BBQ Kumeu,-36.7777124,174.5606372,"40 Main Road, Kumeū","restaurant,food,point_of_interest,establishment",restaurant
ChIJsQAqFlIUDW0RmeMJjvwHYmU,Kebab Station,-36.77747910000001,174.5598084,"2/42 Main Road, Kumeū","restaurant,food,point_of_interest,establishment",restaurant
ChIJwywRPVIUDW0RYLAc9ANKkzI,Sangam Indian Restaurant,-36.7777754,174.5593419,"3/45 Main Road, Kumeū","meal_takeaway,restaurant,food,point_of_interest,establishment",restaurant
ChIJLxLSLbcVDW0RCpc8PHBjRUA,Pizza Hut,-36.7764349,174.5573778,"76 Main Road, Kumeū","meal_delivery,meal_takeaway,restaurant,food,point_of_interest,establishment",restaurant
ChIJx7vG9VEUDW0R8mP1IcNC_ew,Goodview Takeaways,-36.776301,174.557068,"80 Main Road, Kumeū","meal_takeaway,restaurant,food,point_of_interest,establishment",restaurant
ChIJ7UfR1VEUDW0RSugGPYc5EPA,Mrs Sushi,-36.7761942,174.5566168,"84 Main Road, Kumeū","restaurant,food,point_of_interest,establishment",restaurant
ChIJaYecKlAUDW0R-0VxtHpwt1c,Kumeu Seafood Bar & Takeaways,-36.7760246,174.55634,"86C Main Road, Kumeū","restaurant,food,point_of_interest,establishment",restaurant
ChIJNeRB1E8UDW0RCsBK-ozwSyY,Pedro's Roast,-36.7757492,174.5560826,"88B Main Road, Kumeū","restaurant,food,point_of_interest,establishment",restaurant
ChIJG-DILlYVDW0RrUWbQnJh1RQ,Shahi Flavours Indian,-36.7753829,174.5553131,"1 Putaki Drive, Kumeu, Auckland","meal_takeaway,restaurant,food,point_of_interest,establishment",restaurant
ChIJowGAOQoVDW0RCwbAC3SNen8,Burger King Kumeu,-36.7753372,174.5550384,"104 Main Road, Kumeū","restaurant,food,point_of_interest,establishment",restaurant
ChIJ2zdR5VJBDW0RpMMVtmtrGwg,French Kiss Creperie,-36.764495,174.5522145,"2 Verdot Close, Kumeu, Kumeū","restaurant,food,store,point_of_interest,establishment",restaurant
ChIJ746ZNAAVDW0RbNML4Yjr3NQ,Sky Coffee,-36.78196610000001,174.5840349,"1352 Coatesville Riverhead Highway, Kumeū","restaurant,food,point_of_interest,establishment",restaurant
ChIJkVwf1ZQVDW0RB4UBzVb9nsA,Hallertau Brewery,-36.7668414,174.5878681,"1171 Coatesville Riverhead Highway, Auckland","liquor_store,bar,meal_takeaway,restaurant,food,point_of_interest,store,establishment",restaurant
ChIJezJDS_AVDW0ROm_OHcrWTFI,The Riverhead,-36.759262,174.59781,"33 York Terrace, Riverhead","bar,restaurant,food,point_of_interest,establishment",restaurant
ChIJazUePuE_DW0RN6UQuT_Emfg,The Landing Restaurant at The Riverhead,-36.7592867,174.5977414,"33 York Terrace, Riverhead","restaurant,food,point_of_interest,establishment",restaurant
ChIJfe9PG6w_DW0RtpZ8LElei60,Puriri Cafe & Eatery,-36.78084820000001,174.6368244,"1 Puriri Road, Whenuapai, Auckland","cafe,store,restaurant,food,point_of_interest,establishment",restaurant
ChIJSx4NicE-DW0Ry3Kezpsn8YI,The Malt,-36.775469,174.6703069,"10 Greenhithe Road, Greenhithe, Auckland","bar,restaurant,food,point_of_interest,establishment",restaurant
ChIJ39jqisE-DW0RkpLXz4wSyWQ,The Red Fort Indian Restaurant & Bar,-36.775658,174.6699293,"8 Greenhithe Road, Greenhithe, Auckland","meal_delivery,meal_takeaway,store,restaurant,food,point_of_interest,establishment",restaurant
ChIJR4ViocE-DW0Rul35B7vMS2I,The Collins Cafe And Bar,-36.77436109999999,174.6711997,"20 Greenhithe Road, Greenhithe, Auckland","cafe,bar,restaurant,food,point_of_interest,establishment",restaurant
ChIJI8w0hq4_DW0Rr4NQzqsjvDM,The Red Fort Fried Chicken & Burger,-36.775665,174.669881,"8 Greenhithe Road, Greenhithe, Auckland","meal_takeaway,restaurant,food,point_of_interest,establishment",restaurant
ChIJnRV0icE-DW0RQgpocKv2TiU,Fishes Takeaways,-36.7755222,174.6701659,"10 Greenhithe Road, Greenhithe, Auckland","meal_takeaway,restaurant,food,point_of_interest,establishment",restaurant
ChIJR5L-Ukc5DW0RAiP85QM0nKU,Thai Thai Takeaway,-36.7715437,174.7052874,"76 Bayview Road, Glenfield, Auckland","restaurant,food,point_of_interest,establishment",restaurant
ChIJlfsYyFo5DW0RKcLVSagqnIw,Raja Bojun North Shore,-36.7799369,174.7071888,"126 Manuka Road, Bayview, Auckland","meal_takeaway,restaurant,food,point_of_interest,establishment",restaurant
ChIJx6Xmihc5DW0RtYuHPQgRBkk,Cox House Cafe,-36.7829734,174.7119857,"123 Stanley Road, Glenfield, Auckland","cafe,restaurant,food,point_of_interest,establishment",restaurant
ChIJi2CjnQk5DW0RRTkVy_gVrvw,The Chip Basket,-36.7794288,174.7290928,"3/112 Chivalry Road, Glenfield, Auckland","restaurant,food,point_of_interest,establishment",restaurant
ChIJ0c1z1J45DW0RaEPg8zOeJbw,Valentines North Shore,-36.7708611,174.7369065,"180 Wairau Road, Glenfield, Auckland","restaurant,food,point_of_interest,establishment",restaurant
ChIJNywf0g85DW0RYyi1dH-B8s0,BurgerFuel Glenfield,-36.78119900000001,174.721546,"407 Glenfield Road, Glenfield, Auckland","restaurant,food,point_of_interest,establishment",restaurant
ChIJx095TJs5DW0R_pA6vivv9hY,Narita Restaurant,-36.7627673,174.7375334,"31C Link Drive, Wairau Valley, Auckland","restaurant,food,point_of_interest,establishment",restaurant
ChIJG7-QTJo5DW0Ru5VxoLZpLrk,Denny's Wairau Park,-36.76676779999999,174.7394028,"11C Link Drive, Wairau Park, North Shore","restaurant,food,point_of_interest,establishment",restaurant
ChIJD0JiKZk5DW0RdBfc9_hFcT0,HELL Pizza,-36.7701487,174.7365189,"170 Wairau Road, Wairau Valley, Auckland","meal_delivery,meal_takeaway,restaurant,food,point_of_interest,establishment",restaurant
ChIJmeF6KRA5DW0R8IeXtiGuCeo,McDonald's Glenfield,-36.781605,174.7206551,"Cnr Glenfield &, Kaipatiki Road, Glenfield, Auckland","restaurant,food,point_of_interest,establishment",restaurant
ChIJYe_ip5s5DW0R_K-aUdDik0A,Star Cafe Seafood Restaurant 別不同,-36.7655425,174.7388685,"13A Link Drive, Wairau Valley, Auckland","restaurant,food,point_of_interest,establishment",restaurant
ChIJAbWiHhA5DW0RlFomuXrXGyo,Katsubi Glenfield,-36.7824384,174.7225806,"Westfield Shopping Centre 385 Glenfield Road, Glenfield, Auckland","restaurant,food,point_of_interest,establishment",restaurant
ChIJi3lg_Lo5DW0RVnOx1nWjb10,Coffee Lab,-36.7821055,174.7440972,"15 Silverfield, Wairau Valley, Auckland","cafe,restaurant,food,point_of_interest,store,establishment",restaurant
ChIJM8TgEQ85DW0RdaU80ZKO6_A,KFC Glenfield,-36.7819101,174.7222954,"403 Glenfield Road, Glenfield, Auckland","meal_takeaway,restaurant,food,point_of_interest,establishment",restaurant
ChIJYa-R-ac5DW0ReKbOnRWES0Q,Gem of India,-36.7834078,174.7318334,"25 Chartwell Avenue, Glenfield, Auckland","restaurant,food,point_of_interest,establishment",restaurant
ChIJ1Uhp1Zg5DW0RpmtzOl8kg1U,Spice Cuisine,-36.77076,174.7367526,"5/170 Wairau Road, Wairau Valley, Auckland","meal_takeaway,restaurant,food,point_of_interest,establishment",restaurant
ChIJpwmMKZk5DW0RIros95ecQAM,Pizza Hut,-36.7704068,174.736809,"168H Wairau Road, Glenfield, Auckland","meal_delivery,meal_takeaway,restaurant,food,point_of_interest,establishment",restaurant
ChIJu2Q98Ls5DW0RsgTL0fm_BL4,Nando's Wairau,-36.77053159999999,174.7369738,"3/170 Wairau Road, Glenfield, Auckland","meal_takeaway,restaurant,food,point_of_interest,establishment",restaurant
ChIJhahaLpk5DW0RE1PBNsBbsx0,Burger Wisconsin Wairau,-36.77019509999999,174.7365459,"170 Wairau Road, Wairau Valley, Auckland","meal_takeaway,restaurant,food,point_of_interest,establishment",restaurant
ChIJXUoYKw45DW0RVnRNKzfKFuw,Paasha,-36.7807211,174.7213061,"444 Glenfield Road, Glenfield, Auckland","restaurant,food,point_of_interest,establishment",restaurant
ChIJAST66A85DW0RsHsXlu2qoXU,Pita Pit Glenfield Mall,-36.7819337,174.7223642,"Level 3 Westfield Mall 40-48 Cnr Glenfield Rd &, Downing Street, Glenfield, Auckland","restaurant,food,point_of_interest,establishment",restaurant
ChIJ29IGi3I5DW0R-kcXp5rpf-g,Koha sushi,-36.7702223,174.7221701,"NZ, 6/575 Glenfield Road, Glenfield, Auckland","restaurant,food,point_of_interest,establishment",restaurant
ChIJWWLeWJg5DW0RILC40weuEtA,Subway Wairau,-36.7719639,174.7393749,"140/146 Wairau Road, Wairau Valley, Auckland","restaurant,food,point_of_interest,establishment",restaurant
ChIJnyilhW05DW0RqbNNPme_9Uk,Ding Hao,-36.7695046,174.7207416,"552 Glenfield Road, Glenfield, Auckland","restaurant,food,point_of_interest,establishment",restaurant
ChIJFVXaZgU5DW0R9CGge9LDFoc,The Postman's Leg,-36.78394579999999,174.7226072,"43-51 Downing Street, Glenfield, Auckland","bar,restaurant,food,point_of_interest,establishment",restaurant
ChIJN_kUv505DW0RLC1RTayOmrw,Pool & Blues,-36.7803272,174.7411447,"Level 1/217 Archers Road, Wairau Valley, Auckland","bar,restaurant,food,point_of_interest,establishment",restaurant
ChIJwQ0_Krs5DW0R7u--Yy4yC4E,豆花周Tofuman Glenfield,-36.7814889,174.7421059,"25 Porana Road, Glenfield, Auckland","meal_takeaway,restaurant,food,point_of_interest,establishment",restaurant
ChIJxTdd9Y05DW0RkoSmTVIAmu4,Subway,-36.7633979,174.737158,"20 Link Drive, Wairau Valley, Auckland","restaurant,food,point_of_interest,establishment",restaurant
ChIJF7HhsoQ5DW0RYfXjJCsLfnw,Eat Indian,-36.7638729,174.7376815,"Delicious Link Food Court 1/23 Link Drive, Wairau Park, Auckland","meal_takeaway,restaurant,food,point_of_interest,establishment",restaurant
ChIJ4c5QsoQ5DW0Rc3I8gshbXtI,Punjabi Kitchen Wairau Valley,-36.76253670000001,174.7375332,"31A Link Drive, Wairau Valley, Auckland","restaurant,food,point_of_interest,establishment",restaurant
ChIJpSlL-Kc5DW0R1cBei5xANlU,Domino's Pizza Glenfield,-36.7833485,174.7317365,"25 Chartwell Avenue, Glenfield, Auckland","meal_delivery,meal_takeaway,restaurant,food,point_of_interest,establishment",restaurant
ChIJ64toIBA5DW0RncO8QcF9-Zw,Subway,-36.7820858,174.7215955,"S504, Glenfield, Auckland, New Zealand","restaurant,food,point_of_interest,establishment",restaurant
ChIJkyE7MA45DW0RSjkMxB-TXU4,LJ's Glenfield,-36.7827419,174.7218848,"Level 3 Downing Street, Glenfield, Auckland","restaurant,food,point_of_interest,establishment",restaurant
ChIJaVJeloI5DW0R5ndkUdGsOH8,The Food Story,-36.7755518,174.7323722,"52 Diana Drive, Wairau Valley, Auckland","restaurant,food,point_of_interest,establishment",restaurant
ChIJeYoAnQk5DW0RucD2l6KSKt4,Cuisine India Glenfield,-36.7793021,174.72909,"112 Chivalry Road, Glenfield, Auckland","restaurant,food,point_of_interest,establishment",restaurant
ChIJWbA8LZ45DW0RR2nEsMknjo4,Moon sushi Glenfield,-36.7793644,174.7290211,"112 Chivalry Road, Glenfield, Auckland","meal_takeaway,restaurant,food,point_of_interest,establishment",restaurant
ChIJMVsaLwA5DW0Rwet-BEcXL_o,黄姐螺蛳粉 Rachel's Rice Noodles,-36.7754324,174.7361857,"57 Hillside Road, Glenfield, Auckland","restaurant,food,point_of_interest,establishment",restaurant
ChIJWR3-d3w5DW0RGzWgsFkMMas,Beef Star Pack,-36.7709325,174.724948,"134 Mossop Rise, Glenfield, Auckland","restaurant,food,point_of_interest,establishment",restaurant
ChIJwfdZEII5DW0RV6jHH-J5FC4,Ogane,-36.77190429999999,174.7369946,"Unit3/75B View Road, Wairau Valley, Auckland","restaurant,food,point_of_interest,establishment",restaurant
ChIJg5qY2pg5DW0RIOugouVQp5s,Jang Teo,-36.7717429,174.736986,"75 View Road, Wairau Valley, Auckland","restaurant,food,point_of_interest,establishment",restaurant
ChIJOzLm6Do5DW0RxRbGwPkHTPk,Authentic Thai Food,-36.7830988,174.731433,"37 Chartwell Avenue, Glenfield, Auckland","meal_delivery,meal_takeaway,restaurant,food,point_of_interest,establishment",restaurant
ChIJiUQksdpBDW0RhKp5G3uxs5k,Pipo's Lechon,-36.783128,174.7314706,"35 Chartwell Avenue, Glenfield, Auckland","meal_takeaway,restaurant,food,point_of_interest,establishment",restaurant
ChIJM8TgEQ85DW0R-uRqi83saTE,Wok Wok,-36.7818487,174.72446,"Level 3/75 Bentley Avenue, Glenfield, Marlborough","meal_takeaway,restaurant,food,point_of_interest,establishment",restaurant
ChIJ8aNpa9k5DW0RxdMUIegUphE,The Geummoon 더금문,-36.77150289999999,174.7374116,"75 View Road, Wairau Valley, Auckland","restaurant,food,point_of_interest,establishment",restaurant
ChIJe82ow4w5DW0RECMqA5uitcc,Kebabs on Shore Glenfield,-36.7706402,174.7365987,"168E Wairau Road, Wairau Valley, Auckland","restaurant,food,point_of_interest,establishment",restaurant
ChIJpSlL-Kc5DW0RvN2lTQzxUjo,Chartwell Chinese & European Takeaways,-36.7834683,174.7318354,"25 Chartwell Avenue, Glenfield, Marlborough","meal_takeaway,restaurant,food,point_of_interest,establishment",restaurant
ChIJkceqKpk5DW0REloutYZ-wYE,Sushi Factory Wairau Valley,-36.7706754,174.736927,"170 Wairau Road, Wairau Valley, Auckland","restaurant,food,point_of_interest,establishment",restaurant
ChIJpY4EK5k5DW0R6GQS63SMTGg,Chilli Factor,-36.7706421,174.7369807,"172 Wairau Road, Wairau Valley, Auckland","restaurant,food,point_of_interest,establishment",restaurant
ChIJH01Q0Zg5DW0RIGy4tdAulm8,The Professional Kitchen,-36.7709461,174.7373938,"73 View Road, Wairau Valley, North Shore City","restaurant,food,point_of_interest,establishment",restaurant
ChIJZwZz7Sk5DW0RdimuI-wXmnE,Sumthin Dumplin Wairau,-36.77053159999999,174.7369738,"170 Wairau Road, Wairau Valley, Auckland","restaurant,food,point_of_interest,establishment",restaurant
ChIJ29IGi3I5DW0R5lS1b6VVI08,Jung Wah Chinese Takeaways,-36.7703004,174.7222607,"575 Glenfield Road, Glenfield, Auckland","meal_takeaway,restaurant,food,point_of_interest,establishment",restaurant
ChIJHXbNULw5DW0RHgPdHtDDMIc,SangSang,-36.7809739,174.7219275,"8b/111 Bentley Avenue, Glenfield, Auckland","restaurant,food,point_of_interest,establishment",restaurant
ChIJBxFKlBI5DW0RzdlEpgqVUnI,Manuka Fish & Chips,-36.7742035,174.720004,"7 Manuka Road, Glenfield, Auckland","restaurant,food,point_of_interest,establishment",restaurant
ChIJ1YILLA45DW0R9DjDujnuLtI,Glenfield Fast Food,-36.7805583,174.7214519,"446b Glenfield Road, Glenfield, Auckland","meal_takeaway,restaurant,food,point_of_interest,establishment",restaurant
ChIJVU8RM_U5DW0RjfimT6By5o0,Blazin Burger Glenfield Mall,-36.7813547,174.722112,"Glenfield Mall, Auckland, Glenfield Road, Glenfield, Auckland","restaurant,food,point_of_interest,establishment",restaurant
ChIJBUNMYp85DW0RDagehuWwYCY,Dumpling Monster,-36.78127310000001,174.7220128,"107 Bentley Avenue, Glenfield, Auckland","restaurant,food,point_of_interest,establishment",restaurant
ChIJXwVL0g85DW0RVnlpTONoim8,Tanpopo Ramen,-36.7810667,174.7216052,"407 Glenfield Road, Glenfield, Auckland","restaurant,food,point_of_interest,establishment",restaurant
ChIJLfhNTVU5DW0Rjf3Bu2f43S8,Chicking Glenfield,-36.7811265,174.7216528,"2/407 Glenfield Road, Glenfield, Auckland","restaurant,food,point_of_interest,establishment",restaurant
ChIJ29IGi3I5DW0RoTKDrwoUhFA,Glenfield Bakery and Cafe,-36.7702225,174.7221701,"Shop B/575 Glenfield Road, Glenfield, Auckland","bakery,store,restaurant,food,point_of_interest,establishment",restaurant
ChIJM8TgEQ85DW0RK0kNouKdzE0,Kyoto Japanese Cusine,-36.7819873,174.7223176,"75 Bentley Avenue, Glenfield, Marlborough","restaurant,food,point_of_interest,establishment",restaurant
ChIJX0cDLg45DW0RDG7i5Il2XSI,Shamiana,-36.7816667,174.7219444,"385-401 Glenfield Road, Glenfield, Auckland","meal_takeaway,restaurant,food,point_of_interest,establishment",restaurant
ChIJXzBUkeM5DW0RNBLJVNtPQ2o,Curry Corner Indian takeaway Restaurant,-36.7701129,174.7222291,"Shop D/575 Glenfield Road, Glenfield, Auckland","restaurant,food,point_of_interest,establishment",restaurant
ChIJedxegDs5DW0Rlq4E90fNAOs,Pasta Post,-36.774214,174.7194608,"1/11 Manuka Road, Bayview, Auckland","meal_takeaway,restaurant,food,point_of_interest,establishment",restaurant
ChIJ5yrBnGI3DW0RrOHfPAGN3Ds,Daikoku Takapuna,-36.7838727,174.7734164,"Bruce Mason Centre Ground Floor/156 Hurstmere Road, Takapuna, Auckland","restaurant,food,point_of_interest,establishment",restaurant
ChIJ6UDZ5WI3DW0RTCnk2Kq3HiQ,Takapuna Beach Cafe,-36.78419890000001,174.7753112,"22 The Promenade, Takapuna, Auckland","cafe,meal_takeaway,restaurant,food,store,point_of_interest,establishment",restaurant
ChIJYbTiqmI3DW0R_RNDzZrQIYs,Aubergine Restaurants,-36.78544909999999,174.7734176,"129 Hurstmere Road, Takapuna, Auckland","restaurant,food,point_of_interest,establishment",restaurant
ChIJyyVNt-c5DW0RsmDJkJ86-Nk,Anokha Indian Restaurant,-36.7731714,174.7662131,"140 Kitchener Road, Milford, Auckland","restaurant,food,point_of_interest,establishment",restaurant
ChIJkUMNk9c5DW0RYPhf8GB5kVI,Al Forno,-36.7864603,174.7718877,"34 Anzac Street, Takapuna, Auckland","restaurant,food,point_of_interest,establishment",restaurant
ChIJ_7jH8Nc5DW0RlkxG94p28Sk,Botticelli Restaurant,-36.7861452,174.7725914,"8 Anzac Street, Takapuna, Auckland","restaurant,food,point_of_interest,establishment",restaurant
ChIJRYCK8dc5DW0RjABu1kU4_4k,FATIMAS Takapuna,-36.78629859999999,174.772175,"20 Anzac Street, Takapuna, Auckland","restaurant,food,point_of_interest,establishment",restaurant
ChIJCZCAxMc5DW0ReGs1ehADqfw,Subway,-36.7840905,174.7541576,"74 Taharoto Road, Takapuna, Auckland","restaurant,food,point_of_interest,establishment",restaurant
ChIJpeDAnGI3DW0R36HXntOXjQI,Portofino Takapuna,-36.7853463,174.7730281,"132 Hurstmere Road, Takapuna, Auckland","restaurant,food,point_of_interest,establishment",restaurant
ChIJpeG589c5DW0RWI5BAFAh1DI,BurgerFuel Takapuna,-36.78633000000001,174.772137,"22 Anzac Street, Takapuna, Auckland","restaurant,food,point_of_interest,establishment",restaurant
ChIJYbTiqmI3DW0R_pJ_tLOdZ2c,Pita Pit Takapuna,-36.7864096,174.7720748,"26 Anzac Street, Takapuna, Auckland","restaurant,food,point_of_interest,establishment",restaurant
ChIJU_QH_OY5DW0RUEGUqaTFt7Y,The Coffee Club Milford,-36.77217469999999,174.7657818,"Shop DM5, Milford Mall 143 Kitchener Road, Milford, Auckland","cafe,restaurant,food,store,point_of_interest,establishment",restaurant
ChIJmQ_B-9c5DW0RVQoVe9ewVqA,Shahrzad Kebab,-36.786171,174.7729049,"118, +64 9/486 1980 Hurstmere Road, Takapuna, Auckland","restaurant,food,point_of_interest,establishment",restaurant
ChIJ4wukt-c5DW0ROTHGkZnnqgo,Musashi Japanese Cuisine - Milford,-36.7725777,174.7643562,"212 Kitchener Road, Milford, Auckland","restaurant,food,point_of_interest,establishment",restaurant
ChIJca4RDuc5DW0R6QW41tFSqJM,Arigato Japanese Restaurant,-36.7730899,174.7661997,"144 Kitchener Road, Milford, Auckland","restaurant,food,point_of_interest,establishment",restaurant
ChIJffs6P-c5DW0RenrRTAqhdO4,Langkawi,-36.7733001,174.7670347,"122 Kitchener Road, Milford, Auckland","restaurant,food,point_of_interest,establishment",restaurant
ChIJWygCGOc5DW0R7_G4RzBhiw0,The Don Milford,-36.7726883,174.7667415,"1 Milford Road, Milford, Auckland","restaurant,food,point_of_interest,establishment",restaurant
ChIJ47m1Cec5DW0R8s0nWVy4PxU,Sushi Tomi,-36.7720008,174.7661176,"DM2, Milford Shopping Centre 24 Milford Road, Milford, Auckland","meal_takeaway,restaurant,food,point_of_interest,establishment",restaurant
ChIJe6DYwv8KLwAREy9ktk-821o,Nanam Restaurant,-36.7830754,174.773471,"178 Hurstmere Road, Takapuna, Auckland","restaurant,food,point_of_interest,establishment",restaurant
ChIJ30fSg2I3DW0RaUs7et8F_t8,Taylors On Hurstmere,-36.7833917,174.773532,"168 Hurstmere Road, Takapuna, Auckland","bar,restaurant,food,point_of_interest,establishment",restaurant
ChIJLectk9c5DW0RhhhjdFRmU_4,Subway,-36.7864381,174.7719798,"28/32 Anzac Street, Takapuna, Auckland","restaurant,food,point_of_interest,establishment",restaurant
ChIJET0F8dc5DW0Rrxv-SGoKF3M,Renkon Takapuna,-36.7863198,174.7723176,"18 Anzac Street, Takapuna, Auckland","restaurant,food,point_of_interest,establishment",restaurant
ChIJYbTiqmI3DW0R6eR3Avm0O5Y,Tok Tok,-36.78567829999999,174.7733997,"129 Hurstmere Road, Takapuna, Auckland","restaurant,food,point_of_interest,establishment",restaurant
ChIJA8KFfGI3DW0RJoJI3wPA32c,Leaf & Loaf Cafe & Salad Bar,-36.7867262,174.7730365,"67 Hurstmere Road, Takapuna, Auckland","cafe,store,restaurant,food,point_of_interest,establishment",restaurant
ChIJreXWW303DW0Rv5J2iQ7NHmM,Main Beach Takapuna,-36.78674120000001,174.7738713,"77 Hurstmere Road, Takapuna, Auckland","restaurant,food,point_of_interest,establishment",restaurant
ChIJreXWW303DW0RLlxy5-sPA3c,Regatta Bar And Eatery,-36.78682079999999,174.7739045,"The Strand, Takapuna, Auckland","restaurant,bar,food,point_of_interest,establishment",restaurant
ChIJCfqBDn03DW0Rk8AxBZHjPWM,Tokyo Bay Japanese,-36.7869365,174.7739441,"20 The Strand, Takapuna, Auckland","restaurant,food,point_of_interest,establishment",restaurant
ChIJIRsUgWI3DW0RtAfayueKStU,The Plumm Cafe,-36.7833519,174.7736013,"170 Hurstmere Road, Takapuna, Auckland","cafe,bakery,meal_takeaway,restaurant,food,point_of_interest,store,establishment",restaurant
ChIJm1D0Eec5DW0RGTZkLbBahpE,Monthien Thai Restaurant,-36.77306919999999,174.766152,"142 Kitchener Road, Milford, Auckland","restaurant,food,point_of_interest,establishment",restaurant
ChIJEUyH8OQ5DW0R6l-L2hG3DIE,Milford Cruising Club Inc,-36.7661159,174.7660206,"24 Craig Road, Milford, Auckland","park,bar,restaurant,food,point_of_interest,establishment",restaurant
ChIJh3n8O-c5DW0RTLk5e6tiJpo,Talay Thai Restaurant,-36.7730142,174.7671267,"85/83 Kitchener Road, Milford, Auckland","restaurant,food,point_of_interest,establishment",restaurant
ChIJkWXsdeg5DW0R0PlQmuWXZvg,Tae Hwa Ru Restaurant,-36.7729754,174.7628235,"25 Shakespeare Road, Milford, Auckland","restaurant,food,point_of_interest,establishment",restaurant
ChIJA9-r0Vg5DW0RfOJok9YLn14,江南人家(原第二故乡) Gourmet noodle house,-36.77290199999999,174.7628523,"21/23 Shakespeare Road, Milford, Auckland","restaurant,food,point_of_interest,establishment",restaurant
ChIJcbKN7jQ5DW0RehcjBzVbWBM,Flautas NZ,-36.7727817,174.7629874,"13A Shakespeare Road, Milford, Auckland","restaurant,food,point_of_interest,establishment",restaurant
ChIJGfflrunLcm0RWPz42H3wxKc,The Oyster Inn,-36.7829402,175.0098392,"124 Ocean View Road, Oneroa, Waiheke Island","restaurant,food,point_of_interest,establishment",restaurant
ChIJy2ik6evLcm0RP5NsSgiQkm8,Ajadz Indian Cuisine Waiheke Island,-36.78093369999999,175.0070372,"Artworks Complex 2 Korora Road, Oneroa, Auckland","bar,meal_takeaway,restaurant,food,point_of_interest,establishment",restaurant
ChIJJ7bRq-nLcm0RzJ1NLTszb9M,Vino Vino Restaurant & Bar,-36.78271589999999,175.0100792,"153 Ocean View Road, Oneroa, Auckland","restaurant,bar,food,point_of_interest,establishment",restaurant
ChIJK46nB-nLcm0RehV3D9P7Y_U,Wai Kitchen,-36.7825412,175.0097926,"149 Ocean View Road, Oneroa, Waiheke Island","cafe,restaurant,food,point_of_interest,establishment",restaurant
ChIJeUNGoenLcm0ReDtLfC2-kd0,TOO FAT BUNS,-36.782797,175.009317,"Unit 4/118 Ocean View Road, Oneroa, Waiheke Island","restaurant,food,point_of_interest,establishment",restaurant
ChIJK46nB-nLcm0RV8eN2MpiVbI,The Courtyard Waiheke Restaurant and Garden Bar,-36.7825242,175.0098359,"149 Ocean View Road, Oneroa, Waiheke Island","restaurant,food,point_of_interest,establishment",restaurant
ChIJHZUg-lelLwAR8f9plMy333I,The Local - Waiheke's Fish n Chips,-36.78260839999999,175.0099003,"151 Ocean View Road, Oneroa, Waiheke Island","restaurant,meal_takeaway,food,point_of_interest,establishment",restaurant
ChIJ-QH_qenLcm0RGwQa0HwSX7k,Aperitivo Balcony Bar & Kitchen,-36.78255679999999,175.009962,"3/151 Ocean View Road, Oneroa, Waiheke Island","restaurant,bar,food,point_of_interest,establishment",restaurant
ChIJK46nB-nLcm0R-UBdOl0XwlA,Red Crab Thai restaurant and Oneview Bar,-36.782514,175.009834,"149 Ocean View Road, Oneroa, Auckland","restaurant,food,point_of_interest,establishment",restaurant
ChIJfeL-penLcm0R63C76Pyj4To,Fenice Cafe & Restaurant,-36.7828805,175.0096565,"122a Ocean View Road, Oneroa, Waiheke Island","restaurant,food,point_of_interest,establishment",restaurant
ChIJpRQ62YvLcm0RnFVHwEmj570,I Love Crepes,-36.7817798,175.0077874,"106 Ocean View Road, Oneroa, Waiheke Island","meal_takeaway,cafe,restaurant,food,point_of_interest,establishment",restaurant
ChIJVanPisjLcm0RhDh7i6b2aEk,Island Frenchie,-36.781887,175.0077399,"106 Ocean View Road, Oneroa, Auckland","restaurant,food,point_of_interest,establishment",restaurant
ChIJ61W6hxLLcm0Rt9_fv5wAaFU,Nomads Terrace and Bistro,-36.78146479999999,175.0085852,"139 Ocean View Road, Oneroa, Waiheke Island","restaurant,food,point_of_interest,establishment",restaurant
ChIJeyNDVuPLcm0RstgJvV6FM3Q,tibs┃food shack,-36.7821454,175.0087889,"112 Ocean View Road, Oneroa, Waiheke Island","meal_takeaway,restaurant,food,point_of_interest,establishment",restaurant
ChIJeQg8vvrLcm0RyQtwNTyZtHQ,Nippy Bites,-36.782224,175.00883,"112 Ocean View Road, Oneroa, Waiheke Island","meal_takeaway,restaurant,food,point_of_interest,establishment",restaurant
ChIJCUmDjyPLcm0Re3YG9gJeuRk,Oneroa Sushi,-36.7823341,175.0092241,"116 Ocean View Road, Oneroa, Waiheke Island","meal_takeaway,restaurant,food,point_of_interest,establishment",restaurant
ChIJ-4W-U8HLcm0RRFiWleOolsw,The Ocean View Kitchen & Bar,-36.7825443,175.009333,"118A Ocean View Road, Oneroa, Waiheke Island","cafe,restaurant,food,point_of_interest,establishment",restaurant
ChIJQY3kBunLcm0RdcMaQ3M4-2M,Guy Thai Restaurant,-36.78253309999999,175.009762,"149 level 2 Oceanview road,Oneroa,Waiheke, Ocean View Road, Oneroa Waiheke island, Auckland","restaurant,food,point_of_interest,establishment",restaurant
ChIJa5i4TT7Jcm0RsttC_hLFEwQ,Waiheke Island Resort,-36.7847692,175.0459332,"4 Bay Road, Palm Beach, Waiheke","lodging,spa,restaurant,food,point_of_interest,establishment",restaurant
ChIJ74QWw5LLcm0RhZPX666Qego,Dragonfired waiheke,-36.78461840000001,175.018693,"1D Goodwin Avenue, Oneroa, Auckland","meal_takeaway,restaurant,food,point_of_interest,establishment",restaurant
ChIJgW8wpODLcm0R0U03x5SFRVY,Little Oneroa Takeaways,-36.7851576,175.0190123,"2 Goodwin Avenue, Oneroa, Auckland","meal_takeaway,restaurant,food,point_of_interest,establishment",restaurant
ChIJz7VZU5bJcm0RfxnO--p7JY8,Arcadia,-36.78080130000001,175.0461055,"39 Palm Road, Palm Beach, Waiheke Island","restaurant,cafe,bar,meal_takeaway,food,point_of_interest,store,establishment",restaurant
ChIJDTLAlOgTDW0R9yBBVpLr2xQ,"The Hunting Lodge - Winery, Restaurant, Lawn Bar & Events Venue",-36.7440653,174.5064208,"305/307 Waikoukou Valley Road, Waimauku","cafe,bar,liquor_store,store,restaurant,food,point_of_interest,establishment",restaurant
ChIJxz1t54cVDW0R5qespEgnFuQ,Miss Riverhead Cafe,-36.75440239999999,174.5919682,"22 School Road, Riverhead","restaurant,food,point_of_interest,establishment",restaurant
ChIJ1Zrx_80VDW0R7g1LeOTthDA,The Beekeepers Wife,-36.75641569999999,174.5918586,"1047 Coatesville Riverhead Highway, Riverhead","restaurant,food,point_of_interest,establishment",restaurant
ChIJa9kaQ1Y5DW0RQFF4fa8NccQ,Caffe E Cucina,-36.75159480000001,174.6951152,"265 Albany Highway, Rosedale, Auckland","restaurant,cafe,bar,food,point_of_interest,establishment",restaurant
ChIJq60Eofs7DW0RsHpEMw-TbSw,New Brew Cafe Bar & Restaurant,-36.7431597,174.6972934,"49 A William Pickering Drive, Albany, Auckland","bar,restaurant,food,point_of_interest,establishment",restaurant
ChIJ5QM5Efk7DW0R0n5BFB3fRAE,Tokyo Japanese Restaurant & Sake Bar,-36.7429037,174.696509,"3A/372 Rosedale Road, Albany, Auckland","restaurant,food,point_of_interest,establishment",restaurant
ChIJxWGLOvs7DW0RCJtg1Gxseck,Altura Coffee Company,-36.7432374,174.6996326,"23 Douglas Alexander Parade, Albany, Auckland","cafe,store,restaurant,food,point_of_interest,establishment",restaurant
ChIJq60Eofs7DW0RKXBcN6j6e8M,Kami Sushi,-36.7428253,174.6971702,"1/51 William Pickering Drive, Albany, Auckland","restaurant,food,point_of_interest,establishment",restaurant
ChIJj5z_Ovk7DW0RuNnMptDM6jM,BBQ Noodles House,-36.743678,174.6933272,"361 Albany Highway, Rosedale, Auckland","restaurant,food,point_of_interest,establishment",restaurant
ChIJb3vtxfw7DW0RgkSwMmr-0t8,"Buffalo BBQs, Kamado Joe, Grandfire BBQs",-36.7466805,174.6995084,"1 Douglas Alexander Parade, Albany, Auckland","restaurant,food,point_of_interest,establishment",restaurant
ChIJ6WaTjfw7DW0R86EPJ7E5Wzs,Katsubi Cafe & Restaurant,-36.7458704,174.6983833,"35 William Pickering Drive, Rosedale, Auckland","restaurant,food,point_of_interest,establishment",restaurant
ChIJ-9Al6f47DW0RV52EJ_qB04o,Shore Sushi & Japanese Cuisine,-36.7464597,174.6937245,"9/329 Albany Highway, Rosedale, Auckland","restaurant,food,point_of_interest,establishment",restaurant
ChIJXYH6N_k7DW0RRzKwP-O-6t0,Noodle Canteen,-36.7442423,174.6935885,"357 Albany Highway, Rosedale, Auckland","restaurant,food,point_of_interest,establishment",restaurant
ChIJ0eCQvfs7DW0RwIi7aC0BtP8,Subway,-36.74339459999999,174.6967243,"24/44 William Pickering Drive, Rosedale, Auckland","restaurant,food,point_of_interest,establishment",restaurant
ChIJwYAnOPk7DW0RbsCDNuAwWnY,Shaolin Kung Fu Noodles 少林面馆,-36.7441072,174.6934714,"357 Albany Highway, Rosedale, Auckland","restaurant,food,point_of_interest,establishment",restaurant
ChIJ5W_gE_k7DW0ROi1k_tqJ9B0,Meet Fresh,-36.742958,174.6964744,"A2/372 Rosedale Road, Albany, Auckland","restaurant,food,point_of_interest,establishment",restaurant
ChIJIbvuleQ7DW0R5eoZcQSo5A8,Airborne Food Bar,-36.74407069999999,174.7015697,"c26/14 Airborne Road, Rosedale, Auckland","restaurant,food,point_of_interest,establishment",restaurant
ChIJwSP9pfs7DW0R7L-a-KLDEMM,Owens,-36.7427645,174.6974248,"14/51 William Pickering Drive, Rosedale, Auckland","restaurant,food,point_of_interest,establishment",restaurant
ChIJXfgWZ907DW0RYz_L1D_7Z2E,Tulbo,-36.7413997,174.7108652,"243 Rosedale Road, Albany, Auckland","restaurant,food,point_of_interest,establishment",restaurant
ChIJ53CNMV85DW0R72Ct-hwPmeo,Bar Savannah,-36.7535395,174.7071629,"1b William Pickering Drive, Rosedale, Auckland","bar,restaurant,food,point_of_interest,establishment",restaurant
ChIJwb168f47DW0REsKHwTbLE_A,Hell Pizza Albany,-36.74692510000001,174.6937284,"3/327 Albany Highway, Rosedale, Auckland","restaurant,food,point_of_interest,establishment",restaurant
ChIJW6l3tMQ7DW0RaMHTgf4rK0U,The Buffet,-36.7405835,174.7165051,"4/2 Tawa Drive, Albany, Auckland","restaurant,food,point_of_interest,establishment",restaurant
ChIJBYfLkvw7DW0R9mh0ZVkCVE8,Pita Pit Albany William Pickering,-36.7462068,174.6983514,"35 William Pickering Drive, Rosedale, Albany","restaurant,food,point_of_interest,establishment",restaurant
ChIJfUBF3b07DW0Rk9fhU0MQYI8,Albany ChowFoo Restaurant,-36.7472462,174.6938729,"325 Albany Highway, Rosedale, Auckland","restaurant,food,point_of_interest,establishment",restaurant
ChIJhXtyTUI7DW0RqI9PZg1VjoU,Soul Meat (Japanese Wagyu BBQ & Hotpot),-36.7466483,174.6937088,"11/329 Albany Highway, Albany, Auckland","restaurant,food,point_of_interest,establishment",restaurant
ChIJyVdKv0c7DW0Rl1jZb7HPZe4,Freaky Burger and Tacos Rosedale,-36.7462609,174.6936578,"329 Albany Highway, Rosedale, Auckland","meal_takeaway,restaurant,food,point_of_interest,establishment",restaurant
ChIJzTaofck7DW0RC5yi8MFB4bA,The Chopper Diner,-36.7461965,174.6937008,"3/329 Albany Highway, Rosedale, Auckland","meal_takeaway,store,restaurant,food,point_of_interest,establishment",restaurant
ChIJZ-2B8jA7DW0RR7fgpVD593E,Pocha Albany,-36.7460978,174.6936092,"1/329 Albany Highway, Rosedale, Auckland","restaurant,food,point_of_interest,establishment",restaurant
ChIJd82ynuI7DW0RQJvDEFn4sis,Dami Sushi,-36.7501832,174.7019165,"17A William Pickering Drive, Rosedale, Auckland","restaurant,food,point_of_interest,establishment",restaurant
ChIJWfQpRiw7DW0RYhUi4aWWvnE,wildbean cafe,-36.74496,174.69348,"343 Albany Highway, Rosedale, Auckland","cafe,bakery,store,restaurant,food,point_of_interest,establishment",restaurant
ChIJDfQNMiQ7DW0R26QDTHp8xcA,Tao Sushi,-36.74495760000001,174.693483,"343 Albany Highway, Rosedale, Auckland","restaurant,food,point_of_interest,establishment",restaurant
ChIJEzGfsOE7DW0RQ_ROWwiODYA,Yum Lamb Hotpot,-36.7449969,174.6933892,"343 Albany Highway, Rosedale, Auckland","restaurant,food,point_of_interest,establishment",restaurant
ChIJUUmdkPs7DW0R64WxffeVwZE,Oishii Sushi,-36.7439537,174.6969365,"42 William Pickering Drive, Rosedale, Auckland","restaurant,food,point_of_interest,establishment",restaurant
ChIJBfABkfs7DW0RkoW11s8rGts,Pepper Mint 日丰馆,-36.7439117,174.6968841,"0632, 19/44 William Pickering Drive, Rosedale, Auckland","restaurant,food,point_of_interest,establishment",restaurant
ChIJAeU3l_s7DW0R5LfI0nsUHXM,Wong's Kitchen,-36.74376110000001,174.6968536,"42 William Pickering Drive, Rosedale, Auckland","restaurant,food,point_of_interest,establishment",restaurant
ChIJ4ZzHmfs7DW0RUumtY12eMrg,Hak Ka Hut - 客家好栈,-36.7436947,174.6968815,"44 William Pickering Drive, Rosedale, Auckland","restaurant,food,point_of_interest,establishment",restaurant
ChIJERbpISU7DW0RLOmojZiA3IM,미나리 Mina Lee,-36.7444709,174.6935446,"2/357 Albany Highway, Rosedale, Auckland","restaurant,food,point_of_interest,establishment",restaurant
ChIJDR0CVSI7DW0R67oNKOJLEk8,喜多饭屋KITA FOOD HOUSE,-36.7444654,174.6932784,"357e Albany Highway, Rosedale, Auckland","restaurant,food,point_of_interest,establishment",restaurant
ChIJhfjabQA7DW0R89aaemkskfE,DayNight,-36.74339459999999,174.6967243,"26/44 William Pickering Drive, Rosedale, Auckland","restaurant,food,point_of_interest,establishment",restaurant
ChIJn34Kofs7DW0R4Pnkv5ihsHo,Who's Kitchen,-36.74331719999999,174.6973567,"49C William Pickering Drive, Rosedale, Auckland","restaurant,food,point_of_interest,establishment",restaurant
ChIJPclrGPk7DW0RWZVHLSEZJ_k,Brookfield Chinese Takeaway,-36.74389399999999,174.6934419,"361 Albany Highway, Albany, Auckland","restaurant,food,point_of_interest,establishment",restaurant
ChIJc5BeRVk7DW0RqOpSVwxcgBE,Chic 'n' Time,-36.7438857,174.6933209,"361 Albany Highway, Rosedale, Auckland","meal_takeaway,restaurant,food,point_of_interest,establishment",restaurant
ChIJjzNUTAA7DW0RVa43jA9-U2A,Lucky Dip & Bar 幸运食客,-36.7438428,174.6933534,"361 Albany Highway, Rosedale, Auckland","restaurant,food,point_of_interest,establishment",restaurant
ChIJJR8D7R47DW0R8hAcY0mWceI,Me and Chef Albany Highway,-36.74380649999999,174.6933417,"361 Albany Highway, Rosedale, Auckland","restaurant,food,point_of_interest,establishment",restaurant
ChIJxVLhFFo7DW0RX7xxd8gV-0A,Pho N Co,-36.7429037,174.696509,"1A/372 Rosedale Road, Rosedale, Auckland","restaurant,food,point_of_interest,establishment",restaurant
ChIJQY3wPgw7DW0RI59yairqw-I,Little Canteen,-36.74293900000001,174.6960297,"372 Rosedale Road, Rosedale, Auckland","restaurant,food,point_of_interest,establishment",restaurant
ChIJKYoKxvs7DW0Rupwss7-NdXo,Topstar Bakery and Cafe,-36.7428987,174.6964548,"372 Rosedale Road, Albany, Auckland","bakery,meal_takeaway,store,restaurant,food,point_of_interest,establishment",restaurant
ChIJPT7GB_s7DW0RvjVXh5zSK28,Dakeyi Hot Pot (大可以）,-36.7427402,174.6977848,"14/51 William Pickering Drive, Rosedale, Auckland","restaurant,food,point_of_interest,establishment",restaurant
ChIJE4S5ZORHDW0RWv7fnG3JP6g,No.1 Pancake Albany,-36.74361959999999,174.7014887,"Unit 6/18 Airborne Road, Rosedale, Auckland","meal_takeaway,restaurant,food,point_of_interest,establishment",restaurant
ChIJqeLmM7s7DW0R2younM1n9lY,Bulldogi's Cheesesteaks,-36.7433482,174.7018695,"26/18 Airborne Road, Rosedale, Auckland","restaurant,food,point_of_interest,establishment",restaurant
ChIJ30KzaFk5DW0RH0NvPxcnkS4,The Sandwich Factory,-36.75513159999999,174.7038019,"236B Bush Road, Rosedale, Auckland","restaurant,food,point_of_interest,establishment",restaurant
ChIJwds5b1k5DW0RjVOJIO9s8lw,Bush Road Lunchbar,-36.75516700000001,174.7038067,"238 Bush Road, Rosedale, North Harbour","restaurant,food,point_of_interest,establishment",restaurant
ChIJ7VG4Wck5DW0RCwZxxqGVcbQ,Albany Discount Food Market / Top Taste Chicken N Chips,-36.75603869999999,174.7024506,"183 Albany Highway, Rosedale, Auckland","grocery_or_supermarket,meal_takeaway,store,restaurant,food,point_of_interest,establishment",restaurant
ChIJg0T32ZE5DW0RwWkfZhzbC0w,Dominos Pizza Schnapper Rock,-36.7566058,174.702198,"3/1 Schnapper Rock Road, Schnapper Rock, Auckland","restaurant,food,point_of_interest,establishment",restaurant
ChIJVVVVVfk7DW0RnGaseH0eGcg,Crown Quality Food Bar,-36.7550998,174.704756,"Rosedale, North Harbour","restaurant,food,point_of_interest,establishment",restaurant
ChIJHdz3ewA5DW0RTdDof3pTQgc,Alleyway Hot Pot,-36.7511406,174.7099847,"43 Omega Street, Rosedale, Auckland","restaurant,food,point_of_interest,establishment",restaurant
ChIJlfsonGA5DW0RsnepVshwuzs,Vero Cafe,-36.75457050000001,174.7105973,"1/145 Unsworth Drive, Unsworth Heights, North shore","cafe,restaurant,food,point_of_interest,establishment",restaurant
ChIJObSKw0o6DW0RxT1fSN6A4fc,Mariko Japan,-36.7545143,174.710695,"B/1 Greenwich Way, Unsworth Heights, Auckland","restaurant,food,point_of_interest,establishment",restaurant
ChIJkycL3EU5DW0RqfJEILo16Xo,Yummy Takeaway,-36.7544833,174.7107269,"145 Unsworth Drive, Unsworth Heights, Auckland","meal_takeaway,restaurant,food,point_of_interest,establishment",restaurant
ChIJTyMvThM5DW0ROeH3zUYMFSE,Prince of India,-36.7544914,174.7108413,"Shop 6/1 Greenwich Way, Unsworth Heights, Auckland","meal_takeaway,restaurant,food,point_of_interest,establishment",restaurant
ChIJH7oRqTI7DW0RgRXZECMHQkc,Taenung Korean BBQ,-36.7411483,174.7105574,"243 Rosedale Road, Rosedale, Auckland","restaurant,food,point_of_interest,establishment",restaurant
ChIJpwzk2WE5DW0RQ0GzjRMxGnM,Nice Rice Chinese Takeaways,-36.75130089999999,174.7135553,"Rosedale, Auckland","restaurant,food,point_of_interest,establishment",restaurant
ChIJda091Hw7DW0RSUbZjXuIXkM,Simya Korean Restaurant,-36.7413974,174.7109883,"5/243 Rosedale Road, Albany, Auckland","bar,restaurant,food,point_of_interest,establishment",restaurant
ChIJUzp-tYc5DW0RLcMUsLaf5iY,Fact-Tree,-36.7547264,174.7405429,"1/24 Tonkin Drive, Sunnynook, Auckland","cafe,restaurant,food,point_of_interest,establishment",restaurant
ChIJw6QTotU7DW0R_81humfy_pE,Burger King Constellation Drive,-36.7505146,174.728683,"70 Parkway Drive, Mairangi Bay, Auckland","restaurant,food,point_of_interest,establishment",restaurant
ChIJfcITOSs6DW0RHRt0jwYparg,Mexicali Fresh,-36.7479628,174.7324285,"32 Constellation Drive, Rosedale, Auckland","restaurant,food,point_of_interest,establishment",restaurant
ChIJqxVAOSs6DW0Rq6QF-SqZMxQ,"TANK Constellation Drive - Smoothies, Raw Juices, Salads & Wraps",-36.74784289999999,174.7324283,"32/B Constellation Drive, Rosedale, Auckland","meal_takeaway,restaurant,food,point_of_interest,establishment",restaurant
ChIJw0l9kis6DW0Rosain4iRa0c,Subway,-36.7467326,174.7364438,"21 Constellation Drive, Albany, North Shore","restaurant,food,point_of_interest,establishment",restaurant
ChIJjZLbWtI7DW0R9qFYUkZqCZc,Duck Duck Goose Eatery,-36.7425375,174.7284512,"Albany, 6/56 Apollo Drive, Rosedale, Auckland","cafe,restaurant,food,point_of_interest,establishment",restaurant
ChIJFRQdn9E7DW0RgNyNGSKQGIE,Black & Gold Coffee Eatery,-36.7431615,174.7251831,"New Zealand 1/33 Triton Drive, Rosedale, Auckland","cafe,restaurant,food,point_of_interest,establishment",restaurant
ChIJi9g9n9E7DW0RfO-r7BjTMmA,Sushi Club,-36.74304,174.7250967,"33C Triton Drive, Rosedale, Auckland","meal_takeaway,restaurant,food,point_of_interest,establishment",restaurant
ChIJgSfgDtA7DW0RK7kmy_nrHSU,China Castle,-36.7413487,174.7217039,"12 Arrenway Drive, Rosedale, Auckland","restaurant,food,point_of_interest,establishment",restaurant
ChIJgSfgDtA7DW0RP5rfACxrjoo,Happy Chef,-36.7412603,174.7217137,"12 Arrenway Drive, Rosedale, Auckland","restaurant,food,point_of_interest,establishment",restaurant
ChIJwcGgvog5DW0R4cSY2IXF6aM,The Great Cafe,-36.75970720000001,174.7398767,"Shop8/120 Sunnynook Road, Sunnynook, Auckland","cafe,restaurant,food,point_of_interest,establishment",restaurant
ChIJN5SbYjA6DW0RIEqtDYgTbYc,Noodle Canteen,-36.738866,174.7413827,"4/544 East Coast Road, Windsor Park, Auckland","restaurant,food,point_of_interest,establishment",restaurant
ChIJH3HJfTA6DW0REKZEkLxsB90,King of India,-36.7389526,174.7415212,"6a/544 East Coast Road, Windsor Park, Auckland","meal_takeaway,restaurant,food,point_of_interest,establishment",restaurant
ChIJaYze7cQ7DW0Ryd8Oxlpt_-A,Smart Kitchen,-36.7386128,174.7176576,"3 Miro Place, Albany, Auckland","restaurant,food,point_of_interest,establishment",restaurant
ChIJt1OafY45DW0RMSUcyzAjwow,Good Horse Takeaways,-36.7604699,174.7465853,"4/1 Grenada Avenue, Forrest Hill, Auckland","meal_takeaway,restaurant,food,point_of_interest,establishment",restaurant
ChIJz79v9cM7DW0RuRFJP_dx5us,Willow Cafe,-36.7358157,174.7154905,"42 Tawa Drive, Albany, Auckland","cafe,restaurant,food,point_of_interest,establishment",restaurant
ChIJDdak1tQ7DW0R3vkCtFj63VQ,Wendy's,-36.7485616,174.7311231,"38 Constellation Drive, Rosedale, Auckland","restaurant,food,point_of_interest,establishment",restaurant
ChIJsVyLdNU7DW0R3w2C8aX57TQ,The Dark Horse,-36.7504188,174.7289946,"70 Parkway Drive, Mairangi Bay, Auckland","bar,restaurant,food,point_of_interest,establishment",restaurant
ChIJB-_4iys6DW0RKyO8Un019Wc,McDonald's Constellation Drive,-36.7465744,174.7351666,"14/16 Constellation Drive, Rosedale, Auckland","restaurant,food,point_of_interest,establishment",restaurant
ChIJwag16Cw6DW0RMAXxaEy96ak,Pita Pit Mairangi Bay,-36.7444491,174.7329101,"27 Apollo Drive, Rosedale, Mairangi Bay, Auckland","restaurant,food,point_of_interest,establishment",restaurant
ChIJ4WrJ4887DW0RsVSOqZhIKWM,Totoya,-36.7405749,174.7223807,"7 Triton Drive, Rosedale, Auckland","restaurant,food,point_of_interest,establishment",restaurant
ChIJ1U5EfDA6DW0RXgNmt6YAweM,BurgerFuel Windsor Park,-36.738844,174.741308,"Unit 3/544 East Coast Road, Windsor Park, Auckland","restaurant,food,point_of_interest,establishment",restaurant
ChIJdXyF4y46DW0RNVPuBF5z__Y,Pass-N-Punt Sports Bar,-36.7504816,174.7291198,"70 Parkway Drive, Mairangi Bay, Auckland","restaurant,bar,food,point_of_interest,establishment",restaurant
ChIJNwqhFRw7DW0RVNKQYaVM2Zc,Kika's North Shore,-36.7480241,174.7325496,"1/32 Constellation Drive, Rosedale, Auckland","restaurant,food,point_of_interest,establishment",restaurant
ChIJAfwAk6I7DW0ResyfyjK6MVE,Town Tonic Auckland,-36.7480241,174.7325496,"1/32 Constellation Drive, Rosedale, Auckland","restaurant,cafe,bar,food,point_of_interest,establishment",restaurant
ChIJ5-LHbqw7DW0RcDCgZAK3A8w,Judy's Kitchen,-36.750061,174.7327255,"2/38 Parkway Drive, Rosedale, Auckland","meal_takeaway,restaurant,food,point_of_interest,establishment",restaurant
ChIJa-pDDCE7DW0R6cUC3Y9M1Kg,Crazy sushi,-36.7467085,174.7339694,"10 Ascension Place, Rosedale, Auckland","meal_takeaway,restaurant,food,point_of_interest,establishment",restaurant
ChIJjaZS-Cs6DW0RG_1xC4852M4,"Jesters, Rosedale",-36.7467185,174.7362504,"21 Constellation Drive, Mairangi Bay, Auckland","restaurant,food,point_of_interest,establishment",restaurant
ChIJN_p4B-Q7DW0RQSluzLl7-6Q,Tea And Bao,-36.7432181,174.7300735,"1 Antares Place, Rosedale, Auckland","restaurant,meal_takeaway,food,point_of_interest,establishment",restaurant
ChIJaRLrLS06DW0RdLPsR2p-R8A,Napoleon Grills,-36.7432379,174.7317505,"5 Ceres Court, Rosedale, Auckland","restaurant,food,point_of_interest,establishment",restaurant
ChIJgcqjgu87DW0RNbw7CnogdkI,Burr Burger,-36.7429786,174.730319,"1 Antares Place, Rosedale, Auckland","restaurant,food,point_of_interest,establishment",restaurant
ChIJd9uXTtg7DW0RI8ZF48VaaAk,Mrs Bun&Dumpling,-36.7427931,174.7287569,"1/56 Apollo Drive, Rosedale, Auckland","restaurant,food,point_of_interest,establishment",restaurant
ChIJjZLbWtI7DW0R5PqrFR57ghM,Blu Poké Shed,-36.7427149,174.7286251,"3/56 Apollo Drive, Rosedale, Auckland","restaurant,food,point_of_interest,establishment",restaurant
ChIJtyFMZog7DW0RS8da8jOrg90,Z FRESH Noodles,-36.74280809999999,174.7279634,"12/56 Apollo Drive, Auckland","restaurant,food,point_of_interest,establishment",restaurant
ChIJUWnnqVA7DW0RmA6XFtmiedg,Mr.Noodle大碗宽面,-36.74273439999999,174.7280167,"Unit12/56 Apollo Drive, Rosedale, Auckland","restaurant,food,point_of_interest,establishment",restaurant
ChIJjZLbWtI7DW0RA3DOYtDOslU,Sushi Break,-36.7426062,174.7285266,"56 Apollo Drive, Rosedale, Auckland","restaurant,food,point_of_interest,establishment",restaurant
ChIJf4N_pzVMDW0RhxyKNEE49Nw,Uncle Tetsu's Japanese Cheesecake,-36.74265589999999,174.7278522,"9/56 Apollo Drive, Rosedale, Auckland","bakery,store,restaurant,food,point_of_interest,establishment",restaurant
ChIJEX0Qh4w7DW0REoBaFijxlG0,김서방 Chef Kim,-36.7430232,174.7250708,"NZ, 33D Triton Drive, Rosedale, Auckland","restaurant,food,point_of_interest,establishment",restaurant
ChIJ36YdotE7DW0RruWvkQqa6qY,KS Chicken,-36.7428931,174.7249406,"33B Triton Drive, Rosedale, Auckland","restaurant,food,point_of_interest,establishment",restaurant
ChIJgzORay06DW0RXvU6FwhRMNg,Subway,-36.7420779,174.7331928,"17 Antares Place, Mairangi Bay, Auckland","restaurant,food,point_of_interest,establishment",restaurant
ChIJERo6htI7DW0RqqpR8_aLYeU,Yb Sushi,-36.7414774,174.7291519,"Orbit Drive, Rosedale, Auckland","restaurant,food,point_of_interest,establishment",restaurant
ChIJT7plCxA5DW0RcScys8lRx4Y,BB Burrito,-36.7573104,174.7245974,"95 Sunset Road, Totara Vale, Auckland","restaurant,food,point_of_interest,establishment",restaurant
ChIJyTuQ1c87DW0RvMQLpfU4Koc,Five star,-36.74059339999999,174.7235631,"18H Triton Drive, Rosedale, Auckland","restaurant,food,point_of_interest,establishment",restaurant
ChIJI4muny05DW0RnlVPiQ1DKBs,Mr Li Takeaway European and Chinese Food,-36.75467,174.7404385,"NZ Auckland North Shore 1/20 Tonkin Drive, Sunnynook, Auckland","restaurant,food,point_of_interest,establishment",restaurant
ChIJb9CKPWk7DW0Rg37YSm-rWcE,Boon,-36.7389665,174.7270476,"Unit 5/83 Apollo Drive, Rosedale, Auckland","restaurant,food,point_of_interest,establishment",restaurant
ChIJdV7VHxU7DW0RgRCJIdtMpfg,NaB Cafe & Korean Restaurant (나비 카페 & 포장마차),-36.7389665,174.7270476,"11/83 Apollo Drive, Rosedale, Auckland","restaurant,food,point_of_interest,establishment",restaurant
ChIJNYHnya87DW0R4RngvMGOT8Y,The Base Bar & Grill,-36.7389665,174.7270476,"1/83 Apollo Drive, Rosedale, Auckland","bar,restaurant,food,point_of_interest,establishment",restaurant
ChIJ5WPxJL87DW0Rpz7WOZM-yD4,北岸聚点烧烤,-36.7389665,174.7270476,"1/83 Apollo Drive, Rosedale, Auckland","restaurant,food,point_of_interest,establishment",restaurant
ChIJjQn4Sq47DW0Rmpq_05tg6ys,DAGU Rice Noodle Albany 大鼓米线北岸店,-36.7406136,174.7225041,"7a Triton Drive, Rosedale, Auckland","restaurant,food,point_of_interest,establishment",restaurant
ChIJ61oPEYU7DW0R6BZYhGI7iI8,MODU Eatery,-36.7389129,174.7273027,"Unit 5/83 Apollo Drive, Rosedale, Auckland","meal_takeaway,restaurant,food,point_of_interest,establishment",restaurant
ChIJE5jAyM07DW0RVnX6AUyeNSE,Sushi Ya,-36.738809,174.7274431,"Unit8/83 Apollo Drive, Rosedale, Auckland","restaurant,food,point_of_interest,establishment",restaurant
ChIJ5X_XAdA7DW0R0etI5SUnK9Q,Korean Spice House,-36.7403528,174.7218294,"unit 7/4 Arrenway Drive, Rosedale, Auckland","restaurant,food,point_of_interest,establishment",restaurant
ChIJHZJsWAA7DW0Rcy6_jjwZK8s,HONGDAE(홍대 알바니),-36.74026359999999,174.7216923,"3/4 Arrenway Drive, Rosedale, Auckland","restaurant,food,point_of_interest,establishment",restaurant
ChIJhTFVIYY7DW0RmEYsDWZQSYw,My Dumpling 咱家饺子,-36.73729939999999,174.7250952,"14/96 Rosedale Road, Pinehill, Auckland","restaurant,food,point_of_interest,establishment",restaurant
ChIJUwcFPBY6DW0RjtOnZLnYyus,Paper Moon,-36.7381376,174.7533399,"437 Beach Road, Mairangi Bay, Auckland","restaurant,cafe,store,bar,food,point_of_interest,establishment",restaurant
ChIJl9jlMxY6DW0RhtfphpuWnVM,Hiroba Sushi,-36.738947,174.753366,"370 Beach Road, Mairangi Bay, Auckland","meal_takeaway,restaurant,food,point_of_interest,establishment",restaurant
ChIJFTtRIhY6DW0RNldegdZhbE0,Taksim Turkish Kitchen and Bar,-36.7380693,174.7529198,"404 Beach Road, Mairangi Bay, Auckland","meal_takeaway,bar,restaurant,food,point_of_interest,establishment",restaurant
ChIJCRbXhow5DW0R4TkjKL1gTKo,Domino's Pizza Forrest Hill,-36.7583425,174.7500058,"shop 2/252 Forrest Hill Road, Forrest Hill, Auckland","meal_takeaway,meal_delivery,restaurant,food,point_of_interest,establishment",restaurant
ChIJgUMWhB46DW0R-wUecVUXX7A,El Greco,-36.7455302,174.7602061,"Unit 1/1 The Esplanade, Campbells Bay, Auckland","bar,restaurant,food,point_of_interest,establishment",restaurant
ChIJL2kFzxg7DW0RjwJhLedz5NI,Tee to Table Bistro – Pupuke Golf Club,-36.75203799999999,174.7494872,"231 East Coast Road, Campbells Bay, Auckland","restaurant,food,point_of_interest,establishment",restaurant
ChIJ0_Q-Ko07DW0Re_QBF56kAXc,C&C Chef Catering Ltd,-36.75203799999999,174.7494872,"231 East Coast Road, Campbells Bay, Auckland","cafe,restaurant,food,point_of_interest,establishment",restaurant
ChIJUwcFPBY6DW0RidV2VDVBw50,Pattaya Thai cuisine,-36.73823449999999,174.7534591,"437 Beach Road, Mairangi Bay, Auckland","restaurant,food,point_of_interest,establishment",restaurant
ChIJdduYPxY6DW0RCarYQdzXwWM,"Montrose Cafe, Bistro and Bar",-36.738059,174.753685,"1 Montrose Terrace, Mairangi Bay, Auckland","cafe,restaurant,food,point_of_interest,establishment",restaurant
ChIJbVgTzRc6DW0RIMLqsp2u0Lg,Mairangi Bay Fisheries,-36.7393009,174.753182,"360 Beach Road, Mairangi Bay, Auckland","meal_takeaway,restaurant,food,point_of_interest,establishment",restaurant
ChIJQziMMxY6DW0RF3LZMZaP6fw,Sun Island Takeaways,-36.73899879999999,174.7533744,"368 Beach Road, Mairangi Bay, Auckland","meal_takeaway,restaurant,food,point_of_interest,establishment",restaurant
ChIJLTwkO6w7DW0R42fbc1V4mdo,Royal Indian Cuisine,-36.7510341,174.7469199,"318 East Coast Road, Sunnynook, Auckland","meal_takeaway,restaurant,food,point_of_interest,establishment",restaurant
ChIJf3H5PUU7DW0R7_sZP8tgkH4,Brothers bar and eatery,-36.7382757,174.7533966,"435 Beach Road, Mairangi Bay, Auckland","restaurant,meal_takeaway,bar,food,point_of_interest,establishment",restaurant
ChIJT3VXKBY6DW0RPAL8D9xqY9g,Mairangi Japanese Cuisine,-36.7386176,174.7525662,"376/384 Beach Road, Mairangi Bay, Auckland","restaurant,food,point_of_interest,establishment",restaurant
ChIJ40q_BhA7DW0RE5oLFSHwICE,Calimero Pizza Mairangi Bay,-36.7381742,174.7532803,"437 Beach Road, Mairangi Bay, Auckland","meal_takeaway,restaurant,food,point_of_interest,establishment",restaurant
ChIJ-dEWOxY6DW0RmNjH_cKrlrI,Bay Cafe and Kebab,-36.7382713,174.7530766,"Beach Road, Mairangi Bay, Auckland","restaurant,cafe,food,point_of_interest,establishment",restaurant
ChIJi1EUL-Y7DW0Rvbgo90mZ8r4,Mairangi Kebab & Burger,-36.73827370000001,174.752971,"392 Beach Road, Mairangi Bay, Auckland","restaurant,food,point_of_interest,establishment",restaurant
ChIJKQa02vk7DW0ReMRTnl1Bwz4,November Cafe Mairangi Bay,-36.7378303,174.7526522,"Unit 1&2/408 Beach Road, Mairangi Bay, Auckland","cafe,restaurant,food,point_of_interest,establishment",restaurant
ChIJIw2eku05DW0REmgQUCLZLAQ,Crownhill Fish & Chips,-36.7642314,174.7562687,"133 East Coast Road, Milford, Auckland","restaurant,food,point_of_interest,establishment",restaurant
ChIJG00BQrA9DW0RoCdv2GUuKu0,Black Cottage Cafe,-36.7169198,174.6386272,"308 Coatesville Riverhead Highway, Coatesville","restaurant,cafe,food,point_of_interest,establishment",restaurant
ChIJ7eEhiOo7DW0RSjkxz1OPLqY,Khun Pun Thai Restaurant,-36.7321832,174.709696,"5/7 Corinthian Drive, Albany, Auckland","meal_delivery,meal_takeaway,restaurant,food,point_of_interest,establishment",restaurant
ChIJcxMR9uo7DW0Rn_8Y9MTifRU,The Spice Rack Indian Kitchen,-36.7321128,174.70932,"15 Mercari Way, Albany, Auckland","meal_takeaway,restaurant,food,point_of_interest,establishment",restaurant
ChIJ2W4-9uo7DW0REW0gKz3GaNQ,Eight Degree Bar & Restaurant,-36.7317491,174.7092274,"2/15 Mercari Way, Albany, Auckland","bar,restaurant,food,point_of_interest,establishment",restaurant
ChIJK_Iz35Q7DW0RQaTq7FSd5Es,Subway Westfield Albany Mall,-36.7282708,174.7086857,"K02/219 Don McKinnon Drive, Albany, Auckland","cafe,meal_takeaway,restaurant,food,point_of_interest,establishment",restaurant
ChIJPdzXapU7DW0R3Ba2L_ZJfU8,The Merchant Pub Co.,-36.7278799,174.7094052,"219 Don McKinnon Drive, Albany, Auckland","restaurant,bar,food,point_of_interest,establishment",restaurant
ChIJKVkwWuo7DW0RUVEEBPWskac,BurgerFuel Albany,-36.732776,174.709195,"7 Mercari Way, Albany, Auckland","restaurant,food,point_of_interest,establishment",restaurant
ChIJTxqYEEdLDW0RPJQMZgznkIU,PinYue Shanghai Style 北岸品悦上海菜,-36.73379729999999,174.7118509,"10a/25 Corinthian Drive, Albany, Auckland","restaurant,food,point_of_interest,establishment",restaurant
ChIJ193BPqA-DW0RDyV8CORVMSU,Kohinoor Indian Restaurant Albany,-36.72544989999999,174.6950855,"227 Dairy Flat Highway, Albany, Auckland","meal_takeaway,restaurant,food,point_of_interest,establishment",restaurant
ChIJDRTsY5E7DW0RYIideME3c7g,Lone Star Albany,-36.7229037,174.704434,"1/270 Oteha Valley Road, Albany, Auckland","restaurant,food,point_of_interest,establishment",restaurant
ChIJpUnnUJE7DW0RW0wLWHffET4,Pita Pit Oteha Valley,-36.7229927,174.7049295,"270 Oteha Valley Road, Albany, Auckland","restaurant,food,point_of_interest,establishment",restaurant
ChIJowtKxpY7DW0Ru5V3Tm56lUE,"TANK Oteha Valley - Smoothies, Raw Juices, Salads & Wraps",-36.72306930000001,174.7049906,"270 Oteha Valley Road, Albany, Auckland","meal_takeaway,restaurant,food,point_of_interest,establishment",restaurant
ChIJ9aevT5E7DW0RPoYwIM6bAno,Daikoku Albany,-36.7235995,174.7053161,"270 Oteha Valley Road, Albany, Auckland","restaurant,food,point_of_interest,establishment",restaurant
ChIJ_0iA2ew7DW0RYS7Xo_LnPMA,McDonald's Albany,-36.7297933,174.7032431,"5 Coliseum Drive, Albany, Auckland","restaurant,food,point_of_interest,establishment",restaurant
ChIJqYs4tpc7DW0R-DIfkyvbAjg,KFC,-36.7209751,174.7092972,"256 Oteha Valley Road, Albany, Auckland","meal_takeaway,restaurant,food,point_of_interest,establishment",restaurant
ChIJrzgnypc7DW0Ri4pQvlk5GQY,Carl's Jr. Albany,-36.7206193,174.7093643,"256 Oteha Valley Road, Albany, Auckland","restaurant,food,point_of_interest,establishment",restaurant
ChIJCwrqW707DW0RkU6kUhx--hA,Zambrero Oteha Valley,-36.7203417,174.7105506,"E/252 Oteha Valley Road, Albany, Auckland","restaurant,food,point_of_interest,establishment",restaurant
ChIJHXVUI5U7DW0RSOkPEZeZzfQ,"TANK Albany - Smoothies, Raw Juices, Salads & Wraps",-36.7285851,174.7086844,"219 Don McKinnon Drive, Albany, Auckland","meal_takeaway,restaurant,food,point_of_interest,establishment",restaurant
ChIJr-nyQuo7DW0RjDduM0X21ko,St Pierres Sushi (Albany),-36.7326697,174.7091972,"7 Mercari Way, Albany, Auckland","restaurant,food,point_of_interest,establishment",restaurant
ChIJeY01ROo7DW0RHq53ZDTX-AQ,Pizza Hut,-36.7328765,174.7091783,"shop 9/11 Mercari Way, Albany, Auckland","meal_delivery,meal_takeaway,restaurant,food,point_of_interest,establishment",restaurant
ChIJ1bzFe5Q7DW0RNYI8googLb8,Burger King Albany,-36.7306269,174.7057938,"140 Don McKinnon Drive, Albany, Auckland","restaurant,food,point_of_interest,establishment",restaurant
ChIJK_Iz35Q7DW0R_E3jZMBhEXo,The Coffee Club Albany,-36.72837639999999,174.7071841,"Shop S265B, Shop S265B/219 Don McKinnon Drive, Albany, Auckland","cafe,bar,store,restaurant,food,point_of_interest,establishment",restaurant
ChIJjW9UwME7DW0R57c20mxTz84,EDEN NOODLES ALBANY 四川担担面ALBANY,-36.733114,174.711817,"Shop 3/14 Corinthian Drive, Albany, Auckland","restaurant,food,point_of_interest,establishment",restaurant
ChIJRRmPwME7DW0Rl_xBgIttQ3s,Wan Bao Restaurant,-36.7331244,174.7118882,"2 Oracle Drive, Albany, Auckland","restaurant,food,point_of_interest,establishment",restaurant
ChIJq_jBQ5E7DW0RoMIEUjjs3-w,Brazilian Café & Bistro,-36.7240257,174.6994018,"We are located inside of Albany Tennis Park 321 Oteha Valley Road, Albany, Auckland","cafe,restaurant,food,point_of_interest,establishment",restaurant
ChIJT3j3mYk7DW0R4i-T6ByP5F0,The Albany,-36.722192,174.6920267,"276 Dairy Flat Highway, Albany, Auckland","restaurant,park,bar,food,point_of_interest,establishment",restaurant
ChIJK_Iz35Q7DW0RohJCaYX27Zs,Mama Loco,-36.7278892,174.7093373,"219 Don McKinnon Drive, Albany, Auckland","bar,restaurant,food,point_of_interest,establishment",restaurant
ChIJAYbmVow7DW0R2_jg51WhGSc,Domino's Pizza Albany (NZ),-36.72586469999999,174.6971692,"Shop C, Albany, Auckland","meal_delivery,meal_takeaway,restaurant,food,point_of_interest,establishment",restaurant
ChIJB9PTsqo7bW0RPw5pjdpAOmo,Thai Rain Forest Restaurant,-36.7252204,174.6950458,"4/231 Dairy Flat Highway, Albany, Auckland","restaurant,food,point_of_interest,establishment",restaurant
ChIJK_Iz35Q7DW0R2bt_KPQpMVU,Shamiana Indian Cuisine,-36.72818540000001,174.7088959,"219 Don McKinnon Drive, Albany, Auckland","restaurant,food,point_of_interest,establishment",restaurant
ChIJK_Iz35Q7DW0RxwLVENmlrN4,Katsubi Albany,-36.7284083,174.7086971,"219 Don McKinnon Drive, Albany, Auckland","restaurant,food,point_of_interest,establishment",restaurant
ChIJK_Iz35Q7DW0RFtpT-p4ooCw,McDonald's Albany Foodcourt,-36.7281533,174.7079464,"219 Don McKinnon Drive, Albany, Auckland","restaurant,food,point_of_interest,establishment",restaurant
ChIJZQmdWOo7DW0RZ9zMOro1yGA,Subway,-36.73153349999999,174.7092348,"15 Mercari Way, Albany, Auckland","restaurant,food,point_of_interest,establishment",restaurant
ChIJm5_2aaw7DW0RQLRshVjt8yo,Max Kitchen Taiwanese Cuisine,-36.7244873,174.6961086,"12 Oteha Valley Road Extension, Albany, Auckland","restaurant,food,point_of_interest,establishment",restaurant
ChIJ-yK0iYs7DW0RLSxtGKdrcSE,DishCo,-36.7249406,174.6950855,"5/233 Sh 17, Albany, Auckland","meal_takeaway,restaurant,food,point_of_interest,establishment",restaurant
ChIJ193BPqA-DW0R20NEpjc4yFY,Aruns Indian Restaurant And Takeaways,-36.72533519999999,174.6955005,"227 Old Albany Village, Albany, Auckland","restaurant,food,point_of_interest,establishment",restaurant
ChIJvfM5myk7DW0ReJxUtQT7uDA,Juicy Grill Kebab and Burger,-36.72534349999999,174.6954962,"1/225 Dairy Flat Highway, Albany, Auckland","restaurant,food,point_of_interest,establishment",restaurant
ChIJpbf2QuA7DW0Rn_HPokHpmas,DishCo,-36.7252693,174.6949848,"5/231 Dairy Flat Highway, Albany, Auckland","restaurant,food,point_of_interest,establishment",restaurant
ChIJzb6Webg7DW0R98NwUprL0Xo,Panda Noodle Express -North shore Branch 四川小吃北岸店,-36.7255355,174.6957625,"221 Dairy Flat Highway, Albany, Auckland","restaurant,food,point_of_interest,establishment",restaurant
ChIJG04cXYw7DW0Rol3CvWALibM,Deli,-36.725687,174.6967766,"210b Dairy Flat Highway, Albany, Auckland","restaurant,food,point_of_interest,establishment",restaurant
ChIJCR_eshs7DW0R0GQrzCe69KY,Take A Bao,-36.7257488,174.6982454,"5/287 Oteha Valley Road, Albany, Auckland","restaurant,food,point_of_interest,establishment",restaurant
ChIJDQ1jVgM7DW0RVz18C2V0bz4,Royal Indian Cuisine Albany,-36.7256521,174.694767,"119/229 Dairy Flat Highway, Albany, Auckland","meal_takeaway,restaurant,food,point_of_interest,establishment",restaurant
ChIJ_Rxb8J47DW0R_XgEvxHOyDk,Gao Asian Fusion,-36.72635839999999,174.697775,"4/200 Dairy Flat Highway, Albany, Auckland","restaurant,food,point_of_interest,establishment",restaurant
ChIJJRO2CUA7DW0Rsw_bbXRf0Kk,Popeyes Famous Louisiana Chicken Albany,-36.72313389999999,174.7043626,"290 Oteha Valley Road, Albany, Auckland","restaurant,food,point_of_interest,establishment",restaurant
ChIJb0rAGos7DW0RmbhI_Vmzmsc,八十一楼餐厅 81st Floor Restaurant 81楼,-36.72288890000001,174.7045495,"Unit 7/270 Oteha Valley Road, Albany, Auckland","restaurant,food,point_of_interest,establishment",restaurant
ChIJ9z1lRZE7DW0RVHoL0EVhbEM,The Flying Burrito Brothers Albany,-36.7227869,174.7047492,"270 Oteha Valley Road, Albany, Auckland","bar,restaurant,food,point_of_interest,establishment",restaurant
ChIJ679pod07DW0R90lEzLpWkLk,四月繁花,-36.72311740000001,174.704717,"9/25 Corban Avenue, Albany, Auckland","restaurant,food,point_of_interest,establishment",restaurant
ChIJTywtbAA7DW0R-QGZwDHZEbE,Go Go Gyoza口口香,-36.7231486,174.7047447,"9/25 Corban Avenue, Albany, Auckland","restaurant,food,point_of_interest,establishment",restaurant
ChIJw1LOZ5Y7DW0R4AxM1Nft1L0,凯悦融合菜 - Hyatt Fusion Albany,-36.7227699,174.7048408,"3/270 Oteha Valley Road, Albany, Auckland","restaurant,food,point_of_interest,establishment",restaurant
ChIJg3u3W5E7DW0RZwMrbk3btZI,Gastronomy,-36.7234766,174.7046808,"19/270 Oteha Valley Road, Albany, Auckland","cafe,bakery,grocery_or_supermarket,store,restaurant,food,point_of_interest,establishment",restaurant
ChIJWWru-us7DW0Rv1xHXJTKwhw,大年初一 First Day Fusion,-36.7231936,174.7047756,"4a/270 Oteha Valley Road, Albany, Auckland","restaurant,food,point_of_interest,establishment",restaurant
ChIJDzXGVfk7DW0RbjqUIkMCCis,Wan Fu Yuan Restaurant Albany 万福源北岸店,-36.7231175,174.7048427,"NZ, Corban Avenue, Albany, Auckland","restaurant,food,point_of_interest,establishment",restaurant
ChIJ9aevT5E7DW0RTiki1HNxm70,Big Pot(Previous Little Sheep),-36.7226917,174.7050482,"270 Oteha Valley Road, Albany, Auckland","restaurant,food,point_of_interest,establishment",restaurant
ChIJjdnfbWE7DW0RJaXfta4tS70,The Foundation,-36.723235,174.7050142,"270 Oteha Valley Road, Albany, Auckland","restaurant,food,point_of_interest,establishment",restaurant
ChIJHQPxEWg7DW0R4enFtpO6WCw,Sushi Lab,-36.72312559999999,174.7050419,"Oteha Valley Road, Albany, Auckland","restaurant,food,point_of_interest,establishment",restaurant
ChIJM_P7ojQ7DW0RAUOwAOmjvEc,Sum Made 心美,-36.7236401,174.7066639,"11 Davies Drive, Albany, Auckland","restaurant,food,point_of_interest,establishment",restaurant
ChIJ3eiRuvg7DW0RY3Sr9G1stsk,Koji,-36.725135,174.7070807,"3G Rose Garden Lane, Albany, Auckland","restaurant,food,point_of_interest,establishment",restaurant
ChIJkQKVuQE7DW0RBnATmaZ9EI4,Yonghe Coffee Express Albany,-36.7210852,174.710126,"3 Kaipiho Lane, Albany, Auckland","meal_takeaway,restaurant,food,point_of_interest,establishment",restaurant
ChIJRRnCW707DW0Ru6eyfr6n3NU,Daruma Sushi-Go-Round Albany,-36.7202478,174.710266,"252 Oteha Valley Road, Albany, Auckland","restaurant,food,point_of_interest,establishment",restaurant
ChIJ-9eXYYk7DW0RkBzF58-AXSw,Saigon Commune,-36.7203417,174.7105506,"252 Oteha Valley Road, Albany, Auckland","restaurant,food,point_of_interest,establishment",restaurant
ChIJfcrFHwA7DW0RBqfHHyQ76II,桂粉飘香GuiRiceNoodle,-36.7202946,174.7105784,"Unit F/252 Oteha Valley Road, Albany, Auckland","restaurant,food,point_of_interest,establishment",restaurant
ChIJQ_CzXEE6DW0Rt3EkejYHAtE,British Isles Inn,-36.72624070000001,174.748264,"577 Beach Road, Rothesay Bay, Auckland","restaurant,bar,food,point_of_interest,establishment",restaurant
ChIJiYuFjls6DW0RymhigfCKS1E,Flavours of India- Browns Bay NZ,-36.71656470000001,174.7467608,"9/25 Anzac Road, Browns Bay, Auckland","meal_takeaway,restaurant,food,point_of_interest,establishment",restaurant
ChIJTaiPwFs6DW0RwPs16nPjspk,Buon Venuti Ristorante & Pizzeria,-36.7160518,174.7457154,"16 Glen Road, Browns Bay, Auckland","restaurant,food,point_of_interest,establishment",restaurant
ChIJ81vvCVw6DW0RWfgr0zOyXLA,Premium Kebab,-36.71570449999999,174.7478851,"2A Inverness Road, Browns Bay, Auckland","restaurant,food,point_of_interest,establishment",restaurant
ChIJG4pGlV46DW0RcbgAw_aEXRE,Browns Bay Brewing Company,-36.713686,174.7487112,"111 Clyde Road, Browns Bay, Auckland","bar,restaurant,food,point_of_interest,establishment",restaurant
ChIJWblvupc7DW0RlreM_bkWmZg,Farteze Takeaways,-36.7124995,174.7228358,"52 Oteha Valley Road, Albany, Auckland","meal_takeaway,restaurant,food,point_of_interest,establishment",restaurant
ChIJjc0Swqg7DW0ReMXLMUa8O7g,Olivia's Kitchen,-36.7125394,174.7228042,"52 Oteha Valley Road, Oteha, Auckland","meal_takeaway,restaurant,food,point_of_interest,establishment",restaurant
ChIJV4Ksj6o7DW0RZ8mSkyN2Ux0,Lovers Corner,-36.7095626,174.7289056,"178 Carlisle Road, Northcross, Auckland","restaurant,food,point_of_interest,establishment",restaurant
ChIJCaVYiao7DW0Ra41Aqtbt5EU,Cuisine India Northcross,-36.7096204,174.7292749,"C/178 Carlisle Road, Northcross, Auckland","restaurant,food,point_of_interest,establishment",restaurant
ChIJNyIoYqo7DW0Ru7J8qdCv360,Subway,-36.70957569999999,174.7289108,"178 Carlisle Road, Northcross, Auckland","restaurant,food,point_of_interest,establishment",restaurant
ChIJH9LO8lk6DW0RmZrHYs5Ao6I,Thai Lemon,-36.7142173,174.7431966,"2/41 Bute Road, Browns Bay, Auckland","meal_delivery,meal_takeaway,restaurant,food,point_of_interest,establishment",restaurant
ChIJVR7-gls6DW0Rk7FxEto8wzc,Cafe Anatolia Browns Bay,-36.71717149999999,174.7466122,"4/26 Anzac Road, Browns Bay, Auckland","cafe,meal_takeaway,restaurant,food,store,point_of_interest,establishment",restaurant
ChIJ-VzVgls6DW0RpzNEbKe-r9M,St Pierres Sushi (Browns Bay),-36.717009,174.7466237,"26/28 Anzac Road, Browns Bay, Auckland","restaurant,food,point_of_interest,establishment",restaurant
ChIJC6zjjVs6DW0Rhjg8sJmRs6A,Rack N Roll Ribs,-36.7163971,174.7465404,"6/25 Anzac Road, Browns Bay, Auckland","restaurant,food,point_of_interest,establishment",restaurant
ChIJoULZREE6DW0RshbCdVQycCI,Dragon Horse Takeaways,-36.72636910000001,174.7478133,"1/579 Beach Road, Rothesay Bay, Auckland","meal_takeaway,restaurant,food,point_of_interest,establishment",restaurant
ChIJw8vY-T46DW0RxAKMMMctwx8,Bella Bambina Ristorante,-36.726407,174.7475658,"601 Beach Road, Rothesay Bay, Auckland","restaurant,food,point_of_interest,establishment",restaurant
ChIJiYuFjls6DW0Rwbp9VKbxcVc,Domino's Pizza Browns Bay,-36.71649999999999,174.7466818,"4/25 Anzac Road, Browns Bay, Auckland","meal_delivery,meal_takeaway,restaurant,food,point_of_interest,establishment",restaurant
ChIJ85R2ZsqgLwARPagqkKi2vF0,Sal's Authentic NY Pizza - Browns Bay,-36.71573089999999,174.7477281,"4A Inverness Road, Browns Bay, Auckland","restaurant,food,point_of_interest,establishment",restaurant
ChIJ5T2Xol46DW0R137W6khBDgg,Subway,-36.7142712,174.7484842,"1B/87 Clyde Road, Browns Bay, Auckland","restaurant,food,point_of_interest,establishment",restaurant
ChIJEVhiRUE6DW0Ro0TxgrTLYEw,Rothesay Bay Fresh & Takeaway,-36.7263558,174.7478862,"591 Beach Road, Rothesay Bay, Auckland","restaurant,food,point_of_interest,establishment",restaurant
ChIJQfkZvl46DW0RJZ0m_irIEJE,Pizza Hut,-36.7138339,174.7485644,"3/107 Clyde Road, Browns Bay, Auckland","restaurant,food,point_of_interest,establishment",restaurant
ChIJXRaJu146DW0R0tr7xMRm-nI,Yaruki Japanese Restaurant,-36.7139342,174.7481903,"80 Clyde Road, Browns Bay, Auckland","restaurant,food,point_of_interest,establishment",restaurant
ChIJV4Ksj6o7DW0RLm_Vh3Ew0Ws,Northcross Takeaway,-36.7096086,174.7292036,"178 Carlisle Road, Northcross, Auckland","meal_takeaway,restaurant,food,point_of_interest,establishment",restaurant
ChIJXftRTEE6DW0RFDjxCU7qNTA,Chand Indian Restaurant Rothesay Bay,-36.726336,174.74741,"603 Beach Road, Rothesay Bay, Auckland","restaurant,food,point_of_interest,establishment",restaurant
ChIJyezSQlw6DW0RQ98hRx9b4bk,Ramen Takara Browns Bay,-36.7169306,174.7486719,"4 Anzac Road, Browns Bay, Auckland","restaurant,food,point_of_interest,establishment",restaurant
ChIJoUw7uKg7DW0RMGHE6AxllhA,Sun Horse,-36.71297979999999,174.7226015,"52 Oteha Valley Road, Albany, Auckland","meal_takeaway,restaurant,food,point_of_interest,establishment",restaurant
ChIJ0e989wk7DW0RnfvTQBhLL4I,Kats Kitchen,-36.7223045,174.731495,"75 Oaktree Avenue, Browns Bay, Auckland","restaurant,food,point_of_interest,establishment",restaurant
ChIJfzQ2PlI6DW0RMimW_jvSg3Q,Sherwood Takeaways,-36.7175856,174.7356287,"85 Glencoe Road, Browns Bay, Auckland","meal_takeaway,restaurant,food,point_of_interest,establishment",restaurant
ChIJs5YZOLU7DW0Rokbm06LE4PE,pinewood dairy,-36.72878849999999,174.7308177,"656 East Coast Road, Pinehill, Auckland","meal_takeaway,restaurant,food,store,point_of_interest,establishment",restaurant
ChIJDY456ls6DW0RbWWU_0pHhXo,SongDo Restaurant 송도식당,-36.7159045,174.7463029,"7/12 Inverness Road, Browns Bay, Auckland","restaurant,food,point_of_interest,establishment",restaurant
ChIJZbB2xKU7DW0Rbess0xzg6X4,JC Roast,-36.7305746,174.7333315,"537 East Coast Road, Browns Bay, Auckland","restaurant,food,point_of_interest,establishment",restaurant
ChIJ_ddsKdA7DW0RY80Kk6CGXaA,Myung Ga Buffet 명가,-36.730655,174.7334507,"527 East Coast Road, Browns Bay, Auckland","restaurant,food,point_of_interest,establishment",restaurant
ChIJ6wYIEko7DW0RPLuTFa3_8tM,Jumbo Seafood Albany,-36.7306219,174.7247694,"Behind Gull Service Station 50 Greville Road, Pinehill, Auckland","cafe,restaurant,food,store,point_of_interest,establishment",restaurant
ChIJXbc-pGE7DW0R6FG_1UM9jBQ,CUPPA Café 24/7,-36.7129116,174.7225538,"52 Oteha Valley Road, Albany, Auckland","cafe,meal_takeaway,restaurant,food,point_of_interest,establishment",restaurant
ChIJ59bE8Qo7DW0Rrlfb2Jhvq2k,St Pierres Sushi & Bento Bowl (Oteha Valley),-36.7130266,174.7222928,"52 Oteha Valley Road, Albany, Auckland","meal_takeaway,restaurant,food,point_of_interest,establishment",restaurant
ChIJMQ_dv4M7DW0RmF9bgr_bG3o,Sapid - Authentically South Indian,-36.7127126,174.7227048,"52i Oteha Valley Road, Oteha, Auckland","meal_takeaway,restaurant,food,point_of_interest,establishment",restaurant
ChIJcX_uyZI7DW0RtnQnB04MdvI,锦州印象风味烧烤Jinzhou Impression BBQ,-36.7178045,174.7426408,"NZ, Auckland 748 Beach Road, Browns Bay, Auckland","restaurant,food,point_of_interest,establishment",restaurant
ChIJ43F1hlo6DW0RL-6fBPwFIEw,Browns Bay BBQ,-36.7176073,174.7425643,"750 Beach Road, Browns Bay, Auckland","restaurant,food,point_of_interest,establishment",restaurant
ChIJZWYhiWI7DW0RaJkRBeoMBSc,May Eatery and Bar,-36.7307908,174.7216856,"C6/65 Greville Road, Pinehill, Auckland","restaurant,food,point_of_interest,establishment",restaurant
ChIJoUw7uKg7DW0R_vDDtgGP0hY,Indian Valley Restaurant,-36.7124225,174.722922,"b/52 Oteha Valley Road, Albany, Auckland","restaurant,food,point_of_interest,establishment",restaurant
ChIJLcYtQzA7DW0R5Tc-Lukxzm4,Kebabzone Brownsbay,-36.7187463,174.7432999,"731 Beach Road, Browns Bay, Auckland","restaurant,food,point_of_interest,establishment",restaurant
ChIJHxjNHgA7DW0R8P-DjdWuu7g,Black Antler restaurant,-36.7176854,174.7429656,"Beach Road, Browns Bay, Auckland","restaurant,food,point_of_interest,establishment",restaurant
ChIJ6UxVzsM3DW0RInOcgIeYoaQ,Toni's Pizzeria,-36.7309006,174.7213621,"65 Greville Road, Pinehill, Auckland","meal_takeaway,grocery_or_supermarket,store,restaurant,food,point_of_interest,establishment",restaurant
ChIJt_aNOy47DW0RdllKkhkyQcw,Sue’s Dim Sum,-36.7310723,174.721131,"Shop B1/65 Greville Road, Pinehill, Auckland","restaurant,food,point_of_interest,establishment",restaurant
ChIJG7pe2BU7DW0RZ6I7yGwpJxM,The Coffee Club Pinehill Central,-36.7310875,174.7211142,"A3/65 Greville Road, Pinehill, Auckland","cafe,bar,store,restaurant,food,point_of_interest,establishment",restaurant
ChIJL1qoevc7DW0RCjVVKRku4W0,U Sushi | Greville Road,-36.73108919999999,174.7211142,"65 Greville Road, Pinehill, Auckland","meal_takeaway,restaurant,food,point_of_interest,establishment",restaurant
ChIJV4Ksj6o7DW0RfNDRkdrU_Ok,Hell Pizza Northcross,-36.7096187,174.7290499,"178 Carlisle Road, Northcross, Auckland","meal_delivery,meal_takeaway,restaurant,food,point_of_interest,establishment",restaurant
ChIJrX-VSkE6DW0RchPv3bBDIeg,Eatery at Rothesay Bay,-36.7268224,174.7473814,"2 Knights Road, Rothesay Bay, Auckland","restaurant,food,point_of_interest,establishment",restaurant
ChIJo_PnOLk7DW0Rn0G85wlhQfM,Hridhya Ventures Ltd,-36.7095626,174.7289056,"178 Carlisle Road, Northcross, Auckland","restaurant,food,point_of_interest,establishment",restaurant
ChIJ6_bDw5o7DW0R-F2ODV1JZs8,Evan’s Kebab Northcross,-36.7095771,174.7283913,"178 Carlisle Road, Northcross, Auckland","restaurant,food,point_of_interest,establishment",restaurant
ChIJjXFJ1Ds7DW0RQQ94jQ-3ptQ,Oyabun,-36.73444360000001,174.7335671,"6d Rosedale Road, Windsor Park, Auckland","restaurant,food,point_of_interest,establishment",restaurant
ChIJiZOKT847DW0RbflGagV1Vos,Handi Indian Cuisine,-36.7142262,174.7433377,"1/41 Bute Road, Browns Bay, Auckland","meal_takeaway,restaurant,food,point_of_interest,establishment",restaurant
ChIJH9LO8lk6DW0RUF7Wp4uFIyU,The Carvery Roast Meals,-36.7140482,174.7432806,"41 Bute Road, Browns Bay, Auckland","meal_takeaway,restaurant,food,point_of_interest,establishment",restaurant
ChIJITm-C8w7DW0Rh4Qsih0JCEI,21 Grams Cafe & Patisserie,-36.735492,174.7276615,"119 Apollo Drive, Rosedale, Auckland","cafe,bakery,store,restaurant,food,point_of_interest,establishment",restaurant
ChIJRTehN607DW0RFZPGZwPzMIo,老广味美食,-36.7356995,174.7292372,"Unit 13/40 Rosedale Road, Rosedale, Auckland","restaurant,food,point_of_interest,establishment",restaurant
ChIJ3_vhPhA7DW0RWUrEn7VmVGI,Aunty Su’s Food,-36.7357339,174.7289196,"Unit 14/40 Rosedale Road, Rosedale, Auckland","restaurant,food,point_of_interest,establishment",restaurant
ChIJE6LxQlw6DW0RTU3_cdpkxmI,Speakers Corner Ale House,-36.716671,174.7488403,"7 Anzac Road, Browns Bay, Auckland","bar,restaurant,food,point_of_interest,establishment",restaurant
ChIJZ35brF46DW0RMyvR9TzymCI,Asian Wok,-36.714142,174.7476728,"3 Bute Road, Browns Bay, Auckland","restaurant,food,point_of_interest,establishment",restaurant
ChIJE8w0Onk7DW0RdR1t517X5-g,Ichigo Ichie Gyukatsu,-36.72629120000001,174.7486504,"2-8 Montgomery Avenue, Rothesay Bay, Auckland","restaurant,food,point_of_interest,establishment",restaurant
ChIJwUg_XVw6DW0RoM_o8gmDfzY,Monsoon Indian Cuisine,-36.7169269,174.7485796,"8 Anzac Road, Browns Bay, Auckland","meal_takeaway,restaurant,food,point_of_interest,establishment",restaurant
ChIJF_bqpAQ7DW0RqdeTrIB2vto,So Good Thai Browns Bay,-36.71607880000001,174.7488129,"32 Beach Front Lane, Browns Bay, Auckland","restaurant,food,point_of_interest,establishment",restaurant
ChIJGzryoPwjDW0Rwdqdocg89nw,Osha Thai,-36.7263991,174.7479561,"2/579 Beach Road, Rothesay Bay, Auckland","restaurant,food,point_of_interest,establishment",restaurant
ChIJRxMeSBo7DW0RX8uiIoDdzHg,Katsubi Browns Bay,-36.7166395,174.7483721,"11-19 Clyde Road, Browns Bay, Auckland","restaurant,food,point_of_interest,establishment",restaurant
ChIJyRrgbfo7DW0RoqpGYUTL-Dw,sun asian eatery.食里小馆,-36.7164736,174.7484109,"NZ/27 Clyde Road, Browns Bay, Auckland","restaurant,food,point_of_interest,establishment",restaurant
ChIJEdqN_sk7DW0Rt81IwBVMZqI,funnest,-36.71647040000001,174.7484106,"27 Clyde Road, Browns Bay, Auckland","restaurant,food,point_of_interest,establishment",restaurant
ChIJBRAIrek7DW0R7xc4wfMFZtk,MadamYen,-36.7163203,174.7484182,"31 Clyde Road, Browns Bay, Auckland","restaurant,food,point_of_interest,establishment",restaurant
ChIJbbi8alw6DW0RRLHYbQ-txWU,Siam Thai Restaurant,-36.7163117,174.7484038,"33 Clyde Road, Browns Bay, Auckland","restaurant,food,point_of_interest,establishment",restaurant
ChIJBx8-FVw6DW0RE4Kl2dv0_U0,21 Days Bar & Brasserie,-36.7160842,174.7483822,"37 Clyde Road, Browns Bay, Auckland","restaurant,food,point_of_interest,establishment",restaurant
ChIJ0S8aqUI7DW0R59C1BlPNmzo,煎饼季 Crepe Time,-36.71575799999999,174.7485291,"Retail 4/47 Clyde Road, Browns Bay, Auckland","restaurant,food,point_of_interest,establishment",restaurant
ChIJSQankmQ7DW0RqFcJf7siIbs,Bayside Indian Restaurant,-36.7263546,174.747419,"603 Beach Road, Rothesay Bay, Auckland","restaurant,food,point_of_interest,establishment",restaurant
ChIJ5xcUEAA7DW0RZ-V6ghpU3i4,Crunchy Crunch Fast Food Browns Bay,-36.715784,174.7484273,"47 Clyde Road, Browns Bay, Auckland","restaurant,food,point_of_interest,establishment",restaurant
ChIJzf-qzRE7DW0RYl4v4Cf0lAA,Cecile’s Cafe,-36.7163244,174.7480733,"18 Clyde Road, Browns Bay, Auckland","cafe,store,restaurant,food,point_of_interest,establishment",restaurant
ChIJoSGjl8U7DW0RlOkExniHwMk,Mei’s Fried Chicken,-36.7163028,174.7480132,"16-22 Clyde Road, Browns Bay, Auckland","restaurant,meal_takeaway,food,point_of_interest,establishment",restaurant
ChIJv1jz4gM7DW0RHozZw2DzreM,满金香 Sri Mahkota Browns Bay,-36.71545299999999,174.7485489,"1/55 Clyde Road, Browns Bay, Auckland","restaurant,food,point_of_interest,establishment",restaurant
ChIJb1sYbVw6DW0RNSgija-lsSU,Bay Sushi,-36.7162571,174.7480092,"22 Clyde Road, Browns Bay, Auckland","restaurant,food,point_of_interest,establishment",restaurant
ChIJdQRpElw6DW0Reve1UFI8qPY,川北小馆 CHUAN BEI RESTAURANT,-36.7160073,174.7480685,"30/32 Clyde Road, Browns Bay, Auckland","restaurant,food,point_of_interest,establishment",restaurant
ChIJ9xOHGFw6DW0Rzpyskgy8w-0,Neco Sushi,-36.7153418,174.7485047,"57 Clyde Road, Browns Bay, Auckland","meal_takeaway,restaurant,food,point_of_interest,establishment",restaurant
ChIJu20IGVw6DW0RGoXZ0-g9XGA,Treats 'N Eats,-36.7153274,174.7485111,"Browns Bay, Auckland","restaurant,food,point_of_interest,establishment",restaurant
ChIJ456park7DW0R9TdsfJNj8ck,Lima's Kitchen,-36.7157074,174.7480468,"2/36 Clyde Road, Entry from Inverness Road, Browns Bay, Auckland","restaurant,food,point_of_interest,establishment",restaurant
ChIJb6_JnV46DW0Riawaqoew37I,Java Jungle Cafe,-36.71456939999999,174.7488573,"77 Beach Front Lane, Browns Bay, North Shore","cafe,restaurant,food,point_of_interest,establishment",restaurant
ChIJH5GnAY07DW0RReYxR_ih7tY,WashoCook New Zealand,-36.715143,174.7483281,"3/63 Clyde Road, Browns Bay, Auckland","meal_takeaway,restaurant,food,point_of_interest,establishment",restaurant
ChIJj5NqeAA7DW0Rk-PSgNa5m7Q,Bay Eats Takeaway,-36.7145731,174.7487667,"77 Beach Front Lane, Browns Bay, Auckland","meal_takeaway,restaurant,food,point_of_interest,establishment",restaurant
ChIJzZj6XVw6DW0RmpbdgH1AD1U,Common Ground Eatery,-36.7150192,174.7484028,"1/63 Clyde Road, Browns Bay, Auckland","cafe,restaurant,food,point_of_interest,establishment",restaurant
ChIJC-N-aBU6DW0RK7R3HiHW63w,Cafe BayBay,-36.732674,174.7523646,"1/470 Beach Road, Murrays Bay, Auckland","restaurant,food,point_of_interest,establishment",restaurant
ChIJz_X3TEY7DW0Rc-yEy9MZF1c,The Cinnamon Club Indian Fusion Cuisine,-36.7327458,174.752343,"470 Beach Road, Murrays Bay, Auckland","restaurant,food,point_of_interest,establishment",restaurant
ChIJpbTdy9w7DW0RYVIOcsBvl_E,Sushi Lab,-36.715334,174.7480094,"38 Clyde Road, Browns Bay, Auckland","restaurant,food,point_of_interest,establishment",restaurant
ChIJU4Q0ejU7DW0Rv9DxvHWW3fc,La Spiaggia,-36.73275900000001,174.7522701,"1/470 Beach Road, Murrays Bay, Auckland","restaurant,food,point_of_interest,establishment",restaurant
ChIJAxNwD1w6DW0Rcp2wjYySuJM,Galak Chinese Restaurant,-36.71554649999999,174.7477314,"1/38 Clyde Road, Browns Bay, Auckland","restaurant,food,point_of_interest,establishment",restaurant
ChIJZbNmSTk7DW0Rx5L8VSrcm2g,Atas Kitchen local Caffee &Malaysian Vietnamese,-36.7145534,174.7484408,"77 Clyde Road, Browns Bay, Auckland","restaurant,food,point_of_interest,establishment",restaurant
ChIJCbpbs2Y7DW0Ry7REVugZtz0,Lily’s Asian Fusion North Shore 百合花园餐厅,-36.7145674,174.7484258,"77 Clyde Road, Browns Bay, Auckland","restaurant,food,point_of_interest,establishment",restaurant
ChIJh3Vd3XY7DW0RyRRE6k7rPzQ,Brother's Bar & Eatery Multi Cuisine,-36.7144787,174.7484222,"77 Clyde Road, Browns Bay, Auckland","restaurant,food,point_of_interest,establishment",restaurant
ChIJ74HZ3NM7DW0R5nqphZUU9is,ZERO JAPANESE RAMEN SAKE BAR,-36.7149481,174.7480029,"56 Clyde Road, Browns Bay, Auckland","restaurant,food,point_of_interest,establishment",restaurant
ChIJG-nnj7s7DW0RpMUVU_rix-w,DAKOGI Korean Fried Chicken,-36.7142506,174.7484899,"87 Clyde Road, Browns Bay, Auckland","restaurant,food,point_of_interest,establishment",restaurant
ChIJewmR6-w6DW0ReldnzqLWLOY,Chand Indian Restaurant Torbay,-36.69598939999999,174.7519127,"1028 Beach Road, Torbay, Auckland","restaurant,food,point_of_interest,establishment",restaurant
ChIJ91o7Mv06DW0R5pBZLNpH7p0,Mr One,-36.69820929999999,174.7333871,"61 Stredwick Drive, Torbay, Auckland","restaurant,food,point_of_interest,establishment",restaurant
ChIJ92kNA0Y7DW0R9WbSHDegdpM,Penglai Takeaway,-36.6956193,174.7458989,"2/44 County Road, Torbay, Auckland","meal_takeaway,restaurant,food,point_of_interest,establishment",restaurant
ChIJiRYkMkc7DW0Ri1kzpz1gwGE,Domino's Pizza Long Bay,-36.6848956,174.7400841,"167 Glenvar Ridge Road, Long Bay, Auckland","restaurant,food,point_of_interest,establishment",restaurant
ChIJl-cz1uY7DW0RR0gnrOEFOlA,Bukhara Indian eatery and bar,-36.6852136,174.740575,"R4 /B3, 88 Te Oneroa Way, Torbay, Auckland","restaurant,food,point_of_interest,establishment",restaurant
ChIJv_P2Ev07DW0RozwRUVa1LkY,Long Bay Fisheries,-36.6851504,174.7406533,"88 Te Oneroa Way, Long Bay, Auckland","meal_takeaway,restaurant,food,point_of_interest,establishment",restaurant
ChIJT7tqVdY7DW0RjQToVmtDKK0,Long Bay Village,-36.68490639999999,174.7404148,"57 Glenvar Ridge Road, Long Bay, Auckland","shopping_mall,cafe,restaurant,food,point_of_interest,establishment",restaurant
ChIJ4wuS_EM7DW0R4fxgw3HQlXg,Maru Sushi & Don Long Bay,-36.6850605,174.740649,"88 Te Oneroa Way, Long Bay, Auckland","meal_takeaway,restaurant,food,point_of_interest,establishment",restaurant
ChIJPyaDbwA7DW0RryevNM28vyA,November Eatery Long Bay,-36.6848139,174.7406019,"88 Te Oneroa Way, Torbay, Auckland","restaurant,food,point_of_interest,establishment",restaurant
ChIJpe5Llco7DW0Rp8nKMsMbxZA,Birds of a Feather 鹊羽,-36.6847188,174.7408927,"1/56 Bounty Road, Long Bay, Auckland","restaurant,food,point_of_interest,establishment",restaurant
ChIJMaPKY847DW0RdzLTYxsMWAI,Long Bay Surf Club,-36.68468589999999,174.741369,"4/56 Bounty Road, Long Bay, Auckland","bar,restaurant,food,point_of_interest,establishment",restaurant
ChIJpfUz6Ds7DW0R-ToFQr13niU,TROY,-36.6950803,174.7507413,"4/1056 Beach Road, Torbay, Auckland","restaurant,food,point_of_interest,establishment",restaurant
ChIJ1ybE7uw6DW0RQshHO3Y5rcI,Traditional Roast,-36.6951528,174.7507885,"1056 Beach Road, Torbay, Auckland","restaurant,food,point_of_interest,establishment",restaurant
ChIJJYKU7uw6DW0RSlKojQUfEgk,Sushi Torbay,-36.6951757,174.7508311,"1056 Beach Road, Torbay, Auckland","restaurant,food,point_of_interest,establishment",restaurant
ChIJJcpKUAA7DW0Ria-kE9Gx2DQ,The Taj & Tonic ( Indian kitchen and Bar ),-36.6951983,174.7508633,"1054 Beach Road, Torbay, Auckland","restaurant,food,point_of_interest,establishment",restaurant
ChIJkVyrIAA7DW0R274OAkUB9JM,Napoli Central,-36.695864,174.7520165,"1028 Beach Road, Torbay, Auckland","meal_takeaway,restaurant,food,point_of_interest,establishment",restaurant
ChIJbaRk0ew6DW0R7RHME_urvio,Scout Cafe,-36.6956209,174.7521928,"967 Beach Road, Torbay, Auckland","cafe,restaurant,food,point_of_interest,establishment",restaurant
ChIJAe3d0-w6DW0Rg1BSlNdvTt8,Torbay Takeaways,-36.695716,174.7522802,"971 Beach Road, Torbay, Auckland","meal_takeaway,restaurant,food,point_of_interest,establishment",restaurant
ChIJP9pMWz87DW0RpSSoafD0GBo,Burger Burger Torbay,-36.7036564,174.7510181,"934 Beach Road, Waiake, Auckland","restaurant,food,point_of_interest,establishment",restaurant
ChIJPVpSJKM7DW0RkbXCRhHs71g,K-Food Jo,-36.706174,174.751144,"7A Sharon Road, Waiake, Auckland","grocery_or_supermarket,store,restaurant,food,point_of_interest,establishment",restaurant
ChIJ-WkkyCMQDW0RM65ZPqS6UVo,Mr Pizza,-36.6774472,174.4448078,"68 Mill Road, Helensville","restaurant,food,point_of_interest,establishment",restaurant
ChIJm3AKGj0QDW0Ra-_rVBpVWvo,WOW Sushi,-36.67645,174.4505349,"62 Commercial Road, Helensville","meal_takeaway,restaurant,food,point_of_interest,establishment",restaurant
ChIJoVL-1aYRDW0R2QAUHqqa7P0,JT'S Takeaways,-36.673114,174.452173,"6 Garfield Road, Helensville","meal_takeaway,restaurant,food,point_of_interest,establishment",restaurant
ChIJhwahhTkPDW0RNefYzpxFiXg,PARAKAI EATERY,-36.6617998,174.4340099,"133E Parkhurst Road, Parakai","meal_takeaway,restaurant,food,point_of_interest,establishment",restaurant
ChIJSejdl_wPDW0RjVbLjZlT_Ro,Four Square Cafe & Takeaway,-36.6614828,174.4335104,"137 Parkhurst Road, Parakai","restaurant,food,point_of_interest,establishment",restaurant
ChIJvT8_vlAPDW0RDqs_9pIvSqE,BlackPete's Bar and Grill,-36.6593937,174.4312607,"167 Parkhurst Road, Parakai","restaurant,food,point_of_interest,establishment",restaurant
ChIJR4F2P-QRDW0RO1-ibpGRkC0,curry station opening soon,-36.6721058,174.4508841,"4/16 Railway Street, auckland, Helensville","meal_takeaway,restaurant,food,point_of_interest,establishment",restaurant
ChIJ_0F0lm8RDW0RLp-Xi8Ry5BI,Fire n slice Helensville,-36.6721058,174.4508841,"4/16 Railway Street, Helensville","restaurant,food,point_of_interest,establishment",restaurant
ChIJx8Rhb9MRDW0RAEW_d4ZXNeY,New Euro Roast and Chinese Takeaway,-36.6760914,174.4504879,"82 Commercial Road, Auckland","meal_takeaway,restaurant,food,point_of_interest,establishment",restaurant
ChIJO4Ey2pMRDW0RQQWn3BEfeTk,Garfield Takeaway,-36.673114,174.452173,"6 Garfield Road, Helensville","meal_takeaway,store,restaurant,food,point_of_interest,establishment",restaurant
ChIJhby0AWQRDW0Rk_6LpII3Iug,Khao​Kang​ Thai​ Restaurant​ Helensville,-36.67610299999999,174.4504979,"78 Commercial Road, Helensville","restaurant,food,point_of_interest,establishment",restaurant
ChIJ2ajKNxgRDW0R5eZB9xWPj6k,Domino's Pizza Helensville,-36.6767341,174.4504345,"52A Commercial Road, Helensville","restaurant,food,point_of_interest,establishment",restaurant
ChIJn2eaBT0QDW0RVwIITylfn20,KAIPARA Memorial RSA,-36.6765532,174.4509408,"49 Commercial Road, Helensville","restaurant,food,point_of_interest,establishment",restaurant
ChIJKy5kk_8RDW0R28SU6WyMac4,Helensville Fishery,-36.6777242,174.4505088,"31 Commercial Road, Helensville","meal_takeaway,restaurant,food,point_of_interest,establishment",restaurant
ChIJ1YEoTwIRDW0RNqb2--m3n6w,The Ville Turkish Cafe,-36.67788939999999,174.45047,"25 Commercial Road, Helensville","cafe,store,restaurant,food,point_of_interest,establishment",restaurant
ChIJDUU-INYRDW0RkDIhk5C2Fr4,iMAXX Indian Restaurant & BAR,-36.67943200000001,174.4494021,"12 Commercial Road, Helensville","restaurant,food,point_of_interest,establishment",restaurant
ChIJGVG3fq4RDW0RnGXTRiBtUdQ,The Butcher Baker,-36.6797743,174.4497404,"5 Commercial Road, Helensville","restaurant,food,point_of_interest,establishment",restaurant
ChIJ0bbMNTI9DW0RMjGIILPGXgU,Dairy Flat Country Club,-36.66460920000001,174.6362519,"36 Landfill Access Road, Dairy Flat","bar,restaurant,food,point_of_interest,establishment",restaurant
ChIJgZR43i09DW0RIu9buFOU5Lw,De Hot Bar & Grill,-36.6644525,174.6361879,"36 Landfill Access Road, Dairy Flat","bar,restaurant,food,point_of_interest,establishment",restaurant
ChIJfxg2HK88DW0R7FyTu9Cz3XY,Burger King Dairy Flat,-36.65981389999999,174.6663861,"State Highway 1, Dairy Flat","restaurant,food,point_of_interest,establishment",restaurant
ChIJv0s7hHAjDW0RsuDQROYap08,wildbean cafe,-36.6601356,174.6676834,"State Highway 1, Dairy Flat","cafe,bakery,restaurant,food,store,point_of_interest,establishment",restaurant
ChIJhSOQ2RMjDW0R2pwvh6ENVs8,7 Summits Restaurant & Bar,-36.63548369999999,174.6653521,"91 Small Road, Silverdale","restaurant,food,point_of_interest,establishment",restaurant
ChIJy4VUQU0jDW0R-uHxWlG-mEM,"Area 51 - Cafe, Restaurant",-36.6309647,174.6665702,Stillwater,"restaurant,food,point_of_interest,establishment",restaurant
ChIJTTfXIAAjDW0R92zL8S6yTFE,The Clubhouse Café,-36.6266731,174.6663423,"3 Evergreen Drive, Silverdale","cafe,restaurant,food,point_of_interest,establishment",restaurant
ChIJFULLFP4jDW0RJ4bQiAaZiDk,McDonald's Silverdale,-36.6253444,174.6686981,"65 Goldwater Drive, Silverdale","restaurant,food,point_of_interest,establishment",restaurant
ChIJ7XGxqBMlDW0RqN3jKYf7e_Y,Thai Windows Restaurant and Takeaways,-36.63751109999999,174.7495347,"747 Whangaparaoa Road, Arkles Bay, Whangaparāoa","restaurant,food,point_of_interest,establishment",restaurant
ChIJAW7zNxAlDW0RhwOMlj95skY,Pizza Hut,-36.6352793,174.7441817,"689 Whangaparaoa Road, Stanmore Bay, Whangaparāoa","meal_takeaway,meal_delivery,restaurant,food,point_of_interest,establishment",restaurant
ChIJMQn9MhslDW0REF24SngAdtc,Subway,-36.6340344,174.7386935,"637 Whangaparaoa Road, Stanmore Bay, Whangaparāoa","restaurant,food,point_of_interest,establishment",restaurant
ChIJC12E3holDW0ROra3hBPm08E,St Pierres Sushi & Bento Bowl (Whangaparaoa),-36.634837,174.739735,"Unit 4/651 Whangaparaoa Road, Stanmore Bay, Whangaparāoa","restaurant,food,point_of_interest,establishment",restaurant
ChIJzVoB6holDW0REjNf8FPOYwk,Wendy's Hamburgers,-36.63524,174.7407756,"653 Whangaparaoa Road, Stanmore Bay, Whangaparāoa","restaurant,food,point_of_interest,establishment",restaurant
ChIJn14D6xElDW0RHOq65QJ3fOc,The Stables,-36.6356405,174.745927,"5/707 Whangaparaoa Road, Arkles Bay, Whangaparāoa","bar,restaurant,food,point_of_interest,establishment",restaurant
ChIJQz20AQIlDW0R3eWM-ZG1EUU,Taj India - Whangaparaoa,-36.62831609999999,174.7314728,"570 Whangaparaoa Road, Stanmore Bay, Whangaparāoa","restaurant,food,point_of_interest,establishment",restaurant
ChIJdbqBrQ0vDW0Rs2gFJyYjX5E,PICADOR STEAK & CHARCOAL,-36.62818579999999,174.7318907,"a3/570 Whangaparaoa Road, Stanmore Bay, Whangaparāoa","bar,restaurant,food,point_of_interest,establishment",restaurant
ChIJZeV8iQElDW0RKAn0fmnCh8M,Domino's Pizza Whangaparaoa,-36.62784799999999,174.7330975,"Shop B9/570-588 Whangaparaoa Road, Stanmore Bay, Whangaparāoa","meal_takeaway,meal_delivery,restaurant,food,point_of_interest,establishment",restaurant
ChIJ1RfEQwYlDW0Rtf_4HzSBCLM,Brightside Takeaways,-36.62704299999999,174.7402933,"3/151 Brightside Road, Stanmore Bay, Rodney","meal_takeaway,restaurant,food,point_of_interest,establishment",restaurant
ChIJz1gIrxMlDW0R4F65I4ecXNw,Kebab Kingdom,-36.6373739,174.74944,"741 Whangaparaoa road manly Auckland 0932, 741 Whangaparaoa Road, Manly, Auckland","restaurant,food,point_of_interest,establishment",restaurant
ChIJzVoB6holDW0RuI9s5bvlZr8,HELL Pizza Whangaparaoa,-36.6342396,174.7387828,"6/637 Whangaparaoa Road, Stanmore Bay, Whangaparāoa","meal_takeaway,meal_delivery,restaurant,food,point_of_interest,establishment",restaurant
ChIJUw9X7xolDW0RhscEbZvv6yg,Spice & Soda Indian Restaurant,-36.63552639999999,174.7400422,"11/15 Karepiro Drive, Stanmore Bay, Whangaparāoa","restaurant,food,point_of_interest,establishment",restaurant
ChIJD5W1iYAlDW0RtuAUFsnwdWc,Cafe Hibiscus,-36.6341759,174.7387172,"639 Whangaparaoa Road, Stanmore Bay, Whangaparāoa","cafe,restaurant,food,point_of_interest,establishment",restaurant
ChIJp7uKgKUlDW0RTUTVQjz7DtE,TACOBEBE,-36.6357272,174.7403067,"6/15 Karepiro Drive, Stanmore Bay, Auckland","restaurant,food,point_of_interest,establishment",restaurant
ChIJG_mcUMYlDW0RqZv5nECIAwc,Sunny Roast,-36.63544609999999,174.7401092,"15 Karepiro Drive, Stanmore Bay, Whangaparāoa","restaurant,food,point_of_interest,establishment",restaurant
ChIJm_vmIgclDW0RThbSa1nx72k,Fish Bar,-36.63589289999999,174.740514,"15 Karepiro Drive, Stanmore Bay, Auckland","restaurant,food,point_of_interest,establishment",restaurant
ChIJBbhZUbUlDW0RCmvCDPxPK6c,Sushi Gallery Whangaparaoa,-36.6354776,174.7402135,"10/15 Karepiro Drive, Stanmore Bay, Whangaparāoa","meal_takeaway,restaurant,food,point_of_interest,establishment",restaurant
ChIJC12E3holDW0RT3ZnC0ckWLs,BurgerFuel Whangaparaoa,-36.6347272,174.7395315,"651 Whangaparaoa Road, Stanmore Bay, Auckland","restaurant,food,point_of_interest,establishment",restaurant
ChIJv_t4eDUlDW0R8N5f8_rkBjU,Star Kitchen,-36.6355165,174.7403046,"15 Karepiro Drive, Stanmore Bay, Whangaparāoa","restaurant,food,point_of_interest,establishment",restaurant
ChIJ65XrNwAlDW0RU-W2x100Wcw,Dakogi Korean Fried Chicken,-36.6351799,174.7413163,"5C/667 Whangaparaoa Road, Stanmore Bay, Auckland","restaurant,food,point_of_interest,establishment",restaurant
ChIJj699pmgvDW0Rft4SsxDL930,The Crows Nest Sports Bar,-36.6351579,174.7414996,"665 Whangaparaoa Road, Stanmore Bay, Whangaparāoa","restaurant,night_club,bar,food,point_of_interest,establishment",restaurant
ChIJEQ1H6xElDW0R5p1R8KXqbd0,687 Takeaways,-36.6352509,174.7437729,"687 Whangaparaoa Road, Stanmore Bay, Auckland","restaurant,food,point_of_interest,establishment",restaurant
ChIJn7tOQBIlDW0R5s7DtaZgHvA,The Archer,-36.62831609999999,174.7314728,"Shop 1/570 Whangaparaoa Road, Stanmore Bay, Whangaparāoa","bar,restaurant,food,point_of_interest,establishment",restaurant
ChIJpX29XL0lDW0R1dSSiuZNyh8,Shore Special Kebab & Grill,-36.62831609999999,174.7314728,"570 Whangaparaoa Road, Stanmore Bay, Whangaparāoa","restaurant,food,point_of_interest,establishment",restaurant
ChIJaercHwIlDW0R3U2Bu7vTp7o,Sushi Kitchen,-36.6281175,174.7327661,"3/9 Beverley Road, Stanmore Bay, Whangaparāoa","restaurant,food,point_of_interest,establishment",restaurant
ChIJK2gZthElDW0RkJEpq1bomAk,McDonald's Whangaparaoa,-36.63538789999999,174.7448115,"695/699 Whangaparaoa Road, Stanmore Bay, Whangaparāoa","restaurant,food,point_of_interest,establishment",restaurant
ChIJNUBaOwslDW0RKVWMHeJBuOM,wildbean cafe,-36.63556459999999,174.7456945,"701 Whangaparaoa Road, Stanmore Bay, Auckland","cafe,bakery,restaurant,food,store,point_of_interest,establishment",restaurant
ChIJQTBqX-EjDW0RXIz_RKaYkwM,88 Chinese Takeaways,-36.6354475,174.7459016,"707 Whangaparaoa Road, Stanmore Bay, Whangaparāoa","meal_takeaway,restaurant,food,point_of_interest,establishment",restaurant
ChIJKxUxZ9wlDW0RQWmXZ8pC1Ao,The Beer Spot,-36.63613509999999,174.746643,"Coast Plaza 719 Whangaparaoa Road, Stanmore Bay, Auckland","bar,restaurant,food,point_of_interest,establishment",restaurant
ChIJUzmSU-wlDW0RpCVw0wmRPH4,Better Burger Whangaparaoa,-36.63609359999999,174.7467355,"6 Main Street, Stanmore Bay, Whangaparāoa","restaurant,food,point_of_interest,establishment",restaurant
ChIJB7UnvXclDW0RM9j2bntA5Jw,Umi Japanese Restaurant,-36.63622489999999,174.7467971,"The Coast 719 Whangaparaoa Road, Stanmore Bay, Whangaparāoa","restaurant,food,point_of_interest,establishment",restaurant
ChIJvyCty7UlDW0Rae2wdZjMPW4,Sir Ji’s Whangaparaoa,-36.6363609,174.7468821,"6 Main Street, Coast Plaza The Cove, Stanmore Bay, Whangaparāoa","restaurant,food,point_of_interest,establishment",restaurant
ChIJAc7DTABNDW0RN5H3WS2HHPM,AmoreMio Pizza,-36.63612339999999,174.7468573,"Coast Plaza 719 Whangaparaoa Road, Stanmore Bay, Whangaparāoa","meal_takeaway,restaurant,food,point_of_interest,establishment",restaurant
ChIJzekozgIlDW0R0NRsCz6xbts,PizzaDon WHANGAPARAOA,-36.6365089,174.747974,"719A Whangaparaoa Road, Stanmore Bay, Whangaparāoa","meal_takeaway,restaurant,food,point_of_interest,establishment",restaurant
ChIJdXmpAhElDW0RrlYvZloIE7A,Paraoa Brewing CO - Gastropub and Events.,-36.6365089,174.747974,"719A Whangaparaoa Road, Stanmore Bay, Whangaparāoa","bar,restaurant,food,point_of_interest,establishment",restaurant
ChIJ7XGxqBMlDW0R3KXtJIptEEM,Classic Thai Cuisine,-36.63751109999999,174.7495347,"747 Whangaparaoa Road, Stanmore Bay, Whangaparāoa","restaurant,food,point_of_interest,establishment",restaurant
ChIJF33KgXAlDW0R5aV150pQYSA,Local Café,-36.6317312,174.7630763,"49 Rawhiti Road, Manly, Auckland","cafe,restaurant,food,point_of_interest,establishment",restaurant
ChIJF33KgXAlDW0R4LJf5TVigNQ,Manly Bar & Grill,-36.6316463,174.7631736,"3/49 Rawhiti Road, Manly, Whangaparāoa","bar,restaurant,food,point_of_interest,establishment",restaurant
ChIJF33KgXAlDW0RAPDhE-slaYQ,India Village Restaurant - Manly,-36.6318588,174.7629015,"7/49 Rawhiti Road, Manly, Whangaparāoa","meal_takeaway,bar,restaurant,food,point_of_interest,establishment",restaurant
ChIJ07CbYAQlDW0RBoTHYbjLDRE,Elo's Cakes NZ- Inclusive Bakery in Auckland,-36.637792,174.7548463,"23 A Ladies Mile, Manly, Whangaparāoa","bakery,restaurant,food,store,point_of_interest,establishment",restaurant
ChIJVS9KZiIlDW0Rbk54hnt4SPw,Maison Thai Restaurant,-36.6315402,174.7626878,"54 Rawhiti Road, Manly, Whangaparāoa","restaurant,food,point_of_interest,establishment",restaurant
ChIJW3eCGjYlDW0RMMOfDrjXVDU,Due Amici Manly,-36.6318859,174.7629326,"49 Rawhiti Road, Manly, Whangaparāoa","restaurant,food,point_of_interest,establishment",restaurant
ChIJxUgGlNUlDW0RJiaTv7duWV0,Hello Manly,-36.6313454,174.7625292,"54 Rawhiti Road, Manly, Auckland","restaurant,food,point_of_interest,establishment",restaurant
ChIJJ4uQGn0lDW0Rq0EZaMLthA8,Goa to Bombay Manly,-36.63114359999999,174.7631768,"60 Rawhiti Road, Manly, Whangaparāoa","restaurant,food,point_of_interest,establishment",restaurant
ChIJMdVicXolDW0RgnHPqkrxQqw,Manly Takeaways & Sun View Chinese,-36.6310706,174.7634,"62 Rawhiti Road, Manly, Auckland","meal_takeaway,restaurant,food,point_of_interest,establishment",restaurant
ChIJBebN8E0aDW0R_4Hsc6ZLfNg,Kaukapakapa Hotel,-36.6163889,174.4908333,"3 North Crescent, Kaukapakapa","lodging,bar,restaurant,food,point_of_interest,establishment",restaurant
ChIJDQujKDkbDW0Rk6Pxg617F4E,Country Grind,-36.6166667,174.4936111,"1037 Kaipara Coast Highway, Kaukapakapa","cafe,meal_takeaway,restaurant,food,point_of_interest,establishment",restaurant
ChIJE6JECgAbDW0RrfE25czU5Jo,Shed 16,-36.6163667,174.4910642,"3 North Crescent, Kaukapakapa","restaurant,food,point_of_interest,establishment",restaurant
ChIJu1Coo1MjDW0RwssGOrZzoiQ,The View Eatery @ Wainui,-36.6067902,174.6228698,"35 Windmill Drive, Wainui","cafe,restaurant,food,point_of_interest,establishment",restaurant
ChIJA_cUbAAjDW0R-iL_AE-7iOQ,G.O.A.T (Greatest Of All Time),-36.6139116,174.6533654,"2 Henry Tayler Rise, Auckland","meal_takeaway,restaurant,food,point_of_interest,establishment",restaurant
ChIJxTGNM2YjDW0RtvdiAF2-znw,Pizza Hut,-36.6137795,174.6533674,"2 Henry Tayler Rise, Milldale, Auckland","restaurant,food,point_of_interest,establishment",restaurant
ChIJ3WhswnQjDW0RHKXcbDVF9vc,Ocean Eats,-36.6229553,174.6703016,"17 Hibiscus Coast Highway, Silverdale","restaurant,food,point_of_interest,establishment",restaurant
ChIJ6f5gsJwjDW0RJCW7K_IsEms,Rib 'n Roast,-36.6157225,174.6787749,"61 Silverdale Street, Silverdale","meal_takeaway,restaurant,food,point_of_interest,establishment",restaurant
ChIJVUKll5wjDW0RBsFpucoJNp8,Northern Union Gastro Pub,-36.6157248,174.6777582,"23 Wainui Road, Silverdale","bar,restaurant,food,point_of_interest,establishment",restaurant
ChIJ329XoJwjDW0RqqBs7maKVhU,Sal's Authentic NY Pizza - Silverdale,-36.6153007,174.6781617,"9/16 Wainui Road, Silverdale","restaurant,food,point_of_interest,establishment",restaurant
ChIJ329XoJwjDW0R5E5QdX8irvc,BurgerFuel Silverdale,-36.6152,174.678267,"Unit G07/16 Wainui Road, Auckland","restaurant,food,point_of_interest,establishment",restaurant
ChIJM4_gyIQjDW0RQ1MOPDSDtyQ,KFC,-36.6138876,174.679557,"61 Silverdale Street, Silverdale","meal_takeaway,restaurant,food,point_of_interest,establishment",restaurant
ChIJ5ZVoSpsjDW0RbI1OOqYA2ao,St Pierres Sushi (Silverdale),-36.61480669999999,174.680829,"Tenancy 19/61 Silverdale Street, Silverdale","restaurant,food,point_of_interest,establishment",restaurant
ChIJJ3kxOoQjDW0Rb6GS3d8qYmk,Golden Cuisine,-36.6131707,174.6835659,"1C Polarity Rise, Silverdale","meal_takeaway,restaurant,food,point_of_interest,establishment",restaurant
ChIJeSTjOYQjDW0RDHNLgHEPLhQ,Pizza Hut,-36.6132237,174.6836187,"1E Polarity Rise, Silverdale","meal_delivery,meal_takeaway,restaurant,food,point_of_interest,establishment",restaurant
ChIJcZIH-1YjDW0Rmgep7Q9VD9w,wildbean cafe,-36.606184,174.6621775,"219/225 Wainui Road, Silverdale","cafe,bakery,restaurant,food,store,point_of_interest,establishment",restaurant
ChIJgefcHwAjDW0R4kZy1vkzskI,Milldale takeaway,-36.6139781,174.6537969,"6/2 Henry Tayler Rise, Wainui","meal_takeaway,restaurant,food,point_of_interest,establishment",restaurant
ChIJVb5TFAAjDW0RXVnKVRBz-L8,Otsu Sushi,-36.613967,174.6537466,"5/2 Henry Tayler Rise, Auckland","restaurant,food,point_of_interest,establishment",restaurant
ChIJpS_d0JojDW0RqAhXXAtLODQ,Xian Wei Chinese takeaway (G.O.A.T),-36.613967,174.6537466,"NZ, 2 Henry Tayler Rise, Wainui","restaurant,food,point_of_interest,establishment",restaurant
ChIJVywmfgAjDW0RnOP8q8mM99U,Kasuri - Indian Eatery & Bar,-36.6139143,174.6536731,"Milldale, 4/2 Henry Tayler Rise, silverdale, Wainui","restaurant,food,point_of_interest,establishment",restaurant
ChIJ27LhXFcjDW0RnV2_noDCKV0,Club Grub Silverdale,-36.6226687,174.6679084,"6 Hibiscus Coast Highway, Silverdale","meal_takeaway,restaurant,food,point_of_interest,establishment",restaurant
ChIJQ1La_YwjDW0Rk8MOsbjFKdE,Joe's Garage Silverdale,-36.6226913,174.6689985,"1 Alberto Lane, Silverdale, Auckland","cafe,restaurant,food,point_of_interest,establishment",restaurant
ChIJsZ_qoaojDW0RRvk_Q3U_Sdw,HELL Pizza Silverdale,-36.6229124,174.6689559,"4/1 Alberto Lane, Silverdale","restaurant,food,point_of_interest,establishment",restaurant
ChIJ4xg_UHcjDW0Rhhw4nCfqHwU,Thai Kitchen Silverdale,-36.62327449999999,174.6688148,"1 Alberto Lane, Silverdale","restaurant,food,point_of_interest,establishment",restaurant
ChIJQcxcYPojDW0RRWLVmVqiMeI,Kebabs on Shore Silverdale,-36.62327449999999,174.6688148,"Unit 9/1 Alberto Lane, Rodney, Silverdale","restaurant,food,point_of_interest,establishment",restaurant
ChIJ9aFioPojDW0RieVhFljEeQA,Silverdale kebab,-36.6160336,174.6772492,"44 Silverdale Street, Silverdale","meal_takeaway,restaurant,food,point_of_interest,establishment",restaurant
ChIJeW5VqJ0jDW0RGkDoBAFwyXw,Top Horse Takeaways,-36.6180144,174.6765365,"16 Silverdale Street, Silverdale","restaurant,food,point_of_interest,establishment",restaurant
ChIJ22ziB6EjDW0R-LwHqsbq97Y,Hilo home cookery lunch bar,-36.61853869999999,174.6770185,"3 Silverdale Street, Silverdale","restaurant,food,point_of_interest,establishment",restaurant
ChIJLyT6nmAjDW0RMPgUnbEsEsc,Mexico Silverdale,-36.61553839999999,174.6787429,"61 Silverdale Street, Silverdale","restaurant,food,point_of_interest,establishment",restaurant
ChIJSc-qKAAjDW0RloyrIjUukGA,Doruri,-36.61384069999999,174.6795586,"61 Silverdale Street, Silverdale","restaurant,food,point_of_interest,establishment",restaurant
ChIJNdVSopojDW0Rh9ZEw1INv68,Burger King,-36.61648749999999,174.6793631,"1/5 Wainui Road, Silverdale","restaurant,food,point_of_interest,establishment",restaurant
ChIJ9xv0TJsjDW0RFPeOS47T5YM,Maru Sushi & Don Silverdale,-36.6127092,174.6796057,"75 Silverdale Street, Silverdale","restaurant,food,point_of_interest,establishment",restaurant
ChIJG-dUwpgjDW0RDLXBPRsZWQw,"TANK Silverdale - Smoothies, Raw Juices, Salads & Wraps",-36.61289949999999,174.6801919,"75 Silverdale Street, Silverdale","meal_takeaway,restaurant,food,point_of_interest,establishment",restaurant
ChIJKc5kDQAjDW0RTW2Hq7ZTT-E,Yooa & Tako - Auckland Night Market Silverdale,-36.6148646,174.680639,"61 Silverdale Street, Silverdale","meal_takeaway,restaurant,food,point_of_interest,establishment",restaurant
ChIJWdhFSpsjDW0RoKnqMiKgLBc,Pita Pit,-36.6148583,174.6808563,"61 Silverdale Street, Silverdale","restaurant,food,point_of_interest,establishment",restaurant
ChIJNa-bEbcjDW0RV4DSXF5CPUY,Kokodak Chicken - Silverdale,-36.6149805,174.6809619,"Shop 21, 61 Silverdale Street, Stanmore Bay, Silverdale","meal_takeaway,restaurant,food,point_of_interest,establishment",restaurant
ChIJz5rc9oQjDW0RVInn--FysOs,Keto Lunch,-36.61328020000001,174.6812392,"20 Central Boulevard, Stanmore Bay, Silverdale","restaurant,food,point_of_interest,establishment",restaurant
ChIJ4e4kQAAjDW0R-iGM62t8MTE,Uncle Duck BBQ,-36.61279659999999,174.6814095,"G4/2 Milner Avenue, Silverdale","restaurant,food,point_of_interest,establishment",restaurant
ChIJHUzDgkMjDW0RF6TaRzC2G90,Spice Avenue,-36.6128199,174.6814253,"2 Milner Avenue, Silverdale","restaurant,food,point_of_interest,establishment",restaurant
ChIJh92kXccjDW0RSN8vlD4Qixg,Snackshack Bakery,-36.622179,174.6782271,"15E Foundry Road, Silverdale, Auckland","bakery,cafe,meal_takeaway,restaurant,food,store,point_of_interest,establishment",restaurant
ChIJbWO2-4QjDW0RMyU_k-2gGx4,Charm Thai,-36.61292649999999,174.6814728,"2 Milner Avenue, Silverdale","restaurant,food,point_of_interest,establishment",restaurant
ChIJzx40OgAjDW0RUru5PlJQIgw,Noodle Hub,-36.61352249999999,174.6817502,"4/15 Central Boulevard, Stanmore Bay, Silverdale","restaurant,food,point_of_interest,establishment",restaurant
ChIJMxmTrGYjDW0RWDUEzNpf-ig,Domino's Pizza Silverdale,-36.61289509999999,174.6818021,"4 Milner Avenue, Silverdale","restaurant,food,point_of_interest,establishment",restaurant
ChIJBeyT73YjDW0RHpa5EExnkPY,iCurry,-36.6050775,174.6786791,"6/175 Millwater Parkway, Silverdale","restaurant,food,point_of_interest,establishment",restaurant
ChIJ91iV8ZEjDW0RBGwf5LD9UOw,Millwater Takeaway,-36.6050633,174.6786814,"4/175 Silverdale, Millwater Parkway, Silverdale, Auckland","meal_takeaway,restaurant,food,point_of_interest,establishment",restaurant
ChIJw5cavVwjDW0RPtmb-FxzOeY,Katsubi Silverdale,-36.6132615,174.6823948,"4/2 Central Boulevard, Silverdale","restaurant,food,point_of_interest,establishment",restaurant
ChIJF0Hk-nUjDW0RWqwWzxqnfFY,Pizza Club Max,-36.6134796,174.6825103,"3/3 Central Boulevard, Silverdale","meal_takeaway,restaurant,food,point_of_interest,establishment",restaurant
ChIJ1X7Xw3EjDW0RcFR3e9qxVLg,SUSHI HOUSE,-36.60472889999999,174.6785069,"Unit3/175 Millwater Parkway, Silverdale, Auckland","restaurant,food,point_of_interest,establishment",restaurant
ChIJHzgK95EjDW0R9daz5p4yiss,Freda's Roast & BBQ 小李奶奶餐饮,-36.6045644,174.6785578,"7/175 Millwater Parkway, Stanmore Bay, Silverdale","meal_takeaway,restaurant,food,point_of_interest,establishment",restaurant
ChIJMyuW8JEjDW0RwaX5aLwvZBw,Millwater Bistro & Bar,-36.60459319999999,174.6786258,"175 Millwater Parkway, Silverdale","restaurant,food,point_of_interest,establishment",restaurant
ChIJb0OW-ZEjDW0RTV81kloqWFg,Tabak Takeaways,-36.60445550000001,174.6786763,"9/175 Millwater Parkway, Silverdale","restaurant,food,point_of_interest,establishment",restaurant
ChIJkWNIS6sjDW0R3kSLVlpvU7M,Domino's Pizza Silverdale,-36.6129287,174.6830975,"Retail 8/2 Central Boulevard, Silverdale","restaurant,food,point_of_interest,establishment",restaurant
ChIJNXzAs0wjDW0RWjLVws0T4fs,Golden Tulip Malaysian Restaurant (Silverdale),-36.6133813,174.6833997,"1A Polarity Rise, Silverdale","restaurant,food,point_of_interest,establishment",restaurant
ChIJNUm6PPojDW0RU5aY2ukv_qs,Urban India Bar & Eatery Silverdale,-36.6133965,174.6834484,"1H Polarity Rise, Silverdale","restaurant,food,point_of_interest,establishment",restaurant
ChIJj3p4nFMzLgARdBEPcFnHhQQ,Curry Hutt,-36.60630409999999,174.6986381,"Shop 7/42 Red Beach Road, Red Beach","meal_delivery,restaurant,food,point_of_interest,establishment",restaurant
ChIJBRPpS3QkDW0RPL7pWqrjmSQ,Thai'd Up,-36.6031807,174.6926098,"180 Hibiscus Coast Highway, Red Beach","restaurant,food,point_of_interest,establishment",restaurant
ChIJBRPpS3QkDW0RahGzOnbagfo,Hill Top Chinese European Takeaways,-36.6032308,174.6926469,"180 Hibiscus Coast Highway, Orewa","meal_takeaway,restaurant,food,point_of_interest,establishment",restaurant
ChIJi9EhlFskDW0RknOYNNwBhsI,Hibiscus Coast Community RSA,-36.6156458,174.7165693,"43a Vipond Road, Stanmore Bay, Silverdale","rv_park,lodging,bar,restaurant,food,point_of_interest,establishment",restaurant
ChIJd1FYLSQlDW0RMlWgDhj4r6k,Red Beach Kebabs,-36.6065093,174.6982615,"Shop 16/42 Red Beach Road, Red Beach","meal_takeaway,restaurant,food,point_of_interest,establishment",restaurant
ChIJYwCp9XEkDW0RY745KEefxTs,Couttas Bar & Grill,-36.6064489,174.6983905,"2/15 Bay Street, Red Beach","bar,restaurant,food,point_of_interest,establishment",restaurant
ChIJu2VOEAAlDW0R4rcdmE7krdE,Red Beach fish and chips,-36.6062115,174.6985622,"42 Red Beach Road, Red Beach","restaurant,food,point_of_interest,establishment",restaurant
ChIJ54q4Y4cjDW0RRcOmwyS9Qvg,Red Beach Takeaways,-36.6061986,174.6985787,"42 Red Beach Road, Red Beach","meal_takeaway,restaurant,food,point_of_interest,establishment",restaurant
ChIJw58EknMkDW0RKaNqihmhpSU,Mr B W Cameron,-36.60326489999999,174.6955618,"12 Red Beach Road, Red Beach","restaurant,food,point_of_interest,establishment",restaurant
ChIJabiGypElDW0Rr1yh0hJkkF4,GReat Restaurant,-36.6156458,174.7165693,"43a Vipond Road, Stanmore Bay, Silverdale","restaurant,food,point_of_interest,establishment",restaurant
ChIJ0VZSog4lDW0Rq2QIpPWYEvk,SA Tasty Point,-36.6086159,174.7838106,"1193 Whangaparaoa Road, Gulf Harbour, Whangaparāoa","meal_takeaway,restaurant,food,point_of_interest,establishment",restaurant
ChIJexUuJQAlDW0RmIF_2pZObac,Deadwood Saloon,-36.6270017,174.7477983,"108 Stanmore Bay Road, Stanmore Bay, Whangaparāoa","restaurant,food,point_of_interest,establishment",restaurant
ChIJH3yVZG0vDW0RkLAbImvn-B4,Ma Rew Thai Cuisine,-36.6139798,174.792351,"69B Gulf Harbour Drive, Gulf Harbour, Whangaparāoa","restaurant,food,point_of_interest,establishment",restaurant
ChIJ4VfOmdovDW0ROVHR2uZhHxg,Good Food Good Lucky,-36.6139816,174.7925204,"69D Gulf Harbour Drive, Gulf Harbour, Whangaparāoa","restaurant,meal_takeaway,food,point_of_interest,establishment",restaurant
ChIJ4UCr17UvDW0R6Mpo6cefvEs,Drunken Crayfish,-36.6139816,174.7925204,"69 D Gulf Harbour Drive, Gulf Harbour, Whangaparāoa","restaurant,food,point_of_interest,establishment",restaurant
ChIJFXObKGIvDW0R-Ij1jIYRMbo,The Waterfront,-36.61500689999999,174.7918813,"162 Harbour Village Drive, Gulf Harbour, Whangaparāoa","restaurant,food,point_of_interest,establishment",restaurant
ChIJexF4FwAvDW0R5OMKSMM_DJA,香蕉🍌,-36.6150465,174.7917553,"164Q Harbour Village Drive, Gulf Harbour, Whangaparāoa","restaurant,food,point_of_interest,establishment",restaurant
ChIJE7UUc1QvDW0R4y4oxJxJuy0,Mainsail Bar & Bistro,-36.6151256,174.7913522,"2/154 Harbour Village Drive, Gulf Harbour, Auckland","bar,restaurant,food,point_of_interest,establishment",restaurant
ChIJR0nBZHIvDW0R7XWgZ5tYqtY,Cherry Cafe,-36.6152332,174.7911759,"1/154 Harbour Village Drive, Gulf Harbour, Whangaparāoa","cafe,restaurant,food,point_of_interest,establishment",restaurant
ChIJJ2xOhKwvDW0R79KTUiwt1co,The Next Bar & Eatery,-36.62182539999999,174.7939841,"132 Pinecrest Drive, Gulf Harbour, Whangaparāoa","bar,restaurant,food,point_of_interest,establishment",restaurant
ChIJ_WnWwj0vDW0RpK6rSWZbf7s,7 Blendz,-36.6060275,174.7917102,"64 Regency Park Drive, Gulf Harbour, Whangaparāoa","meal_takeaway,restaurant,food,point_of_interest,establishment",restaurant
