place_id,author_name,rating,text,time,relative_time,language,review_id
ChIJi0AjXABTDW0RJIGlxzy14Ok,Glenda Thomas,4,Fabulous for a walk,1752439580,a month ago,en,5207cc479e1f6f20d9c789ee
ChIJde6YUdSscm0RwrJBcuGmb3U,Harpreet Kaur,1,"Zero star for this, I had a very disappointing experience at this shop. I went to get my baby’s photo clicked for an online application, and the photographer charged me for the service. However, when I tried to upload the photo, it was rejected due to the wrong size.

When I called to ask about this, instead of offering a solution, the photographer told me I needed to crop it myself. If I had to do it myself, what was the point of paying for the service? On top of that, he was extremely rude and unprofessional, claiming he was the “owner” of the shop and speaking in a disrespectful manner. This is not how you treat customers. I would not recommend this place to anyone looking for professional service.",1738970749,6 months ago,en,b073f7b11bcf1bc6ce7e1ffd
ChIJde6YUdSscm0RwrJBcuGmb3U,SamAiyan,1,"I had a terrible experience at Papakura Photo Image Centre. The person taking the photo was extremely rude and unprofessional, claiming to be the “owner” while speaking in a very disrespectful manner. They are not professionals and clearly do not know how to take photos properly.

I went to get a photo done today, but when I tried to upload it, it was rejected due to the wrong size. On top of that, the service was awful—very, very rude and dismissive. This is not how you treat customers.
Save your money and go elsewhere! I would not recommend this place to anyone looking for professional service.",1740356212,5 months ago,en,da3f6e0151676a562e1ffdb2
ChIJde6YUdSscm0RwrJBcuGmb3U,beck SiTou,1,"No star they should have, experience with "" Papakura Photo Image Centre""  was extremely disappointing. Not only they charge double the price more than warehouse stationery for the printout, but the quality of the printout itself was a complete nightmare, Apart from that, they can not take passport photo as well. they won't follow the instruction. last year photo took from there can not be use. and the print out this time can not  be use aswell.  The person assisting me seemed incompetent and uninterested in providing good service slow and horrible quality . Regrettably, this encounter reflects a lack of care for quality and customer satisfaction. The overall service and product were far below acceptable standards.",1692265207,a year ago,en,1b18ccd7019d900458477442
ChIJde6YUdSscm0RwrJBcuGmb3U,Karmen,1,"Want to start your day off in a foul mood? come here! Arrived with ID in hand and said “Good morning, I believe I have mail here” (this is a drop off point for some courier services) he didn’t take my ID and just responded “No” I went away to get my phone and came back to show the email saying it was there. He goes on to say nothing had been delivered, asks my name then turns around to a moderate sized stack of packages and pulls my one out. I show my ID to prove it’s mine, he hands it over and that’s the end of it. What a way to treat ppl, if you can’t be bothered servicing ppl, don’t offer the “service”",1701979357,a year ago,en,77b76126deab67c7f385b585
ChIJde6YUdSscm0RwrJBcuGmb3U,Christine Gabriel,2,"Had passport photos done. Paid $8 more than what my family member paid for at the mangere pharmacy at the town centre just a week apart. Photo service no different to that of my fam member, only the price.",1697620851,a year ago,en,b21c3e7fe94fc831b3da1f3c
ChIJ5zWcqtWscm0R6OcsEEFPjS0,Jess D,5,,1528686893,7 years ago,,0c97a60a877d90dde8915f74
ChIJX_rGozBTDW0RmVC1KGXWh6Y,shane dyer,4,"Awesome little shopping village. Can't wait for the butcher too open tomorrow.
31/03/2021",1624430693,4 years ago,en,0300afc1ad248d613f9dc98d
ChIJX_rGozBTDW0RmVC1KGXWh6Y,John McKay,5,"Nice shops. Only half full at the moment, I'm sure Covid hasn't helped because people are nervous to open new business. Could use a dairy.",1606876020,4 years ago,en,d268db8525e3a6a64456328c
ChIJX_rGozBTDW0RmVC1KGXWh6Y,Sandra Knights,5,Just checked out new butcher's awesome  friendly customer service and large range of meat I have been looking for a good butcher closer to home I have found it yay  just filled up my freezer thank you,1623743010,4 years ago,en,529542f68ace2a4899b9b715
ChIJX_rGozBTDW0RmVC1KGXWh6Y,Fergus Lowrey,5,Hexing Takeaway    healthy fresh chinese cuisine...,1607324190,4 years ago,en,3c5e917cb943f1a5136853b8
ChIJX_rGozBTDW0RmVC1KGXWh6Y,Carl Rowe,5,"Clean, good selection, reasonable prices",1634491650,3 years ago,en,460ba605f78f2a2cd6ba37b5
ChIJTfOOisFSDW0R4FxjgHegXVU,Sione Tuiano,1,They don't even answer the phone or to any of my emails. So its probably happen to everyone else. Not a cheap company to deal with. I need my balance and all I get is nothing.,1639407661,3 years ago,en,c78104266ad2794226ade721
ChIJTfOOisFSDW0R4FxjgHegXVU,Matthew Griffiths,1,"Not a good company to deal with - They even tried to get someone else to come around and sell something else, totally ignored the fact, i had a (No sales personal) policy sign on both doors. Don't deal with these people, no return policy applies, if product is broken, and you get charged double the amount.",1598328086,4 years ago,en,a6be8344763ca769979c5d77
ChIJTfOOisFSDW0R4FxjgHegXVU,Jimmy clark,1,Geeze my boombox speaker is meant to have been paid beginning of March and they still taking $35 a week out. Waste the time ringing them they never answer the phone.,1647563891,3 years ago,en,1154d9b01a51a2456a2798ab
ChIJTfOOisFSDW0R4FxjgHegXVU,Pene MoekeY,1,I was paying for years and they have finally stopped the payments now i want a balance of what i paid as i might be in credit they were good at first now they don't answer calls or anything how can we get in touch with these rip offs please,1661399761,2 years ago,en,79be8b9199f382af55e823d8
ChIJTfOOisFSDW0R4FxjgHegXVU,Karleen Singh,1,This place was good until a few months ago now I've lost all number for them can't get ahold of them does anyone have a number for them please,1657741164,3 years ago,en,bf25b773ee7e569212b02b6d
ChIJETs9bgBPDW0RCQZzJvoTikE,Tii,2,No greetings and all standing at the desk talking to each other nd the other fella singing away didn’t provided assistance.,1738205651,6 months ago,en,77de883bdcb1447179af5e66
ChIJETs9bgBPDW0RCQZzJvoTikE,Michael Liang,5,"Wonderfull service, waited a bit longer at checkout but it's understandable being a boxing day sale, A+",1736123615,7 months ago,en,0e3c48433e587651753661c5
ChIJETs9bgBPDW0RCQZzJvoTikE,Shylaa,1,"Terrible service, Won’t be returning",1730513225,9 months ago,en,e11114920bdb862ea9280255
ChIJx8Xqy7RPDW0R4sM56_svBBE,Jayde Crawford,5,Thank you to lovely Donna for helping me at 645pm lastnight. Appreciate you helping my 10 year old daughter sort stuff for her new bedroom while I was busy tending to my crying baby. I was able to keep both kids happy all while getting things checked off my list 😊,1752238746,a month ago,en,e24eac5646af1c7e3994da3c
ChIJx8Xqy7RPDW0R4sM56_svBBE,Naoki hirao,1,"I rarely leave reviews, but I felt compelled after my visit. The customer service was disappointing—no greeting and not even a thank you when I purchased item. I felt completely unwelcome. A simple “hello” or acknowledgment would’ve made a big difference. Won’t be returning.",1749966158,a month ago,en,d1e33e935820c1921ef8b9f1
ChIJx8Xqy7RPDW0R4sM56_svBBE,Lainz,2,"Came in for Xmas shopping and purchased a few items. One of them I couldnt find a certain colour of in a bulk bin. Isabelle at the counter was really unpleasant to deal with, had no intention of helping and seemed to want to be as difficult as possible. Her colleague stepped in and found the product for us to resolve the issue. If she wants to work with customers in retail, an attitude adjustment is very much needed.",1735503257,7 months ago,en,21058e334f366101227fc133
ChIJx8Xqy7RPDW0R4sM56_svBBE,Delaine Walker,1,I have been to the store twice and I am disappointed with the lack of customer service provided. The manager and shop assistant do not care and I will not be returning to this store after this experience.,1748580930,2 months ago,en,64131f12aa0a41cff27a7b01
ChIJx8Xqy7RPDW0R4sM56_svBBE,Mishthi Dhankher,5,"Lovely and helpful staff, had a very pleasant experience shopping :)",1749023295,2 months ago,en,13216433c34d1599140b6ee4
ChIJC9BNaQBPDW0R5oDFNBUOdQE,S Park,1,"Two ladies seem to be the only staff present and check out extremely busy obviously. Perhaps this store is short staffed and should consider hiring more people for the sake of smooth operation. I requested for specific sizes for the kids fleece they confirmed that they have in stock, they’d grab them from the back for me then the next 20 minutes or more they kept looking at me and prioritised people paying at the counter. I was going to purchase the fleece pullovers once one of them grab them from the back but that never happened. In the end I hopelessly left after seeing staff on the left stopping the other staff from helping me and gave her sign to serve the customer in the line first instead. By the way, my enquiry came through way before that person even lined up. Probably 3-4 people that joined the queue after my enquiry got served when I still patiently waited. I understand you guys were busy but service could’ve been more professional for example first come first serve (duh) and providing a genuine apology?

Also considering how big the brand is in the country it was shocking to see none of them were wearing a name badge.Terrible macpac store experience ever.",1750580360,a month ago,en,8f609bf6f107160ed61aaee8
ChIJC9BNaQBPDW0R5oDFNBUOdQE,Davis Thomas,5,"★★★★★

Had an excellent shopping experience at Macpac in Manawa Bay! Jass welcomed us with a warm smile and took the time to explain the ongoing sale in detail. She was incredibly knowledgeable and provided great insights about the product we enquired about. Her friendly and helpful attitude made our visit truly enjoyable. Highly recommend visiting this store—great service and great products!",1741755004,5 months ago,en,6b6b33b8dfa9f720d6a297a4
ChIJC9BNaQBPDW0R5oDFNBUOdQE,Lasini Latu,5,"Served by Manish the store manager. Absolutely delightful, respectful and patient man - he was. I couldn’t get the things done I needed but he directed me to the right source and problems are being solved. Grateful for Manish!",1747603957,2 months ago,en,2a646a5307ec4460033b0963
ChIJC9BNaQBPDW0R5oDFNBUOdQE,jester da hybeat,5,"Very good price n service. I planned to just have a look around, and ended up buying many quality stuff with only a $140 bill!",1748135834,2 months ago,en,487db0c3f6fd2f5ab4625827
ChIJC9BNaQBPDW0R5oDFNBUOdQE,Brendan Clough,1,Not an issue I have had with this specific store but the macpac online purchasing. Made an order...received a confirmation email...then no further communication or delivery. Tried contacting through the website form and sent several emails asking for an update or clarification. Still nothing. Terrible customer care....as others have mentioned in reviews....customer care really doesn't seem a priority for macpac. So here I am leaving a one star review in the hope of actually generating a response and some action to resolve the issue,1732729968,8 months ago,en,8b4649a195e96678c188ef84
ChIJu9MLnctNDW0R76a0DISm7OU,R T,4,"love shopping here and walking around to get some steps in lol. The fence of playground I really like as its safe, however it definitely needs an upgrade. Hopefully the playground will be updated soon as there's alot of parents who love to take their kids here",1749435095,2 months ago,en,fb2069f9b91fcb7de6fbd8b6
ChIJu9MLnctNDW0R76a0DISm7OU,Angela Ritchie,5,"I just love this place. So many stores in one area including at least 2 factory priced clothes boutiques. Kmart is open 24hours and there's even 2 coffee shops. Very enjoyable.

The car traffic can get a bit full, literally bumper to bumper but it's always moving.

Something for everyone here!",1746646819,3 months ago,en,63fc3b6437ddded65c0633d5
ChIJu9MLnctNDW0R76a0DISm7OU,Jessica Mativa,5,Great customer service.  Very helpful.  App is especially useful.  Can find what product snd which aisle it's located at.  Simplicity at its best,1743910539,4 months ago,en,ae4e4b0917c8ed13e9a3e584
ChIJu9MLnctNDW0R76a0DISm7OU,V C,5,"Great place to shop, good parking space spacious stores",1744352790,4 months ago,en,471c46cf600c9c2c60b53051
ChIJu9MLnctNDW0R76a0DISm7OU,E S Reyes,5,Me and my family's go to for anything electronic related devices and appliances. The staff are nice and really helpful. Lots of deals everyday. Easy return or replacement for faulty items or change of mind.,1750975227,a month ago,en,0aa8c83094184a0373b175f3
ChIJUZ5t1sZNDW0RmJKd3_zo-jA,Richie,5,Went to check shops here and buy some Dumbbells from here. Great place for getting few of the things one may want or like.,1747007936,3 months ago,en,6eefce89a0608b472181e510
ChIJUZ5t1sZNDW0RmJKd3_zo-jA,Madan Senthil,4,Lot of shops in one place... Heaps of parking as well..,1642616762,3 years ago,en,2fe241adb4f0e1abd0dfb2a6
ChIJUZ5t1sZNDW0RmJKd3_zo-jA,Mandz Pounamu,5,Didn't like it wonton soup was not wonton soup it was dumplings not a fan. I didn't like it,1749273530,2 months ago,en,02f64628863a9bd8aeed6dd4
ChIJUZ5t1sZNDW0RmJKd3_zo-jA,brent parsons,1,"Went into PEACHES AND CREAM to checkout the BOXING DAY SALE. What a joke that store is. Maybe a dozen different produces were discounted by 10 % . End of story for the BIG SALE advertised.  The old man behind the counter was miserable,  spoke in a sour tone and scruffy. Never again will I step foot inside that store.",1703897609,a year ago,en,4f60002d3302beea09c8b617
ChIJUZ5t1sZNDW0RmJKd3_zo-jA,Puneet Anand,1,"Went after long time as we love South Indian food and I always prefer saffron over satya and sahana but sorry to say food is drastic bad today. Coconut chutney smells bit stale. Dosas served to table are very tiny and in our table all dosa served are having burnt flavour. Potato bhaji in the second serving I found fresh, first one taste stale . They can easily serve buffet in big chaffing dishes as they know what people eat half chafers which are not full enough gets empty  fast plus less staff make guest waiting in queue. Today there is a manager who is polite but previously I feel there is owner who is more spontaneous to the people need. I feel even the chef has changed too. Tea is cold told to the manager and changed to new one by manager but it’s still Luke warm.Please take this as suggestion not as a complaint as a regular customer it feels bad to see ur favourite joint going down in term of standards and service.",1684638700,2 years ago,en,4c3e6746c283bbe85517c27f
ChIJS7YXr3lODW0RKnXqcBZPlxI,Steve,5,Very convenient place to do groceries. Parking is ok there are times where it gets busy but all in all pleasant shoping experience,1752732535,3 weeks ago,en,0d20410d20b60ee6fc37a0b5
ChIJS7YXr3lODW0RKnXqcBZPlxI,Ruth Roselyne T,5,"Clean organise I particularly love their produce aisle🥰 thanks for reading, okay bye!!",1747202957,3 months ago,en,fceb9c17327e1cc349f673fc
ChIJS7YXr3lODW0RKnXqcBZPlxI,Zia Narayan,5,"Love shopping here.
everything is just perfect from customer service to finding items, and the store is so clean",1747206370,3 months ago,en,32643221cb3c536b7e234b8a
ChIJS7YXr3lODW0RKnXqcBZPlxI,akanoa Luke,5,Great mall for malling. Security and retailers are so kind. Keep up the awesome work 😄👍🏾,1747085173,3 months ago,en,34beb620895f49098d71523c
ChIJS7YXr3lODW0RKnXqcBZPlxI,tracey cameron,5,Pre made food. Very nice ☺️,1753756368,2 weeks ago,en,ca0ccc55ab03fa175bb271ae
ChIJ7R-fEbNNDW0R5KihkMDYXOk,Jasdeep Singh,5,high selection of good products for a bargain! The customer service is also sweet as. I would highly recommend,1732509415,8 months ago,en,89cd1ce3b43290b145223d8f
ChIJ7R-fEbNNDW0R5KihkMDYXOk,balwinder singh,5,Great service and exceptional quality of electronics gadgets.,1753683159,2 weeks ago,en,519ffda713b63e7be0f0a4ec
ChIJ7R-fEbNNDW0R5KihkMDYXOk,Joreen Narayan,5,Ravi is best customer service go and meet him,1753762431,2 weeks ago,en,40fa85053ab09739e7dd83fe
ChIJ7R-fEbNNDW0R5KihkMDYXOk,Gurwinder Singh,5,Great products. Bought few items from them and these are of great quality. I highly recommend if you are looking for quality in cheap and competitive price.,1721521932,a year ago,en,70007b76f4e1d5293cf6b218
ChIJ7R-fEbNNDW0R5KihkMDYXOk,Ekamjot Singh,5,"Awesome customer service, and a lot of great quality products!",1722760295,a year ago,en,11e64ca1de8c2945b1d808ea
ChIJb0a9xbtNDW0RQG3PiSi7l8g,V C,5,"South Point Shopping Mall in Manukau is a convenient and well-laid-out centre that offers a great mix of everyday essentials and dining options. One of the standout features is the parking — there’s plenty available, with both open-air and covered spaces, so whether it’s sunny or raining, you’re sorted. It’s easy to get a park and access the shops without too much walking, which is a big plus if you’re in a hurry or shopping with kids.

Inside the mall, there’s a solid selection of food outlets catering to different tastes, from local favourites to takeaway options. Whether you’re grabbing a quick lunch or sitting down for dinner, you’ll find something that hits the spot. The restaurants are clean, welcoming, and usually not overcrowded.

In terms of essentials, the mall includes a Countdown supermarket which is well-stocked and makes it easy to grab your groceries in one go. There’s also an ATM on site, which is convenient for quick cash withdrawals. Other services include a barber shop that’s reasonably priced and does a good job, and dolloar shop is good too. Malaysian food is good here too and my fav is burger fuel

While it’s not as large or flashy as some of the bigger malls in Auckland, South Point has a relaxed atmosphere and covers all the basics in one easy-to-navigate location. It’s a great stop for locals or anyone passing through Manukau who wants hassle-free shopping, dining, and services all under one roof.",1745988867,3 months ago,en,afa74fa22612ac220f0431dc
ChIJb0a9xbtNDW0RQG3PiSi7l8g,Rob Miller,1,One of the claw machines stole our money and there is no one at Southpoint to fix the problem after asking Woolworths about it. Not going to contact someone by email/phone over $2. Fix your damn machine.,1740189870,5 months ago,en,0c731f022fc3e20ed128dba6
ChIJb0a9xbtNDW0RQG3PiSi7l8g,Steve,5,Always kept clean and tidy nice place to walk around,1752732226,3 weeks ago,en,490c1b11311ee251a39cc8c5
ChIJb0a9xbtNDW0RQG3PiSi7l8g,Will Will,4,"There is a countdown here, has just about everything you could need from a supermarket, no, really, if you can't find it here, your probably not looking hard enough.",1746347229,3 months ago,en,339bd8c80db3ba5792470159
ChIJb0a9xbtNDW0RQG3PiSi7l8g,Elaine Sam,5,My favorite shops. Bakers Delight.  Cheesecake shop. Hollywood bakery for coffee. Woolworths a great range of items,1737965765,6 months ago,en,f9ccfa9198dd2c0c213940a8
ChIJx-YpicBNDW0R8u3eKSmUTAw,Navdeep Kaur,5,,1671687361,2 years ago,,c7908f7a65b56485ab125ef8
ChIJL7IxFppNDW0RbzIeiQ6DUhQ,M and M Pr Productions,4,"Lovely team that run it, always enjoy our time here. Fish tastes a bit dry but overall a good store.",1754800387,in the last week,en,f227d5c07a2d57cda0eef427
ChIJL7IxFppNDW0RbzIeiQ6DUhQ,Rose Dunn,3,Lone star in manukau is part of this area....at the time we were parked there it was raining was able to get parking outfront of lone star....went there for lunch.,1715978462,a year ago,en,ab9735644d1379f636492d70
ChIJL7IxFppNDW0RbzIeiQ6DUhQ,L&J “Libin”,1,"It's an open shopping complex, having some  restaurants,  grocery shopping, liquor shops, etc. Limited parking space but convenient place.",1720951548,a year ago,en,5f34d26687cdb7c5a6da967b
ChIJL7IxFppNDW0RbzIeiQ6DUhQ,alan hamilton,5,It is one of the best public shops I've been very handy to and I absolutely remember when that new shops was established it was 20 years ago that the new shops were first built and it's one of the best south Auckland locations I've ever been to for eateries.,1632358839,3 years ago,en,42b3f89fff96a010fed2517d
ChIJL7IxFppNDW0RbzIeiQ6DUhQ,zahoor ur rahman,5,Jewel of South Auckland.,1736979719,7 months ago,en,b1d90c1d3baa8dd3c13fa673
ChIJK3LLlQZNDW0R56b_-xddtf0,Vic Welly,5,Handy laundromat. The good thing is its tidy and not busy. The biggest perk is not many shady people around and its fairly safe. Parking is hard to find sometimes but most of times you find it. Coins sometimes misbehave but if it doesnt work the dairy owner helps u and they are kind enough to change the coins.,1727084412,10 months ago,en,5769a90cee7c8e18b41b94f5
ChIJK3LLlQZNDW0R56b_-xddtf0,Harry Low,4,"Bright & neat lsundromat

Clear operating & payment sysyems

They have a cashless payment system, just Pay Wave.

Brand new washers & drying machines

There are washing machines for varying laundry loads",1728496507,10 months ago,en,05b2b9cf891de243f0ca205f
ChIJK3LLlQZNDW0R56b_-xddtf0,Stephan Nalaka De Silva,5,Very good place to do your laundry items.Parking available,1742269262,4 months ago,en,e5b13b5bcc7c1b03f9c6183e
ChIJK3LLlQZNDW0R56b_-xddtf0,Stephanie Hofmann,5,"Had never used a laundromat before by myself. Staff were helpful and nice and once you become a regular it's good to feel recognised.
Small dryers are $1 for 10 minutes
Large dryers $1 per 8 minutes. If u have tonnes of washing to do the big machines are amazing.

Plus it's always nice and clean Inside. I always see them cleaning out the lint and maintaining it well.",1484304872,8 years ago,en,a7c112fdb52a4dd2c9c3a392
ChIJK3LLlQZNDW0R56b_-xddtf0,Esmay Selwyn,5,Easy access but a very busy place at times due to weather.  No complaints here use the drying facilities often.,1700514257,a year ago,en,5cef52f342bbb67380635dba
ChIJA-Pyr41PDW0RnQL95CuCXPU,A.M.F.O I,3,"Some good bargain on perfumes...other than that the place is alright they don't have variety of products  to choose from and the make up in store looked like makeup brands that no one buys or use, looked old",1745752503,3 months ago,en,4e632d33bb4bacce8b2319ea
ChIJA-Pyr41PDW0RnQL95CuCXPU,Oluka Dushyantha,4,This is my usual place to go when I want to buy branded perfume. You can buy  original products with cheaper price. They got lots of other costumes as well. Highly recommended. Not allowed to carry handbags.  Very close to the Auckland airport and the hotels. This place is on the  Airporter bus route. So you can use the Airporter bus too.,1489108698,8 years ago,en,4d6a2151e23c5010fc9b4635
ChIJA-Pyr41PDW0RnQL95CuCXPU,Julie Gofton,5,Second time ordering from crush beauty online and both times I have been incredibly happy and they have gone above and beyond. This time I got a mystery $10 pack and wow so happy with what I received. Thanks heaps x,1729555508,9 months ago,en,63de7c594a6eab3cf5679653
ChIJA-Pyr41PDW0RnQL95CuCXPU,J PM,1,"This Review is for the Crush Beauty’s Annual Cosmetic sale that was back after a Covid hiatus and this year it was jointly held with Bendon.
Many people had turned up there on the day at 7am for the 9am opening. As probably anticipated, the day started with extremely long queues, not to mention the traffic congestion caused on the Airpark Road.
After over an hour’s queueing, people were let in by a lone security guard in a batch of about 20 people at a time. We were all required to scan their bar code before entering the warehouse.
And then Voilà we were inside…to a scene of utter chaos and disorganisation. It was a very poorly organised warehouse that was lined/cluttered with cartons on tables filled with a jumble of poor quality makeup products and deodorants; most of the cosmetics were testers or rejects or returned makeup products. They were really cheap looking stuff.
The array of Bendon lingerie displayed were even more pathetic. They looked like Returns or/and Used lingerie. Most of the bras were in the wrong boxes and not in the allocated cartons with sizes marked.
The range of fragrances presented were the cheaper eau de toilettes that are the slow moving ones and not in demand. They were certainly not the good stuff.
Sorry, Crush beauty and Bendon team, it was extremely embarrassing to see what was on display and it was even more annoying that I had stood in the queue for well over an hour and a half for this pathetic demonstration of chaos and mess.",1732764878,8 months ago,en,987101bfbe4bb8e19c55a75d
ChIJA-Pyr41PDW0RnQL95CuCXPU,Halen Tipene,5,"Absolutely rate this place, good prices, even gave me a freebie with my order, love your work! Keep it up.",1717197516,a year ago,en,2637c1378bdb59e7328e8810
ChIJKb6NmqBPDW0Re6dfN2MQwRY,rhona lome,5,Easy to access and affordable for all faalavelaves,1685244129,2 years ago,en,c871d25e33fdf5c7a121f5c7
ChIJKb6NmqBPDW0Re6dfN2MQwRY,全珍珠,5,"The shop is very good, it opened very early and has a wide variety of items.",1519756809,7 years ago,en-US,385e702c18a2c20fe27f3d53
ChIJ5Tt34nFPDW0R-eILF9kAchA,NPD2075,1,Purchased a vape today and it finished within 10 minutes scammed me very bad business.,1663060110,2 years ago,en,f02d92814b10b91151e87286
ChIJ5Tt34nFPDW0R-eILF9kAchA,Ketan Sheth,5,,1742251272,4 months ago,,dd05da6a2443e1608866e1bd
ChIJ5Tt34nFPDW0R-eILF9kAchA,Fonisisi Tauheluhelu,5,,1682876814,2 years ago,,951882066f1b39c61b4d2719
ChIJ5Tt34nFPDW0R-eILF9kAchA,Raman Saini,5,,1630967246,3 years ago,,6a54994f4a8805904c0a2617
ChIJcZ3xZIBADW0R3_SwUH3z8zc,D H,5,The most beautiful place I have ever been. Brought tears to my eyes when I saw it. Otara should be one of the wonders of the world. I've now changed my life around for the better after visiting this place and being inspired by the pure raw beauty that Otara has to offer. 10/10 recommend visiting. Even better at night time. I recommend walking around at night and running up to every person you see to say hi (they will all love it!).,1745296498,3 months ago,en,b120882993c1f8280613a0af
ChIJcZ3xZIBADW0R3_SwUH3z8zc,Tanya Teiho,3,Kiaora whanau came here hava kai afta my moko's dd there learners licence at the community center otara is otara iaint been here in a minute was quite kids had butterchkn loaded fries nd butterchicken meal nd i had chikn nd chips was alite nothing really happenings shops stil same new thing there is Pho kitchen wich i love there kai igo to one in rewa aint been to otara one yet but I will one dae lol ilove there lemongrass nd pork chop noodles there yummy go whanau although I dnt no wat otara one is like jus rewa Pho kitchen xx,1745452534,3 months ago,en,c269b5fa163ce5912f7b1270
ChIJcZ3xZIBADW0R3_SwUH3z8zc,Amit Tyagi,5,"I visited the otara fruit and vegetable market on Sunday which is right behind Otara Town Center. Ample parking space if you visit early - before 8:30 AM. The vegetables and fruits are at much better price than Supermarkets (be it - Pak nSave, woolworths, four square, New Wold, Fruit world).
Vendors have different prices at their stalls so you gotta look for the best deals and the quality of the items  you wanna buy.
We generally visit fortnightly and bring enough which can be used during 14 days.",1748893042,2 months ago,en,fc974af96654213c448019cf
ChIJcZ3xZIBADW0R3_SwUH3z8zc,Jackson Nuku,3,"Run-down nothing has changed over the years very populated with Pacific, Indian & Asian stalls alot of knock-off stalls have entered the market SO! looking for a bargain is ""NON existent"" NOW otherwise if hungry the food is nice!!🙂",1743511590,4 months ago,en,2fc514da4d377ba37f4721d8
ChIJcZ3xZIBADW0R3_SwUH3z8zc,Anastacia Toilolo,5,"Otara shopping Center is amazing lots of cheap bakeries, food stall and lot more inside delicious food .I've never missed  to come there every Saturday to help my family for fruits market .
Otara is  the most popular shopping Center in South Auckland full of Islanders people with too many beautiful things happening inside 💯👌🏾",1741197936,5 months ago,en,44cbadaf9f11653b710e1c84
ChIJixn9wDlMDW0Ru82COKgskX8,Chris Martin,4,All one needs for a seafood fix.,1661840924,2 years ago,en,34d118b330fefbc7841f5008
ChIJixn9wDlMDW0Ru82COKgskX8,Qxswsp Qu,5,,1651445898,3 years ago,,cf6490091ae96b0faa782e79
ChIJixn9wDlMDW0Ru82COKgskX8,Trevor Pakura,5,,1627193827,4 years ago,,2facc41fb8ca58c8fba68038
ChIJpxTeIqdJDW0R3vCZtJqRGzI,Bayan Al Dakheel,4,"This isn’t a traditional store—it’s a storage unit—but the staff were very helpful.
Thanks to all the reviewers before me; their feedback made booking and attending my appointment easy.
I went there looking for girls’ dresses, and the team helped me find everything I was looking for.
However, based on my personal style preferences, I didn’t find the dress quality to my liking, so I didn’t make a purchase.
Overall, the prices were reasonable and quite affordable.",1753877552,2 weeks ago,en,b9dc19f34134e22ae48e2116
ChIJpxTeIqdJDW0R3vCZtJqRGzI,M W,5,"Beautiful clothing at super affordable prices. Purchased a christening dress, socks, shoes and headband for my daughter. Ordered on the Wednesday night and they arrived on Friday morning. All items were just as pictured on the website. Will definitely shop online with Lucy’s again :)",1747974600,2 months ago,en,272a1625a9a6f6cd71f6a272
ChIJpxTeIqdJDW0R3vCZtJqRGzI,The Maruzzos,5,"We had a great experience from Lucy’s. We bought two suits here and the salesperson is really helpful and took his time to give us advice and brought all the sizes for us to try for our kids.

10/10 recommended it. Lots of options for boys and girls at affordable prices.",1724910994,11 months ago,en,1c0a05e8a3fad34fa99c1197
ChIJpxTeIqdJDW0R3vCZtJqRGzI,J Liu,5,"What a gem 💎 of a spot. So many options. Great size range. Terrific price. Suits, shirts and ties for 4 boys under 12 years including the 1 year old. Even a large selection of ties fit the baby. Great changing rooms. The gentleman that helped us was just the best, so patient and kind, I had 6 small children unexpectedly in his shop and he was a delight about it, bless him.  My daughters marvelled at your splendid range of darling dresses and shoes. We will definitely be returning. Thank you so much for your help. They all looked wonderful and it was thanks to you.",1743801677,4 months ago,en,6c65adda7408fb6cb4fe76af
ChIJpxTeIqdJDW0R3vCZtJqRGzI,Narnia Business,1,"READ THE REVIEWS. Only now am I doing that but there shouldn’t be this many 1 star reviews for a small company. The reviews say a lot about this business man!

Drove all the way here from the north shore only to be told yous are closed! Wasted my damn time and gas all because you’s couldn’t update your website opening hours! Thanks a frecken lot!",1740266221,5 months ago,en,d39f5b36c607c89260924ae5
ChIJdZdSYspNDW0RlaZ3g6poVGs,Just Cuts Ormiston,5,"It’s incredibly clean, spacious, and beautifully designed, making it a pleasure to walk around. There’s a fantastic variety of stores, plus plenty of great dining choices for any taste. The staff throughout the mall were friendly and helpful, and the overall atmosphere felt very welcoming and safe. Parking was easy and convenient as well. This has definitely become go to place for shopping, dining and just spending a relaxing day. Highly recommend!",1745830583,3 months ago,en,27a1b2d92253281bde1cce7d
ChIJdZdSYspNDW0RlaZ3g6poVGs,Richie,5,"A big thank you, from the bottom of my heart, to this kind person for coming back to me for my Bike issue, and even fixing it up. On the same note, Ormiston Town Centre Mgmt. was very helpful too. Both the parties deserve their praises and I wish to bless you both parties a lot.
OTC has its own charm and the best thing I liked was to be able to pass items for postage on a Sunday even if they leave on a Monday.
Chemist Warehouse, New World, Pak n Save, Stationers and Post Shop agency, Noel Leeming and Skechers are my favorite spots along with being able to get other things done too.",1753237929,3 weeks ago,en,888b1198b19dd756db4738a6
ChIJdZdSYspNDW0RlaZ3g6poVGs,Joss Bsons,4,"Ormiston Town Centre in Auckland is a modern, well-designed shopping destination with a relaxed vibe. It offers a great mix of stores, from essentials like New World and The Warehouse to boutique eateries and cafes. The food court is tidy and spacious, and there’s plenty of free parking available. It’s never too crowded, which makes shopping and dining here a pleasant experience.",1752791615,3 weeks ago,en,f2686e300d91d78537f05dc2
ChIJdZdSYspNDW0RlaZ3g6poVGs,Jim Jones,1,"Very nice complex with delightful businesses and mostly happy and convenient people . I've always enjoyed shopping here as it is my local shopping center.  Unfortunately I was wrongly accused and tresspassed for assaulting a staff member which almost made me blow my top. I'm not to sure who is in control of this premises but I'll make it very clear to you that I have been nothing but a good citizen and have served the ormiston community in ways that benefit the environment and social awareness. Unfortunately this is one of the most inconvenient , inappropriate and unprofessional behaviour I have witnessed in our society within auckland so far and I'm not impressed what so ever. I will investigate red badge and the operation of this premises further . Beware of throwing wild accusations as this could lead to an unwanted response and could lead to someone getting hurt if this behaviour continues all it takes is for your security to accuse the wrong person and the reaction may not be as kind and compliant as my own , just a friendly reminder for your security , doesnt matter what size they are those accusations could lead to serious consequence. Terrible",1754845541,in the last week,en,264bf53e709e42b6cd0875b5
ChIJdZdSYspNDW0RlaZ3g6poVGs,Therick Ram,5,"Reasonably new shopping centre, clean, cinema available, easy parking, New World and Pak n Save available, highly recommended, plenty of eateries and pubs as well",1744678662,4 months ago,en,2458a5acac943759976becd8
ChIJic3EJJBFDW0RkN5c63_-Vo8,Bhavi Sharma,5,Product arrived in a decent timeframe and was same as looked in the picture online. The quality of material is also great. Lots of varieties at a reasonable prices. Highly recommended online store for elegant Indian fashion boutique.,1741428322,5 months ago,en,8ba8e3fb9baadcd53f5856ff
ChIJic3EJJBFDW0RkN5c63_-Vo8,Pravin Patel,5,Amazing embroidery work and detail. Very happy with the outfit,1741461870,5 months ago,en,7a53547586891ae2c59d733b
ChIJic3EJJBFDW0RkN5c63_-Vo8,Dee Prints,5,Perfect in every way! Highly recommend Lehera Fashions,1741423806,5 months ago,en,66004c612ca44459a01eea9a
ChIJic3EJJBFDW0RkN5c63_-Vo8,Pitter Smith,5,Best cloth shopping website,1739293920,6 months ago,en,16abd9c312969c4049ae063a
ChIJb33g37tODW0RtRrSkuCBTow,Bethel McDivitt,1,Shop was closed. Was supposed to be open till 1pm,1751072655,a month ago,en,0bf72ee31964ac7817f6addc
ChIJb33g37tODW0RtRrSkuCBTow,Nadine Sanders,2,"Strange experience, nice young man tho",1522309972,7 years ago,en,ea802997863134c985086800
ChIJb33g37tODW0RtRrSkuCBTow,Darkhorse,5,Friendly service 👍,1684062687,2 years ago,en,e50bb929c4512eea907dae03
ChIJb33g37tODW0RtRrSkuCBTow,Chris Arambepola,5,,1734931064,7 months ago,,db8c77272b487beec12c38e7
ChIJb33g37tODW0RtRrSkuCBTow,Ronald Cole,5,,1713629557,a year ago,,49674f74e8180178397cb21c
ChIJBbu1zHxPDW0RnQX-nkoOZ-Y,Raneeta's LF,5,"Its the best place to be, great community and selections of store means you will find what you need whether its food, clothing, kitchenware and even a furniture place. The food places are amazing and reflects the different community that make up otahuhu.",1634087611,3 years ago,en,5070202b6f5450e3c90a2bc6
ChIJBbu1zHxPDW0RnQX-nkoOZ-Y,Mo Heketoa,4,"Heaps of Bargain discount shops mixed with Polynesian Clothing shops ,always a busy Main Rd,parking can be hard but overall a good selection of retail & food shops",1741682466,5 months ago,en,8ebe08642c71af0e1fed52b5
ChIJBbu1zHxPDW0RnQX-nkoOZ-Y,Rachel (Wissle),4,"Different and alot of stores to visit. Ranging from post shop to pacific island stores, 2dollar stores and general retail. Definitely check out what otahuhu has to offer!! Can be crowded for parking in the afternoons, lots of stores on the main street, great south also check out otahuhu food court!! Delicious food.
Bus station is available and handy nearby.
Can be a few rowdy or incompetent people around, not overly a clean area. Tbh.. apart from that the atmosphere is always busy",1704678009,a year ago,en,e60577799dc195f5023d4774
ChIJBbu1zHxPDW0RnQX-nkoOZ-Y,Christina Stinson,5,This is a cool place to have a Polynesian-style shopping experience! Loved the island print fabrics- clothes are reasonably priced and can be made to measure. If you've never been to the islands before -you need to pop in here !,1729538314,9 months ago,en,0ca73ebed0f330b9546593de
ChIJBbu1zHxPDW0RnQX-nkoOZ-Y,Losaline Ngungutau,3,Great stuff. Just too crowded with slot of stuff op top of another. But great stuff. Ot of the stores were chineseade in China stuff if your in to that kind of thing. Loved all polynesian stored tho,1733185678,8 months ago,en,f36a76260bd537a9fcc24d07
ChIJI2c6wTNJDW0RybNb0VvrtbQ,Shawn Signal,5,"Huntley was real good to deal with the team went above and beyond. When we hired the shoring. They were very accommodating.
Highly recommend this team.",1748414420,2 months ago,en,2563984f9a2eddb8018d9724
ChIJI2c6wTNJDW0RybNb0VvrtbQ,Michael Healey,5,"Top team, have been dealing with Mike, he goes well and truly above. Great products and awesome service.",1746518402,3 months ago,en,1d665aad9dace30abba24270
ChIJI2c6wTNJDW0RybNb0VvrtbQ,randall gerrand,5,Excellent service no hassles quick delivery,1754358607,a week ago,en,f3ed4bd98ba4a7b1b5703181
ChIJI2c6wTNJDW0RybNb0VvrtbQ,Sean Cure,5,"Bought a slim headlight from Mike 2 years ago, it has been super durable, from getting soaked everyday to getting run over by a bus (accidentally) still works just as good. Very happy with that purchase. Highly recommend",1724797760,11 months ago,en,e5479335742059b0aca76375
ChIJI2c6wTNJDW0RybNb0VvrtbQ,Oliver Murray,5,Good range of top quality products available. Excellent customer service. Always keeping you updated every step of the way. Thanks,1726437927,11 months ago,en,5a3302e630dbef0e8c9ef1fc
ChIJ6R04q4ZLDW0RSohxuO2avsY,Ellis Ost,4,"So happy to have found this spot — perfect for anyone hunting for decent quality kitchenware! If you’re looking for Chinese household items or cooking tools, this place is definitely worth checking out.

They’ve got a little bit of everything: a food court with various options, a supermarket, and rows of small shops selling all kinds of stuff.",1752225067,a month ago,en,5d36026fb648c978aec09a9f
ChIJ6R04q4ZLDW0RSohxuO2avsY,Harry Low,4,"This is a medium sized Food Court which has a few regional Chinese food, Vietnamese food and a Malaysian food stall 'KL Kitchen'

Food quality is pretty good & portions are fairly generous vis-a-vis the prices

On a saturday lunch time when we were there, it was moderately crowded.",1743821710,4 months ago,en,1adc97871357a46923c27b50
ChIJ6R04q4ZLDW0RSohxuO2avsY,Tammy-Jade Collymore,5,"I visited this warehouse-style complex to find an outfit for my 4-year-old to celebrate Chinese New Year at school. It’s not a traditional Chinatown like you’d see in other countries, but it has a variety of Chinese shops offering traditional wear and other hard-to-find items that you won’t typically find in Auckland malls or variety stores. It serves its purpose well and fills a unique niche. Plus, there’s plenty of parking, which makes shopping quick & easy.",1738378807,6 months ago,en,651ae19939ff0d7a820a9612
ChIJ6R04q4ZLDW0RSohxuO2avsY,Amanda Hausi,4,"This place is a curious blend. The food court earns high marks for its variety of authentic, budget-friendly Asian dishes—better than most suburban malls. But the rest of the mall feels tired, with many empty shops and a bland atmosphere. Worth visiting for the food, but don’t expect a lively Chinatown vibe.",1753263931,3 weeks ago,en,0fed7507e77db5d48a16e5f7
ChIJ6R04q4ZLDW0RSohxuO2avsY,Winning Holiday,4,"Great place to buy Chinese things!
Chinatown in Auckland is a very good place to buy Chinese food, snacks, and other items. You can find noodles, dumplings, sauces, and many other tasty things.

The prices are good and there are many choices. The people who work there are nice and helpful. I like going there when I want to cook Chinese food or try something new.",1744699795,4 months ago,en,5fe2d3e9c5165be27e09974f
ChIJhUOcTH1LDW0RlPifavN7ro8,Joss Bsons,3,Getting your oil changed is a breeze when it's done by Oilchanger—they make the process simple and hassle-free.,1752791769,3 weeks ago,en,fba603219b0613529a8619a2
ChIJhUOcTH1LDW0RlPifavN7ro8,Franjo Strajnar,5,There are various shops around including  asian supermarket. We like selection of fresh meat.,1754569109,in the last week,en,770c257f398fc01df1bbaf1b
ChIJhUOcTH1LDW0RlPifavN7ro8,Saag Lem,5,Done my WOF here. Best price in ALL of Auckland. Friendly staff and quick to respond to a customer's needs. Cheers,1745315398,3 months ago,en,7de69c43d7a69fc3293f713a
ChIJhUOcTH1LDW0RlPifavN7ro8,Mr E,2,Prices increased 25% for all services. 83 for a warrant now. I seen they charge 48 for a fluid check too. Won't be returning to vtnz ever again it was good in Wellington but this Botany one is way more expensive. Lots of mechanics around still doing 60 dollar warrants. No need to overpay here,1722719454,a year ago,en,1bffcef6cd8ed4046819280d
ChIJhUOcTH1LDW0RlPifavN7ro8,I Veronica M,3,I love the old shops early settlers etc but they have a new supermarket that's made the complex area messy and untidy.  Looks like they need to clean up after each day to bring the cleanliness up,1704247995,a year ago,en,507722daf764be14972dcbb9
ChIJy5rlU5JMDW0RCSJyJkqladw,Hamilton L,4,"Chapel Road Village in Flat Bush offers a variety of shops and services, making it a convenient spot for locals. While the selection is good, the complex can get busy during peak hours, leading to limited parking. Overall, it's a handy place for everyday needs.",1739980816,5 months ago,en,3fd19b37e5f94e957b168f0b
ChIJy5rlU5JMDW0RCSJyJkqladw,W Leith,4,"Convenient place to shop, food meat, dairy, etc.",1743128381,4 months ago,en,f60babb03cd9b5df768ee183
ChIJy5rlU5JMDW0RCSJyJkqladw,Richie,5,"Yes, been here to get some raw Pulses for our cooking style and some Liqour.
Visit was worth it and everything was so quick and so good to deal with.",1747007880,3 months ago,en,a72985a8f3970c04e72e852e
ChIJy5rlU5JMDW0RCSJyJkqladw,Young Natano,1,"Bakery great pies, and they also have crispy creme style donuts yum. Indian shop there is good as well. The dairy, well, that's where I gave ot a 1 star. Everything in this dairy is way over priced it's like double the price you are paying, then anywhere else.  Bakery and the Indian shop at the end are fantastic",1712972061,a year ago,en,fcbe84834aa506d89ab8a740
ChIJy5rlU5JMDW0RCSJyJkqladw,Kumaran Govender,5,"This establishment makes the best doughnuts, ja no seriously, we buy every Saturday (well almost). I'm sure Homer will gladly agree .",1726999505,10 months ago,en,25b42995474e48fe0180363a
ChIJUfmAbG9BDW0R4RCtphwZ6N0,Marie Young,5,"Cathy and her team are always so helpful and friendly to my mum.
Mum always gets a great haircut and blow waves.fabulous.xx",1751056277,a month ago,en,6abee98a6255c73debd56594
ChIJUfmAbG9BDW0R4RCtphwZ6N0,Nina Ash,5,Absolutely the best hair dresser in town.amazing customer services.ive been there for the 3rd time and again a awesome job on my hair.walk in with a messy hair come out looking like a queen.ill be back soon girl's.🥰,1747354600,3 months ago,en,e452241b0ea00112b50b573f
ChIJUfmAbG9BDW0R4RCtphwZ6N0,Tarrah Salt,5,Katie does the best brow shape and tint. All friendly welcoming staff.,1753176132,3 weeks ago,en,500525b2fc3942951a614dde
ChIJUfmAbG9BDW0R4RCtphwZ6N0,Renee Luke,5,"Professional service, friendly staff, clean salon, highly recommend especially for beauty treatments.",1750301331,a month ago,en,62a32291273ab3afcd8964aa
ChIJUfmAbG9BDW0R4RCtphwZ6N0,Elise McClennan,5,"I have been going to get my hair cut with Cathy and her girls for over 30 years now. Great, no fuss, easy conversation and knows what I like and does not push product. Uses her studio to house cool items and raffles which give back to the community.",1722251642,a year ago,en,a95d505de750c81ad013df76
ChIJ_QRgoYhGDW0Rz963HMMh3HA,Yusra,5,Kind and helpful owner! Very affordable prices,1754699053,in the last week,en,c953e4ab726af91190ba6a5d
ChIJ_QRgoYhGDW0Rz963HMMh3HA,Lauren C,5,"Great selection of spices, pre-packaged bags and also containers to select your own amount. Indian groceries, rice, flour,milk, bread, eggs, some fruit and veges available too. Good shop. The man working there is always friendly and helpful.",1724904295,11 months ago,en,dea329f9f8ef1908004e7723
ChIJ_QRgoYhGDW0Rz963HMMh3HA,Shweta Shah,1,Rude behaviour by owner . Went to buy a milk and I took with expiring in 10days and they do have which is expiring in 7 days but that my choice which one to get. The guy answered me rudely. Bad experience.,1730234627,9 months ago,en,101db2f5c930237cb409b474
ChIJ_QRgoYhGDW0Rz963HMMh3HA,VintageFurniture Revivals Delna,3,Going for years Uncle & sons are all very good,1728262830,10 months ago,en,314c1c9988c725fcc815e519
ChIJ_QRgoYhGDW0Rz963HMMh3HA,Charles Misquitta,4,Good Selection of Indian spices and groceries. the owner is a very decent and humble guy. Very close to home and also has Arabic bread and indian roti for sale.,1638912869,3 years ago,en,713dcc5a05e81546f3aed055
ChIJ0-4gpPJGDW0RUY3nD0-Pn1k,Colin Ward (Rata),5,"This is a very nice center. There are not too many businesses here.  I have been here a couple of times to the Roti Shop
But lately, to the Stoddard Road Physio Center. The Physio is very nice with very good Doctors.",1752656754,4 weeks ago,en,9f9435e53878a50e2c7ec610
ChIJ0-4gpPJGDW0RUY3nD0-Pn1k,Jayshree Dastracey,4,It's get scary on the steps but alright. Some shops and eatery nothing to rave about. Best shop is  Sona Sankar and the vault is great.,1742248505,4 months ago,en,f106d85d4331851ab0487a46
ChIJ0-4gpPJGDW0RUY3nD0-Pn1k,Amandeep Kaur,1,"The parking ticket , these guys are scum , I was at Jetts and came out before 2 hours but still got parking ticket . Please dont come here",1739409683,6 months ago,en,ec82f352706d047327c85ee8
ChIJ0-4gpPJGDW0RUY3nD0-Pn1k,Joy Biswas,4,"Not very big, a small place but having some very good Asian costume shops, one gold shop and few  very nice restaurants. Plenty car park down there.",1728418146,10 months ago,en,1294f9e55f7e38ea59e7e62d
ChIJ0-4gpPJGDW0RUY3nD0-Pn1k,Aleece Monkman,1,"Absolutely shocking parking situation. Be careful when parking here especially when going to the jetts gym. One minute over the two hour limit and they will send you a ""parking ticket"" with a flat rate of $65 that they hire a third party to enforce and get your details from NZTA. They take photos of your vehicle coming in and coming out of the parking lot. Extremely greedy and scummy.",1682129411,2 years ago,en,426d040790db1dba9b4801b9
ChIJ6_mMTKZIDW0RNVRjqWWS-9s,JINNY LEE,5,"I came across Hong Gil-dong Tours while looking into North Island tours when my relatives and friends were traveling from Korea.
I inquired to compare prices with other places, but the staff was so friendly and kind that I made a reservation without looking elsewhere.
Because the first impression is good
The guide who accompanied us, Shin, was also very knowledgeable about New Zealand's overall history and witty remarks, so we were never bored during the entire trip. The 4-day, 3-night trip to the North Island was also great.
Even though I live in New Zealand, I am so grateful to Hong Gil-dong, the tour manager, and the staff who made me feel the joy of traveling again.

Next time my in-laws come to Korea, please ask.",1744791171,3 months ago,en-US,efc2f23a309db8d8bd950f09
ChIJy3yGhBNGDW0R2MvE2Rzw-bM,Phoebe Sao,2,"Needs an upgrade, the outside still smells like urine. There was vomit on the floor. This place is so run down I don't know how it's still open.",1751187862,a month ago,en,c0f67a791d0fa9a09567fbda
ChIJy3yGhBNGDW0R2MvE2Rzw-bM,Pramesh Sundarjee,5,Top class service and excellent staff.,1747207163,3 months ago,en,be1b36740d555f79dacb6807
ChIJy3yGhBNGDW0R2MvE2Rzw-bM,Miss Chef's Kitchen,5,Nice experience. Good ambiance. Friendly staff.,1698719297,a year ago,en,b48e9116a2f33f686f9f0960
ChIJy3yGhBNGDW0R2MvE2Rzw-bM,Jeanpaul Garnier,1,"having been there yet,but it should be imminent,kiora",1746642861,3 months ago,en,e90aaad285129c60f3606ae4
ChIJy3yGhBNGDW0R2MvE2Rzw-bM,Aakash Virdi,1,"If possible to give minus 5 rating I would have given to this clinic. No wonder why they got such a low google ratings. If you want to be treated with respect and dignity and feel cared about, please do not come here!! The attitude of the receptionist name ""Mia"" is extremely rude even she doesn't know how to speak politely or (use please/thank you) with patients. The way she behaves, it feels like we have been living in the third world country, not in NZ. That behavior of Mia was literally racial.

I was the one who wrote a huge essay with 5 star Google ratings a couple of years ago, and now it's a total flip.

I never expected that I'll change my review here but thumbs down because of her 👎",1708806004,a year ago,en,0a059f714a7b246a3e8b1e45
ChIJmSUeXLJIDW0RIB3IrX3taHU,V C,5,"The Adidas store in Onehunga offers a fantastic shopping experience for anyone looking for quality sportswear at great prices. Located in the heart of the Onehunga Dress Smart outlet precinct, the store is spacious, well-organised, and easy to navigate. From the moment you step inside, the clean layout and clear signage make browsing a breeze. The store carries a wide range of Adidas products, including performance gear, casual streetwear, sneakers, and accessories for men, women, and kids. Whether you’re after running shoes, training clothes, or lifestyle pieces from the Adidas Originals collection, there’s something for everyone.

One of the biggest draws of this location is the pricing. As an outlet store, there are regular discounts and deals across the entire range, with some items marked down significantly from their retail prices. It’s a great place to score high-quality Adidas gear without breaking the bank. The stock turnover is frequent too, so there’s always something new to check out on each visit.

Customer service at the Onehunga store is consistently strong. The staff are friendly, knowledgeable, and always willing to help with sizing, availability, or product advice. They strike a good balance between being helpful and letting you browse in peace. The fitting rooms are clean and spacious, and the checkout process is fast and efficient—even when the store gets busy on weekends.

Overall, the Adidas Onehunga store is well worth visiting, whether you’re a die-hard Adidas fan or just looking for a good deal on top-quality sportswear. With its strong product range, outlet pricing, and excellent service, it’s one of the best stops for athletic wear in the Auckland area.",1751530972,a month ago,en,3b6ee437ab7e0d00291707ff
ChIJmSUeXLJIDW0RIB3IrX3taHU,sneha maharajan,5,"They had very special deals in the outlet. We are searching for running shoes for my kids, do visit many websites and stores. I could not believe myself that we bought 2 pair of shoes even better prize in the store compared to online and most importantly @ the range of 50 $. They do have lot of apparels in the shop, and the sale is going on..",1753564608,2 weeks ago,en,8e89b0138407d14f054eb075
ChIJmSUeXLJIDW0RIB3IrX3taHU,Carol Medina,1,"It is very unfortunate to have complained for only 39 dollars. But worst of all, it is not just 39 dollars. Add the return ticket I had to pay for today, June 19, claim that I was charged twice and did not want to help. I requested an email but they refused to provide it to me. I do not know by what other means to send you the proof that I was charged twice and that I have to go and show you once again that the bank did not give me anything back. They put a lot of emphasis on it, but Nooooo is still my account the same. Do you know that people are going to the outlets to buy cheaper? I mean, I bought it on June 18, I went to June 19 today and I should come back? If they do not like to serve their clients, I recommend changing jobs. I also find it hard to earn a living to tell adults what they should and should not do. I do not know what they believe. I even asked them for the names of those who attended me, and they did not want to give it to me either. Same on the bill, says Tracey. I guess Tracey was the one who attended me on the 18th and today the 19th I do not know, it must be a state secret.",1750314494,a month ago,en,6eee00fe7378989bdb02d3c9
ChIJmSUeXLJIDW0RIB3IrX3taHU,Guinevere Hugo,5,Josh helped us pick out a pair of gym shoes. He was fantastic. My husband loves his shoes. And Josh’s customer service was nothing short of amazing. He was kind and genuine.,1748564925,2 months ago,en,7c91067c74e0f0bdd6737f19
ChIJmSUeXLJIDW0RIB3IrX3taHU,Frances Brock,5,Good selection for an Outlet store. Staff are so friendly and helpful! Bring extra hands to carry your bargains.,1735773360,7 months ago,en,4d375bb58deaa45fcb665fd5
ChIJS_-80UdJDW0RAVGCfFNcWgo,Paul Martin,3,Itll be a shame to see Torpedo7 go. Only Torpedo7 clearance gear at a sale price. Bit of a wasted trip tbh.,1743729123,4 months ago,en,614f52159d5fac03b81f3459
ChIJS_-80UdJDW0RAVGCfFNcWgo,Darren Hurford,3,"It's a bit chaotic at best, lots of shops but meah💁‍♂️",1752987700,3 weeks ago,en,ddf99e2459b84c5400ee70a1
ChIJS_-80UdJDW0RAVGCfFNcWgo,Julie Harris,4,"Wasn't overly busy, great atmosphere",1746094005,3 months ago,en,af9754fa35b06a30de7cb115
ChIJS_-80UdJDW0RAVGCfFNcWgo,Donna Streeton,5,Ample parking.  Makes shopping easier,1750810118,a month ago,en,4b6bc2375dcb4707a3d80a34
ChIJS_-80UdJDW0RAVGCfFNcWgo,Cheri Andrews,5,Nice place if you're after something particular.,1740125294,5 months ago,en,423497f24a45002436f85e43
ChIJS_-80UdJDW0RT2Tg9yXE8fs,Gordon Finlay,5,,1662130835,2 years ago,,e01b88cd156f5209fb05b9fb
ChIJS_-80UdJDW0RT2Tg9yXE8fs,SAC Hotel,4,,1656117808,3 years ago,,6b7477020a627da81df17e4a
ChIJS_-80UdJDW0RT2Tg9yXE8fs,Matthew Huggins,5,,1632633949,3 years ago,,a1fc669ad6100f0efd8f22c8
ChIJ2YxMszFLDW0RXc9zIlvgsVI,Tracy Allen,1,"Avoid the Burger Fuel, worst service ever. 30mins for two burgers and fries not even busy. The person making the burger had no gloves on would then serve at the till touching everything then go back to the burger. Motorbites cooked to the max Kumura fries cooked to long. 2 staff on maybe need more. Only a Monday so not a busy night. Tried to call the store no answer.",1657516799,3 years ago,en,f4dcaf2665d9e1f1db49be8d
ChIJ2YxMszFLDW0RXc9zIlvgsVI,Leyton Hackney,5,Nice wee plaza. Good selection of takeaways and the friendliest Burger Fuel around.,1725248103,11 months ago,en,2fe3566a863ab949665b5a4a
ChIJ2YxMszFLDW0RXc9zIlvgsVI,Jonathan Aitken,5,"The Thai and Malaysian restaurants are well priced and the Kai is good. There's a Burger Fuel too, bit of a shame the Asian grocery shop is now a discount chemist place.",1651705173,3 years ago,en,bf2232a8ea4dd71425f510cf
ChIJ2YxMszFLDW0RXc9zIlvgsVI,Benedict Uy,4,Nice place to stop by if you're looking for something to eat. It's located across the road from Pakuranga Plaza so it is convenient for those heading East from the South Eastern Off Ramp. Plenty of options and there is also an Asian Supermarket,1530694182,7 years ago,en,da52b08a4dad1b066bee3b17
ChIJ2YxMszFLDW0RXc9zIlvgsVI,Nav Jote,3,"Good to see a chemist warehouse on the way home.
Else we would need to go to Botany.",1703714455,a year ago,en,345622b7cae87e941732d006
ChIJEfNoP-lLDW0RP3M8GBc79LQ,bhullar gurkirat,4,"Pakuranga Town Centre is a convenient local hub with a good mix of shops, services, and eateries. It’s not a massive mall, but you’ll find the essentials here—Countdown, The Warehouse, pharmacies, banks, and a variety of Asian food options, which are a real highlight.

Parking is usually easy to find, and everything is within walking distance. The centre has an older vibe compared to some newer malls, but it’s clean and functional. It’s perfect for quick errands or casual shopping without the crowds.

Would love to see a bit of a refresh or upgrade in the future to modernise the space, but overall, a handy community spot that serves its purpose well.",1753327691,2 weeks ago,en,06d451f92cf5b599d78eee9c
ChIJEfNoP-lLDW0RP3M8GBc79LQ,L C Dee,2,"How disappointing and sad to see the state of this Mall. The food court is literally empty except for Subway. Shops at that end of the Mall are empty and being used to store stock and furnishings for the Team Panda shop which has moved into the old Farmers store. It’s a complete eyesore seeing these shops used as warehouses. See photos below! What has happened to the standards of the old Pakaranga Mall? Is this really the future of the Mall we can expect to see going forward? Surely not!
The shops at other end of Mall by Supermarket take pride in their presentation thank goodness. 👏 ⭐️",1713782253,a year ago,en,afee83263e8190b659c0161d
ChIJEfNoP-lLDW0RP3M8GBc79LQ,adesh pal,3,This is very quiet place the mall inside of is half empty with just few shops open  most of the businesses inside is closed. But now a days the have a new mart opened which is very good and cheap buy you can find almost all necessities things for home decor at very good prices.,1709884903,a year ago,en,ec640696e4ced5e3a60e7150
ChIJEfNoP-lLDW0RP3M8GBc79LQ,Parmod Dutta,3,"Mall is bit quite, but still has some good stores",1747802934,2 months ago,en,04c03f30ef2c2731213290d4
ChIJEfNoP-lLDW0RP3M8GBc79LQ,Kev,1,"Sadly this place is in danger of becoming a abandoned place, and maybe become a subject for  ethusiasts like on Youtube.
Over Half of the place is closed up, the food court just has 1 or maybe 2 stalls left with woolworths and panda mart the only main players there.
With a new flyover been constructed to go over the plaza who knows what the future holds.",1751927209,a month ago,en,b96f91d268e881e3b0a13e23
ChIJvRlTeSBJDW0RrjK3rDy2XR0,Benedict Uy,4,A small courtyard area just off Pilkington Road. It has entrances to multiple busineeses as well as a carpark for the area. The place is close to the bus stop and has a playground and plenty of seating.,1644287495,3 years ago,en,30e08a4b373a949315c4b2df
ChIJvRlTeSBJDW0RrjK3rDy2XR0,David Smirk,4,,1712378746,a year ago,,51e20a03034271517891db2c
ChIJExZTv_JLDW0RVmdiNEYY6Y0,Angel Williams,5,"The bakery has very nice food, great pies, and all sorts of lovely sweet items. Their food is very tasty. I highly recommend this place..",1752208986,a month ago,en,6b029ace2398aa47a3ec4166
ChIJExZTv_JLDW0RVmdiNEYY6Y0,Hone Arohaina Tetopa Thorpe,5,"Great for a quick shop on the way home. Awesome bakery. Fantastic takeaway shop. Excellent dairy, bottle store and hairdressers.",1737867808,6 months ago,en,9df24ba96f7ddd13fe0b47d5
ChIJExZTv_JLDW0RVmdiNEYY6Y0,Mark Roland,5,"The Bottle store owner and dairy owners are very friendly/ welcoming and have specials on.
The take away is not bad but need to stipulate what fish you want or get served shark, the bakery is great and can make to order rolls for those parties in advance.",1706649716,a year ago,en,8e38ec5d0c09718e5e59e382
ChIJExZTv_JLDW0RVmdiNEYY6Y0,Keith Caetano,4,The dairy and the bakery are top notch. I regularly go there and both shops are super friendly and have great food.,1730844906,9 months ago,en,84ba388e61680fd6bfee14f0
ChIJExZTv_JLDW0RVmdiNEYY6Y0,Leon Julian,4,"A local shopping strip; has G'd hairdresser, superette, local bakery, grog shop and f&c takeaways. I'd rekon 8/10 ok; n0  maj complaints - U can get lotto/ games @ superette.",1644819127,3 years ago,en,bdd02a12034179851f554bdb
ChIJuSKMTnRLDW0R0_oVtDGLkVI,Andrea Cooper,5,Excellent service and fruit and veges … love to support local … such friendly service,1741385427,5 months ago,en,d2fa2805fe68a06a1b8eee5f
ChIJuSKMTnRLDW0R0_oVtDGLkVI,Rose Clark,5,"Love this vege store. Prices are great and service always friendly.
Lots of herbs/nuts/spices and other foreign items that are hard to find at chain supermarkets. Highly recommend.",1725769430,11 months ago,en,8d32ba8ec7facdfd53cfd67e
ChIJuSKMTnRLDW0R0_oVtDGLkVI,alan hamilton,4,"I actually haven't really heard of an outlet by the name of Fresh Point but I know it's actually really good, and it's also quite an amazing place to buy good produce and it could actually be one of the best fruit and vegetables shops I've ever been to.",1660527740,2 years ago,en,e516ace9e7ff7441ef5bc62b
ChIJuSKMTnRLDW0R0_oVtDGLkVI,mo A,4,"Decent prices and good quality vegetables and fresh fruits
Very friendly staff",1568626190,5 years ago,en,fe50a2db71917a02e36b0948
ChIJuSKMTnRLDW0R0_oVtDGLkVI,raptstlz,5,"Quality, cheap prices and a very big selection. Cheap milk too which is great! Highly recommend.",1607827246,4 years ago,en,ac50ec095d38b5d121ca61dc
ChIJr-4xFq9LDW0RKYT4I3d89oE,RUIYING LI,5,Customer service is very good. Service is also very good.,1681424183,2 years ago,en-US,471c0911a57b198bdb32cb4b
ChIJFwT79S9LDW0RRbzNCuOXovs,David Koh,4,A nice little Asian place where you can find quite a few Asian stores and take out shops.,1746660455,3 months ago,en,253c54431181428db0810acb
ChIJFwT79S9LDW0RRbzNCuOXovs,Susan Liew,5,"Best roast duck place, bakery there, vegetables shop.",1706322854,a year ago,en,b7b96304afc35139cd1eb86f
ChIJFwT79S9LDW0RRbzNCuOXovs,Allen Wu,5,Lots of Asian stores including a little Asian mart too,1710554514,a year ago,en,0b9b3dc8410e0ebf22107abf
ChIJFwT79S9LDW0RRbzNCuOXovs,Albert Ip,5,A good place to shop for Chinese food.,1695461844,a year ago,en,9a1260bb4a2cd395c28789f7
ChIJFwT79S9LDW0RRbzNCuOXovs,Xiao Ting Hua,4,One stop all shops meet your needs,1726034814,11 months ago,en,45a7e6df381279a355fb7f1e
ChIJbzQENEZLDW0RhBrHVhN3Ris,Hamish Dorrington,5,"Great Lotto shop with awesome owners nicely positioned outside the Countdown. I can tell this store is right on the brink of a Powerball winning ticket. I can just feel it…

Hamish Dorrington
Kakapo Business Sales",1688688255,2 years ago,en,443e9ec90ba26b89163e2335
ChIJbzQENEZLDW0RhBrHVhN3Ris,Jagath Nugadeniya,3,Good and friendly lottery dealer. Many clients coming.,1522902792,7 years ago,en,8595a1ccbc6cf81f763a0a64
ChIJbzQENEZLDW0RhBrHVhN3Ris,Jason Tan,5,"Sashi and Kamal- Very good customer service approach, Friendly, Down to Earth guys. Good Work. 5 Stars! :)",1606709286,4 years ago,en,6da2260277cb8c18026e00b9
ChIJbzQENEZLDW0RhBrHVhN3Ris,felix zhu,5,"Great service, the owner is very chatty.",1697835199,a year ago,en,6adfbf5e6a588749d0b9a330
ChIJbzQENEZLDW0RhBrHVhN3Ris,Bill Taylor,5,Nice people good service and easy parking.,1605756871,4 years ago,en,be21927d6083439d79b3581f
ChIJ8xdByShLDW0RRGg8W_jVlBE,"PJ, SMJ & DNJ",4,HOP...,1728699292,10 months ago,en,19b01a2ec305e3cd20dc29fc
ChIJ8xdByShLDW0RRGg8W_jVlBE,Maddy Smith,5,Loved the Village hop,1552442668,6 years ago,en,60cddd6f8ba3588ee53c3098
ChIJ8xdByShLDW0RRGg8W_jVlBE,Al Grant,5,Very nice people,1547282313,6 years ago,en,f14d105b6ddaddc75fe92367
ChIJ8xdByShLDW0RRGg8W_jVlBE,Joy wong,4,"Warm salty or sweet pancakes are delicious, we recommend the bacon and green onion pancakes and green tea coffee",1657492028,3 years ago,en-US,8cbf3637fea224c5a3d3f8ec
ChIJ8xdByShLDW0RRGg8W_jVlBE,Tyler Davis,5,,1694713361,a year ago,,ddd4470b321b9e95e9ae73ab
ChIJQe2yyChLDW0Rm11YXpL2smw,Glen Hill-Willis,5,"Great collection of boutique shops, just off Picton Street.",1706154154,a year ago,en,9940798e6abc79fd4288f7ea
ChIJQe2yyChLDW0Rm11YXpL2smw,Rob Finn,4,"Good variety of shops  from florists, barbers, 2nd hand goods, key cutting and more. Always a bargain to find and the hobby shop is fantastic for buttons an sewing, knitting and handcrafts.
We're so lucky to have these shops!",1664849498,2 years ago,en,eebc44d40693b2b9c0a9ba8a
ChIJQe2yyChLDW0Rm11YXpL2smw,Mathilde Noordzij,4,"Cute little corner of Howick as a walk through from the carpark to the main shopping street. A couple of very good op shops, Salvation Army, Hospice and a more boutique one from the ME/CFS support organisation, with some neat artwork and good clothing, also a cute little cafe with a real community feel.
There is a community piano, if you’re feeling particularly musical, a key cutting and engraving shop and an emporium for the crafters under us. Plenty of parking and lots of great coffee and food places in the Main Street.",1660265817,3 years ago,en,7ef434e53ac3e2158fa9be5e
ChIJQe2yyChLDW0Rm11YXpL2smw,Kerin Gedge,5,To get from the car park to Picton St this is a wonderful short cut.,1737440292,6 months ago,en,93a8cff98c59c65627839dc9
ChIJQe2yyChLDW0Rm11YXpL2smw,Esmay Selwyn,5,I always go to Howick Men's hair dressers for a haircut.  Marie cuts my hair and she is always worth the trip over.  Makes a lovely job and great service thanks Marie,1605939830,4 years ago,en,3a4d6bd1a5eb97bad00e1d93
ChIJKxQSwYNqDW0R6vnHmNwuWjM,Shannon Inu,5,"Been using this laundromat for years.  Good owners, great service & very efficient. Take my washing nowhere else. 💯👍",1719537980,a year ago,en,9ceea365d94f0513422aaa5b
ChIJKxQSwYNqDW0R6vnHmNwuWjM,Fred Ulberg,5,"Awesome  people  there
Very helpful",1749597077,2 months ago,en,37b509fb8f560d0c570d4fe9
ChIJKxQSwYNqDW0R6vnHmNwuWjM,Hana Reihana,1,Not very good at this laundry mat my daughter in law dropped the power on the floor she sweep it up owner said to put it in our washing will not be coming back here again,1665792863,2 years ago,en,a1538e7d4b5eb32047107028
ChIJKxQSwYNqDW0R6vnHmNwuWjM,LJ,1,"Complete and utter rip off.
Consumers beware these owners will cut corners they charged 30 dollars and wen we got home we found half our clothing was still wet. Never again. They over charge and they did it more then once.",1524961966,7 years ago,en,22fc3ca77f8c689fafe8c739
ChIJKxQSwYNqDW0R6vnHmNwuWjM,Tauai Eka,5,I have been using this laundromat for years wonderful friendly owners..,1666555740,2 years ago,en,3f58bd302506732741ef5564
ChIJ554ImrNBDW0R910mtUnpvZo,Janet Butler,5,Great place for shopping,1544297479,6 years ago,en,fffc5ad164d751b3b87be6fd
ChIJ554ImrNBDW0R910mtUnpvZo,Maria BRADY,4,Great shops under one roof,1563472246,6 years ago,en,4bb28763c3dd42243bda8a9e
ChIJ554ImrNBDW0R910mtUnpvZo,Janet Butler,5,Great place and great for families,1547189865,6 years ago,en,5e1e16978b9a74b7ee463885
ChIJ554ImrNBDW0R910mtUnpvZo,GABS SHALLOM,4,,1578897895,5 years ago,,6c08210b66e5ca9dff38b1b3
ChIJ554ImrNBDW0R910mtUnpvZo,Mark Lee,4,,1578737452,5 years ago,,f2ca2dd5a383fd077fef4ec7
ChIJq6FAdwBBDW0RmM5sWm9A6E4,Reuben Simpson,5,A small range of food places and general shops.,1703722370,a year ago,en,6c332c0053244668bee312e5
ChIJq6FAdwBBDW0RmM5sWm9A6E4,Dexter Repolona,5,Awesome service 👍,1741429800,5 months ago,en,46de17ab30cd51bc0314e08c
ChIJq6FAdwBBDW0RmM5sWm9A6E4,Aleena WeiWei Solepa Avanytele,5,💛💛💛💛💛💛,1717695456,a year ago,en,92d643e0298e2324ed40969e
ChIJq6FAdwBBDW0RmM5sWm9A6E4,Rosco,2,,1753328840,2 weeks ago,,b26f7adeaf0ae9a98d3a319f
ChIJBcQuN-RHDW0RxwfUEI_qJSQ,ly lee,5,very nice!,1687221752,2 years ago,en,ef90b377e4dabb8efeb2e5ff
ChIJBcQuN-RHDW0RxwfUEI_qJSQ,Morris Meng,2,,1642235271,3 years ago,,9364865f605d86775b935eb9
ChIJYTjpMjxHDW0R8UWGXlYMB58,Alex Tjahjana,3,"Plenty of car park, though some of their traffic management is a bit confusing. The building is a bit dated, and visitor traffic is a bit low. Have a chinese souvenir shops, a supermarket, a fish shop, and a chinese restaurant inside.",1550617243,6 years ago,en,f9de1645bdf977fd4e45341c
ChIJYTjpMjxHDW0R8UWGXlYMB58,Jason dc,3,Mostly caters for Chinese,1613699220,4 years ago,en,2b00e271fb021bf1806a23c1
ChIJYTjpMjxHDW0R8UWGXlYMB58,Ioane Taulauniu,5,,1746916003,3 months ago,,effff5ce6d25fb8663ae9bf6
ChIJYTjpMjxHDW0R8UWGXlYMB58,Itallo Feitoza,5,,1736231376,7 months ago,,bd7835d154642c64816f7db1
ChIJYTjpMjxHDW0R8UWGXlYMB58,Mary Grace Marimla,5,,1713856306,a year ago,,3b42030007987a7a912df4b4
ChIJp68umiJHDW0RF-FZMeTYA2E,Joanna Wood,4,A great op shop in this arcade. A post shop. A couple of $2 shops. Mud Pie Deli Cafe on the corner of arcade. Short cut through to Countdown.,1747394396,2 months ago,en,e1dfca96fe09572c65bda348
ChIJp68umiJHDW0RF-FZMeTYA2E,Matilda “MAH” Hall,5,Love my local mall has what I need to get from there & do.,1748405882,2 months ago,en,b424262a3f4539cd7f1c03c8
ChIJp68umiJHDW0RF-FZMeTYA2E,b marsh,1,"Please the Mall and All shop frontages etc really need a good wash and scrub!!!
Who is in charge of this??",1743197116,4 months ago,en,5ca305070ee2e4128922b48b
ChIJp68umiJHDW0RF-FZMeTYA2E,Mary Dawson,1,"Shocking condition, rubbish bags at entrances, broken signage, dirty tiles, tenants demoralized and closing down. Noone seems to be able to make the owner accountable.  Local board not able to make much difference.",1730686476,9 months ago,en,72fa757f5b7c59c370890e04
ChIJp68umiJHDW0RF-FZMeTYA2E,Alan Singam,2,Old and lots of homeless people. Need LED lights to brighten up the place and coat of paint,1740881254,5 months ago,en,77f91d7fbecb4238d40d95db
ChIJYwgJvSJHDW0RrFLcg0L2HTk,KTC Yeung,5,"Regular visit to this shop.  The owner lady is nice and kind, always help to look for the things I need.  Products are cheap and in good quality, if somethings went wrong she's always happy to have an exchange.",1611545207,4 years ago,en,41d14041e0d72a85bec41463
ChIJYwgJvSJHDW0RrFLcg0L2HTk,Katherine Lee,5,The shop is organised and the workers are welcoming. Good customer service. The prices are very good too.,1613121264,4 years ago,en,fb71315e8fa526a4437b8471
ChIJYwgJvSJHDW0RrFLcg0L2HTk,yunyue fang,5,Children like the toys here. I can alway find small items I need. The Owner is Very friendly.,1619046010,4 years ago,en,b185f3fadde4e691cfb057e9
ChIJYwgJvSJHDW0RrFLcg0L2HTk,An Nguyen,5,many things in need can be found here at very good price,1614766684,4 years ago,en,c8a0a0f68df9b2da444a065c
ChIJYwgJvSJHDW0RrFLcg0L2HTk,Paul Larsen,1,Very rude and unhelpful owner. Avoid.,1655519374,3 years ago,en,0107f3f4c9e1ef1ec3890435
ChIJSYbn6khHDW0RBg4L_kF-EPc,Himani Singh,5,Found this lovely dress from pagani really like it. They always have fashionable and stylish dresses for every occasion.,1752533311,a month ago,en,1291e310ae4dbe9c2a0cc5fa
ChIJSYbn6khHDW0RBg4L_kF-EPc,Karen Young,3,"Absolutely pathetic not to have a decent bag, not three dollar ones when you buy a nice dress. Unacceptable!!",1738120756,6 months ago,en,2b3b8a297855964340043c40
ChIJSYbn6khHDW0RBg4L_kF-EPc,Jasmine Prajapati,1,Worst shopping experience ever the lady there was playing musics in such a loud volume nobody wanted to stay in the store for a minute not helpful at all,1731388671,9 months ago,en,07f74052d6bf8fca16040811
ChIJSYbn6khHDW0RBg4L_kF-EPc,Antz,5,Service is outstanding,1734777820,7 months ago,en,c1aabf47cc0e509183a6833a
ChIJLb-Yz05GDW0R7s0wrgtnxWc,Terina lee,5,It was a very pleasant shopping experience!,1738980273,6 months ago,en,4b303a9c1f5a67f0b370ad65
ChIJLb-Yz05GDW0R7s0wrgtnxWc,c m,3,not the same price with other health element store nor the price on health element website.,1526374026,7 years ago,en,d99b7d5ba79c4efbf8f5e52d
ChIJLb-Yz05GDW0R7s0wrgtnxWc,Lily,5,nice,1733713274,8 months ago,en,597e81f631b7f3761b4ff592
ChIJLb-Yz05GDW0R7s0wrgtnxWc,boxuan Li,2,"The first day we spent nearly $1,000 (the lady boss had a very good service attitude), but the next day I brought my friends and the staff had a bad attitude, ignored the guests, and gave perfunctory answers to my questions. It was not a very pleasant experience.",1687590655,2 years ago,en-US,dc21311ef617b1901a889f3a
ChIJLb-Yz05GDW0R7s0wrgtnxWc,Jeffrey Qin,5,The price is very favorable and the attitude is also good,1521605194,7 years ago,en-US,d87bf8234724c173e04d6971
ChIJyzQeVndIDW0RnN1XSTkCves,Naiomi Te Maro,4,Plenty of shops' like this suburb very much plentiful stores to look at,1744232668,4 months ago,en,67115d19fea01303bb1f2520
ChIJyzQeVndIDW0RnN1XSTkCves,Landyn Frisby,5,Who would have thought a street would get its own review,1662782836,2 years ago,en,d1b72a73954983cc4f938a35
ChIJyzQeVndIDW0RnN1XSTkCves,Leon Kingsley-Smith,5,,1731533263,9 months ago,,7d4eceec4be378f59a027030
ChIJyzQeVndIDW0RnN1XSTkCves,Zain Ali,3,,1717581712,a year ago,,201b26879f7988d59dccfa45
ChIJyzQeVndIDW0RnN1XSTkCves,Robin Makkar,5,,1701076235,a year ago,,e91f6609af6262bfa731bfe8
ChIJMYDGoQtJDW0R2EZRxUFQtgQ,Nesh khalifa,5,"Big shopping center. It has restaurants, warehouses and shops. Heaps of carparks here. Looks nice and clean the place. Well maintain. The parking got electric charging station and bike locks stand. Got a public toilets. Small playground for kids. Keep it clean and tidy.",1720391573,a year ago,en,ab86863febb26d161af721cc
ChIJMYDGoQtJDW0R2EZRxUFQtgQ,Maria Robertson,4,"Lots of good shops, especially food 4 you. Parking can be a pain when it's busy.",1744182477,4 months ago,en,e6592754022b9a459faccc54
ChIJMYDGoQtJDW0R2EZRxUFQtgQ,Benedict Uy,4,"A nice series of shops located on one end of Lunn Ave. They have plenty of dining options as well as shopping and groceries. Most of the food places are on the McDonald end of the area.
There is plenty of parking and quite easy to get out of since there is a set of stoplights by McDonalds.",1701846530,a year ago,en,1bd5d65c1a082f9dc1c297a1
ChIJMYDGoQtJDW0R2EZRxUFQtgQ,Pranesh Chand,5,"Heaps of shops around.
Very clean carpark.
Heaps of parking .
Toilet looks nice and shine ✨️",1687304122,2 years ago,en,625e405f40c4e7d35d89a6ae
ChIJMYDGoQtJDW0R2EZRxUFQtgQ,Jackson Whitham,5,"Great access, plenty of parks. A great new addition to the neighbourhood",1589499492,5 years ago,en,044b3d0fe7ef1168da3ce636
ChIJU5Wj7XdJDW0RsPlb5Yt5qeI,MG,4,Very quiet place with plenty of parking. There are few good restaurants and wine shop. There is bakery called Gateau which sells cakes and pastries!This bakery is the only one where you can find less sugar pastries!,1714372123,a year ago,en,636213b209797b301da3e9e0
ChIJU5Wj7XdJDW0RsPlb5Yt5qeI,Brenda Parata,5,"The Gateau shop is amazing.   Been there twice and loved both.  No dry sponges here,  they taste as good as they look.",1716507185,a year ago,en,f5dc5f6a15ca66b47e76162e
ChIJU5Wj7XdJDW0RsPlb5Yt5qeI,Raj H,5,"Service, beer and food is ALWAYS GOOD. I dont think I've had a bad experience here, we've had company lunches here on and off since it opened. Beer is fresh, best place to try them. Great pizzas and burgers.",1655375005,3 years ago,en,5152b6581c747dad7b212528
ChIJU5Wj7XdJDW0RsPlb5Yt5qeI,Dennis Bailey,3,"I liked the  coffee  my partner  didn't   again  nice  pie  ,, I seem to  eat a lot of  pies around the  places I  go",1699389608,a year ago,en,388f0436fbc3f5f360d48299
ChIJU5Wj7XdJDW0RsPlb5Yt5qeI,Vanessa Stephenson,5,"Big Fish is the best Asian fusion, great parking",1724812163,11 months ago,en,bd97b92735aa0a25d15c0c27
ChIJ04jFZFS1cm0RjCaU6uIWLeo,Bruce Vickers,4,Dropped by this lovely & relatively new small shopping center. Has most of the things required being that far out from Auckland. Facilities are reasonable but could be better.,1750212099,a month ago,en,bc16e73b124c153d7068af54
ChIJ04jFZFS1cm0RjCaU6uIWLeo,Jessica,2,"I went to Pohutukawa shopping center and used the public toilet the other day, there was a guy inside the ladies fixing the ceiling but no sign outside, it made me very uncomfortable, and the toilet smells.",1677296281,2 years ago,en,7fe055d0078527d7c56513b2
ChIJ04jFZFS1cm0RjCaU6uIWLeo,Lynne P Hazelgrave,3,This centre just has the basic shops.,1718014105,a year ago,en,dd379ed11772f4f2f77caa5e
ChIJ04jFZFS1cm0RjCaU6uIWLeo,MG,4,Very quiet shopping Center with few shops,1696737200,a year ago,en,9d3dec915976c28b49887d50
ChIJ04jFZFS1cm0RjCaU6uIWLeo,Mary Wright,4,a good local shopping center,1541542446,6 years ago,en,1adcf7a526e21d3149a92826
ChIJNY3dqEFADW0RTxn_5aUDGYw,Shayne Dodd,2,The checkouts are always full. You are always 4th or 5th in line around 15 mins wait. Not that much variety despite the size of the store. Would improve with self checkouts.,1750746219,a month ago,en,64d1089db819f154058277ad
ChIJNY3dqEFADW0RTxn_5aUDGYw,Ed Heineke,4,The only problem is only one toilet for customers. Management has been advised numerous times that this is not good enough with so many customers using the store but clearly is being ignored. Apart from that a great store.,1745039766,3 months ago,en,9a5eee66739b9c7a674fe416
ChIJNY3dqEFADW0RTxn_5aUDGYw,Afano Faamoe,5,"I came in to see if Lamb shoulder roast was available but none on display so asked a staff member in Butchery for assistance...I was very impressed seeing the Duty Manager Jack working and organising the displays in the Butchery dept..therefore asking Jack if they had $100 worth of lamb shoulder roast and Yes! he replied so happily and went straight behind the scenes to organize this for me..
I am so very pleased and totally grateful to know that the Butchery Dept is being taken care of by their leader Jack who is the Duty Manager of the entire store..
Great management make great customer experience and satisfaction..
Sending me off with a ""Have a good day"" made me smile...
Big ups and a major Thank you to Jack..
Duty Manager who cares about his customers..
My last experience wasn't a good one in Butchery but totally had a 360degree turn knowing Jack was overseeing this Dept.
Great job!!",1708720803,a year ago,en,624159e538577714dca1b6e3
ChIJNY3dqEFADW0RTxn_5aUDGYw,Nalina Nand,4,"It was the holiday season and a very quiet time . The place was not busy, and we managed to get a few items easily. We love shopping here to get our gardening stuff. There was no one around to assist  us to load some potting mix and compost. They were heavy, but we managed ourselves. The staff at the checkout was friendly.",1703765188,a year ago,en,7ea92ca7a97da163b5fb2f5b
ChIJNY3dqEFADW0RTxn_5aUDGYw,Amy-Grace Rave,5,"Lots of parking ,. And lots of space to walk around and shop. Gets quite busy so the shops welcoming",1752569524,4 weeks ago,en,878f489a8bff6759d2538074
ChIJk70hb-dBDW0RR3em_5UqYxU,Cambull Terrier,4,"Nice little atmospheric cafe! Very busy which is a good sign!
Good selection of food and drinks!",1705798736,a year ago,en,4044ce816019a647e07d4062
ChIJk70hb-dBDW0RR3em_5UqYxU,Kay K C,5,Love this place and the people who work here. Always a good chat. And of course this is amazing for the environment!,1611641915,4 years ago,en,f5c8ac96a28fbfd906b21b72
ChIJk70hb-dBDW0RR3em_5UqYxU,Jessica Verstegen,5,Great services and the team!!,1734327760,8 months ago,en,f9ac6daad233d2745e12dc55
ChIJk70hb-dBDW0RR3em_5UqYxU,Chris Skinner,4,Sugar grill cafe is awesome,1700723040,a year ago,en,b9f8991962ff2757bc44b391
ChIJk70hb-dBDW0RR3em_5UqYxU,Janita Jenni Kira Boulton,5,Nice bread.,1720912394,a year ago,en,5f9dbe45c2b5272fa502c551
ChIJOTBTM-VHDW0RllMMI1xsogo,Vanessa OuYang,5,Very good price. The staff introduced products clearly.,1549448189,6 years ago,en,0b75ca33fdadd69a15be3801
ChIJOTBTM-VHDW0RllMMI1xsogo,Liang Guo (橙子),5,,1557118677,6 years ago,,ad45745facd72c0d00d3a88e
ChIJOTBTM-VHDW0RllMMI1xsogo,Zoey Zhou,5,,1550645889,6 years ago,,90fc4fc60eb2a9731ed8714b
ChIJOTBTM-VHDW0RllMMI1xsogo,Tim Lee,5,,1516164387,7 years ago,,67fbe91042688f953b036af5
ChIJ3TYd0-RHDW0RjdRZUxrm61Y,Edric逸尘,1,"At one counter, a woman who jumped in line analyzed what 5 yuan could buy. Then she would add health products via Alipay, and exchange 4 yuan in cash for suet. Well, I went to another counter. The other counter was just there with his head down and counting things. After a while, a woman came and started chatting. Can I wait for 10 minutes to buy something and no one will care? Four employees in the store have time to analyze what IP address is in the store and then no one can pay for anything? Then I won’t buy your stuff.",1564649123,6 years ago,en-US,926d289bd158a5590d12d79c
ChIJ3TYd0-RHDW0RjdRZUxrm61Y,xin zhong,1,"There was a female clerk there who was so arrogant and had a terrible service attitude! Complaining was completely useless. After purchasing the goods, I had to pack them myself! I will never come again because of this female clerk! Shenghai’s service is much better, and they are not the only one! Bad review!",1503380710,7 years ago,en-US,fcfda18673c70b4d6e93ddcb
ChIJ3TYd0-RHDW0RjdRZUxrm61Y,sissi zhao,4,"You can ask any questions you have. There are more people at night, and there are fewer people working and shopping during the day. If you want to transport it out, it is better to come at night. There are more people packing at night.",1526682371,7 years ago,en-US,70d62ad97f48021563d4dff7
ChIJ3TYd0-RHDW0RjdRZUxrm61Y,Oliver,1,The order placed on the website has not been shipped for 1 month. I am very speechless. I can't find anyone in the customer service. There is no phone number on the website.,1614499663,4 years ago,en-US,0cacc6a5569e7760c9d56b70
ChIJ3TYd0-RHDW0RjdRZUxrm61Y,do la,1,No one cares after placing an order online,1615866034,4 years ago,en-US,b4afc3bf2f8dce47d3b694f7
ChIJyR9n4HZIDW0RM6XyhqE0skc,Fran Hopping,1,"Awful customer service response. No answer to phone or email. Bought a pair of trousers which became damaged within 2 days of purchase which I was told by employee that was due to being put in the washing machine. Trousers had no washing label, let alone stated they were hand wash only. Unprofessional.",1738384499,6 months ago,en,bdcba43e47ac668ba2b423e4
ChIJyR9n4HZIDW0RM6XyhqE0skc,Carmen Gravatt,5,"Best women's fashion store in the country! They always have beautiful prints and timeless styles with an edge. Exceptional customer service with great advice, styling tips and they go out of their way to arrange other sizings etc. if it's not in store.",1618866934,4 years ago,en,18517f901246caa87691236a
ChIJyR9n4HZIDW0RM6XyhqE0skc,mog,5,Newmarket today. K.... was so helpful and I really enjoyed my shop experience. Thankyou,1730971222,9 months ago,en,ab43106d30f24a2779757107
ChIJyR9n4HZIDW0RM6XyhqE0skc,Queenie Xi,5,"Thank you Rebecca went above and beyond , new favourite brand",1738783813,6 months ago,en,af81c883286017bd8151c4cd
ChIJyR9n4HZIDW0RM6XyhqE0skc,Rebecca,4,"Really nice friendly helpful staff that are polite and chatty - the clothing is really nice, picked up a cozy poncho jersey from there and some stylish t-shirts which are nice as they are a bit different.",1514772581,7 years ago,en,90a762e0a93596509bc51bde
ChIJORgfMuVHDW0RhFyKxRWmhs0,Fly Roflmfao,2,"Y'know when all you've got left on your plate is that 2-day old piece of Broccoli, that you've sort of been pushing around your plate, and then decide: ""screw it, I'll eat it"", and then immediately regret it. That's like going here.",1467777236,9 years ago,en,78b9197d9df92456341c4e0e
ChIJORgfMuVHDW0RhFyKxRWmhs0,Damian Torre,1,,1692261543,a year ago,,ba050b746b01b585d1cf5a08
ChIJORgfMuVHDW0RhFyKxRWmhs0,Robyn Moore,4,,1641450891,3 years ago,,8a8b7bea76d329e59142bed4
ChIJORgfMuVHDW0RhFyKxRWmhs0,Aneta Mitchell,5,,1571254166,5 years ago,,f0bcaf0bb803660ff8d60d8d
ChIJORgfMuVHDW0RhFyKxRWmhs0,Anthony Kim,3,,1567699293,5 years ago,,3277033adf1dcf83a15b6e97
ChIJi5nBVjtHDW0R-wlU745uaiU,KIWI 1TKL1,4,Awesome service,1667252022,2 years ago,en,eda71f7f61db388fff78a682
ChIJi5nBVjtHDW0R-wlU745uaiU,Spencer Ting,4,,1735625858,7 months ago,,380092b2b7024e5e9f5d663a
ChIJ4fdbmjFHDW0Rksw_mZQajAQ,Wooden Fishy,5,"I like this yoyoso! It’s hard for me to find Lucky Emma Series but I’m happy to find some here!
The staff is lovelyyy! The place is cool, a perfect sized yoyoso like ones in malls.
I wish to see more restock on the Emma series tho, Some EVILLL gremlin keeps taking the last three of the last Emma boxes when they weren’t touched for weeks when I’ve been the only one buying her 😤 but atlas makes my hunt more fun atleast 🥰
my collection + miku bonus",1732359309,8 months ago,en,93ab30db270184d832adc6d9
ChIJ4fdbmjFHDW0Rksw_mZQajAQ,Muhammad Nadal,3,"Yoyoso its a good shopping place where you can buy many things like key chains, toys, soft toys, cosmetics, massagers, facial, snowballs and more.
Inside yoyoso their is moge tee they serve really good tea, yoghurt drink, fresh/cheese drinks too. Thank you.",1609025943,4 years ago,en,ce852812e317ce9be0fcf450
ChIJ4fdbmjFHDW0Rksw_mZQajAQ,J H C,1,"Dec 2020 - A month ago I gave the store a 5 star review. (see below), now it's Dec 2020, we went for another visit, the store main entrance smelled very strong of urination. They should have cleaned it at start of the day, the smell was so disgusting and it was worse than the public toilet in parks - if you can imagine. Better to go to Yoyosos in the malls such as Newmarket, Glenfield. If you don't believe me, go and check it out for yourself. This is the main reason for 1 star rating compared to 5 star rating a month ago!!
20 Nov 2020: Cool store with unique items. Not quite the $2 dollar shop but nice shop layout with good lighting and neat displays. This particular branch also has basement section. Other stores are in Newmarket Westfield, Glenfield Mall etc. The urination smell is truly unbearable.",1608437780,4 years ago,en,116cd4e6b3d7a49f3ca1ccba
ChIJ4fdbmjFHDW0Rksw_mZQajAQ,Patrick Matias,5,"Thank you guys for reserving my Xiaomi M365 Pro 2 on Saturday 27 March, 2021! Glad your staff helped me out on unboxing and assembling the Xiaomi Pro 2 e-scooter! Bravo! 😁🛴👍",1617250361,4 years ago,en,634ff080f16e89549ba7ee44
ChIJ4fdbmjFHDW0Rksw_mZQajAQ,dave yang,5,"Omg the service is awesome.

Btw they are doing a sale on legos 2023.11.03 friday!

The manageress is awesome to deal with",1698903857,a year ago,en,aa0e1ac8a2a30b5f8c46449d
ChIJB2uisQhIDW0Rw2ySaSiHzfQ,Sarah Lutter-Deane,5,"Knowledgeable and engaging staff. Friendly and welcoming. Parnell is such a nice place to shop, eat and experience the arts.",1565337732,6 years ago,en,8af48acbff4f3ed2a21df5ef
ChIJB2uisQhIDW0Rw2ySaSiHzfQ,Ivy Neptune,5,Cute decor. Amazing food,1501366830,8 years ago,en,e637a36aef546a770d35ed88
ChIJB2uisQhIDW0Rw2ySaSiHzfQ,Gayan Buddika Bandara,5,,1694494500,a year ago,,224e30f865717dc3c2691bf3
ChIJB2uisQhIDW0Rw2ySaSiHzfQ,Phillip Wesley-Brown,5,,1534836075,6 years ago,,5874ccce2c7f82a9a98b04be
ChIJB2uisQhIDW0Rw2ySaSiHzfQ,Suitsource,5,,1504746135,7 years ago,,b57f19b9445c89b5c093652b
ChIJHRVfoeNJDW0R1J2ptSLSMog,David Koh,4,Cool classy shopping precinct,1584044686,5 years ago,en,81346707d371a46374a72bac
ChIJHRVfoeNJDW0R1J2ptSLSMog,Matthew Chamberlain,5,,1709869048,a year ago,,60599ba76e1d73ce982e34f7
ChIJHRVfoeNJDW0R1J2ptSLSMog,Fredrick Tohilima,4,,1690779576,2 years ago,,e142e282e678e9a3e014e000
ChIJETywp1BJDW0RymAFHTZ7M3U,Parnell Natural Health,5,We've recommended ZILLOPILLOW to many customers and they're feedback has been excellent. Superior Neck Support for Travel. Thanks ZILLOPILLOW,1723174114,a year ago,en,0e31d1b5491cd7bd427f72e6
ChIJsTdv38ZJDW0RdTw4catmaEE,Lynn Riddell,5,Always helpful staff.  Good stock.  Sore immaculate and well laid out.,1716443098,a year ago,en,b9b85337e363267c7a2a1797
ChIJsTdv38ZJDW0RdTw4catmaEE,Stefanie Newick,5,This shop in Eastridge Mall has Everything ! And  nice people.,1721970329,a year ago,en,da1a72f19f321841aa9a8454
ChIJsTdv38ZJDW0RdTw4catmaEE,Neal Prebble,5,A very nice couple operate this business cheerfully and well. Small premises but a good range.,1636402549,3 years ago,en,bb9cc1d26ad77ec7b91bd4a4
ChIJsTdv38ZJDW0RdTw4catmaEE,My San Do,4,Got interesting novelties & summer picnic supplies. Great with seasonal basics too,1639053045,3 years ago,en,df02129d675a55b367d610f9
ChIJsTdv38ZJDW0RdTw4catmaEE,Grant Craig,5,Very helpful staff to find what you need,1719528960,a year ago,en,79bcfef67845ba2e5f2b39c9
ChIJM5ZxYgJKDW0Rj1-kf4U3mMs,siona spraggs,5,"Such lovely service! The staff were so kind and really paid attention to detail. My nails were done super quickly and looked exactly like the photo I showed, they turned out perfectly! Will definitely be recommending to friends!",1754110067,a week ago,en,17c22da3c9a5eb99f07b503f
ChIJM5ZxYgJKDW0Rj1-kf4U3mMs,Fran Hudson-Carter,5,Quyen and the team are amazing. I’ve enjoyed the services of Joy & Peace Nails for a couple of years now for both my nails and pedicures and they are the best. I can highly recommend them if you are wanting a salon that gives great service and does everything they can to accommodate your needs! A+++,1748587573,2 months ago,en,87421e5f85b65f911228462c
ChIJM5ZxYgJKDW0Rj1-kf4U3mMs,Zana Fusha,5,Got French tips done here and they turned out so pretty!✨ The nails looked clean and they lasted really long. The staff were really sweet as well.🤍🤍,1752975208,3 weeks ago,en,faec4e8f34255bdf053e7aec
ChIJM5ZxYgJKDW0Rj1-kf4U3mMs,Wendy Scott,5,They were amazing. Best manicure and pedicure I've had ever. The team were friendly and helpful around choices and they didn't miss anything out. Lived the stones a new experience for me but one I would be keen to repeat. Unfortunately I'm from out of town but when I'm in Auckland I will be back.,1740086234,5 months ago,en,6b4d0e85fa9139b508a54d5d
ChIJM5ZxYgJKDW0Rj1-kf4U3mMs,Pip Cottman,5,Had my lashes done by a young lady Quyne she is lovely very gentle and the result is excellent I shall go get my nails done also highly recommend this beautiful place,1752799638,3 weeks ago,en,02b09b5035a3c40490fb011a
ChIJK25EYd03DW0R_MZYTKwF3OY,Julio Yanes,4,"The Arcade – A Hidden Gem in Devonport

Nestled in the heart of Devonport’s charming village, The Arcade is a boutique retail and wellness hub that blends heritage character with modern-day comforts. Just steps from the ferry terminal on Victoria Road, it offers a relaxed and welcoming atmosphere, perfect for both locals and visitors.

Home to a curated selection of businesses, The Arcade is known for its high-quality, personalized services. Arcade Day Spa provides eco-conscious beauty treatments in a peaceful setting, with everything from facials to lash enhancements delivered by experienced professionals. Nearby, Arcadia Hair Stylist is a favorite among locals for precision cuts and styling, led by the talented June Sun, formerly of Servilles.

Set against Devonport’s scenic seaside backdrop, The Arcade offers a uniquely local experience—whether you're in need of a little pampering, a fresh new look, or simply a stroll through one of Auckland’s most picturesque neighborhoods.",1745556770,3 months ago,en,b068a0ca574ed0eb4dfce92c
ChIJK25EYd03DW0R_MZYTKwF3OY,Halina J. Beaulieu,5,Interesting place with many specialty shops.,1580342898,5 years ago,en,a41ef1535c89506849853989
ChIJK25EYd03DW0R_MZYTKwF3OY,Zain Zayed,5,I have been there last week  it’s very good restaurant and amazing service and it’s a very yummy food :),1712751552,a year ago,en,f93bf4130240ba9de038c193
ChIJK25EYd03DW0R_MZYTKwF3OY,Samuel Welsh,5,good shop selection,1745660036,3 months ago,en,7c0ed317b9320d5668272b8b
ChIJK25EYd03DW0R_MZYTKwF3OY,Pose Tafa,2,"2 food places, OP shop at the end with other shops. Not sure what to think.",1718149414,a year ago,en,8d50fd65466bef8df29c25ab
ChIJh76DBOE_DW0R42iGCEo8mzc,Okokasunset,5,"Not huge but has almost everything you need. Easy parking, clean food hall, and clean toilets",1754289543,a week ago,en,9000aa68955aa88fa43022a6
ChIJh76DBOE_DW0R42iGCEo8mzc,Nketa MK,5,"Always clean. Range of shops is limited but all good nonethess, has the basics",1754613107,in the last week,en,fa3d5cef67a4244dfb3610be
ChIJh76DBOE_DW0R42iGCEo8mzc,Tina MacDonald,5,"Good selection of shops, plenty of parking. A really good local shopping area.",1750834325,a month ago,en,0517572ef8a39c580904b847
ChIJh76DBOE_DW0R42iGCEo8mzc,Elizabeth Labuschagne,4,A small center but has everything you could need really nice and I enjoy shopping there,1752557073,4 weeks ago,en,c6a8f58add2122460d04bec0
ChIJh76DBOE_DW0R42iGCEo8mzc,Neil Phillips,3,"Hate Westgate, primitive layout really. If I give up Costco card, doubt if I will ever need to return.",1749597650,2 months ago,en,55f3abae093d41c27c59d7a0
ChIJxYj75qk_DW0RtXy_kuoCADM,John Miller,5,Great place. Hobsonville Hearing gave me exceptional friendly service. Highly recommended. I will be going back for all my hearing needs. Cafes and Supermarket on tap.,1745484795,3 months ago,en,426553d990fb0a51247315b9
ChIJxYj75qk_DW0RtXy_kuoCADM,Tina MacDonald,5,"Clean, tidy, plenty of parking and a good selection of shops and businesses.",1750834264,a month ago,en,0f31e72283f033c64e1f3343
ChIJxYj75qk_DW0RtXy_kuoCADM,K C,4,"Has most of the things you need. Drinks, sushi, pizza, grocery, medicine, hair salon, gym..",1747198828,3 months ago,en,3cfb8265f7f053f304add7d0
ChIJxYj75qk_DW0RtXy_kuoCADM,Marion Thompson,5,Great food very prompt service for a group of cyclists,1740980845,5 months ago,en,7c1cf1c34f71f252fdfcd2da
ChIJxYj75qk_DW0RtXy_kuoCADM,Snow Tiger249,3,Has all the shops you need all in one place very good takeaway restaurants like the chicken place or want to have a drink theres a liquor store and you have one of my favorite cafe  just on the corner close to the traffic lights,1732181685,8 months ago,en,3be29fa7ef499236f672a52e
ChIJezWPTt0_DW0RKhj9NwTyRZE,Alice Moon-Star,5,Catalina Bay is a lovely place with modern cafes and restaurants. Lovely walkways by the water near the mangroves.,1634208401,3 years ago,en,27379f0032d7572eaf18c6f2
ChIJezWPTt0_DW0RKhj9NwTyRZE,Khurram Salman,4,"It’s a very nice place to hangout with friends, range of restaurant, grill and bars. No need to go it city when you have it available here. Very pleasant environment and views around it are very awesome. You can come here for breakfast, lunch and dinner.
Lots of parking spots are available. Just next to nature reserve.
You can Bring your friends, families, kids, sweethearts and even rivals as well.",1551927743,6 years ago,en,e525b41ac0de2d555892109c
ChIJezWPTt0_DW0RKhj9NwTyRZE,Pure Clean,1,Not a good place due to lack of access for disability parking..,1705790252,a year ago,en,3abdf592a6bc6c018134f7ac
ChIJezWPTt0_DW0RKhj9NwTyRZE,Nick Somerville,5,Really amazing. I feel so privileged to live at a time while this place exists.,1574494431,5 years ago,en,881b86b34ceb1b974d795bcd
ChIJezWPTt0_DW0RKhj9NwTyRZE,Stephen Reardon,4,"Enjoyed the new restaurant area, good choice and a good atmosphere",1551250269,6 years ago,en,9c717eef341965d87ce9b0ba
ChIJ7Vy3ln05DW0R-KgA25-3hPg,Bruce Urlich,5,Just another shopping centre,1710312990,a year ago,en,3bc574cf76057ebceabcf358
ChIJ7Vy3ln05DW0R-KgA25-3hPg,Blair Fischer,5,,1745638338,3 months ago,,6e0c8cde672cabbabb054dc4
ChIJ7Vy3ln05DW0R-KgA25-3hPg,Jeanette Motley,5,,1741922415,5 months ago,,1d7967efc77235a20028530d
ChIJ7Vy3ln05DW0R-KgA25-3hPg,Mitchell White,5,,1731806613,9 months ago,,faac5e07ba5bb1a3d2a11e62
ChIJ7Vy3ln05DW0R-KgA25-3hPg,Gerry,5,,1725327324,11 months ago,,bbdf3412ac3417123f0520af
ChIJlZqcJlc5DW0RuNUmH0SS0xo,Vee Ryan,3,"The parking spaces are very tight - no show of getting into your car if a large vehicle parks on your driver's side, which is a shame as there are some good shops there.",1739927058,5 months ago,en,c4deba01cbf3ecba4ce0853e
ChIJlZqcJlc5DW0RuNUmH0SS0xo,Yvonne Bean,3,Needs more parking in Highbury/Birkenhead in general. All these shops are good value.  Just need to be brightened up,1730781549,9 months ago,en,20e71f1b4a7540da644ca95c
ChIJlZqcJlc5DW0RuNUmH0SS0xo,Garth Eymael,5,Sagar Indian Restaurant is here... best Curry and Naan bread in NZ...but don't tell anyone otherwise it will always be booked out.,1681932942,2 years ago,en,a9814e7e4efc98e9ff659ef5
ChIJlZqcJlc5DW0RuNUmH0SS0xo,Kiwi Aucklander,5,Uniqe shops and takeaways,1750254064,a month ago,en,03d2380355d497537ed4a11d
ChIJlZqcJlc5DW0RuNUmH0SS0xo,Janise Silby,5,Everything you need here x,1741216269,5 months ago,en,9798a5e7d5cd9e2de40509d5
ChIJU06DIXdIDW0RQerSXgNGa74,KL,1,We went to this store an hour before closing time and they just signaled us off when we tried to open the door. I dont want to make this a racial thing but we were Asians. 🤷‍♂️,1754529540,a week ago,en,a19b24f954aa2e5acf9067fe
ChIJU06DIXdIDW0RQerSXgNGa74,Natalie Wilson,5,"Brilliant store, and lots of beautiful garments on sale. Thank you to the two lovely girls working who were so upbeat and welcoming. While they were very busy (I visited on a saturday and there were a lot of customers) they made sure to speak to everyone and kept their cool. Thanks heapsSuperette - will definitely be back!",1583110778,5 years ago,en,b780edf67ef67e391edb4abc
ChIJU06DIXdIDW0RQerSXgNGa74,Vanessa Stephenson,5,Great surplus selection and friendly staff,1672286081,2 years ago,en,4a1ae4045128e0d93e49d5d0
ChIJU06DIXdIDW0RQerSXgNGa74,Eric and Jeanine Fowler,1,Over priced fashion,1734670641,7 months ago,en,b9be2445e53e4ca5f5d60267
ChIJU06DIXdIDW0RQerSXgNGa74,Jérémy,1,"Not much, rather expensive for a hem...",1546831297,6 years ago,en-US,4626c1eb35ab0095398fc9bc
ChIJDUOlLpUTDW0RiE-6guAgA10,Huapai Plastic Welding Repairs,5,Can't beat fresh choice good value and meat selection is better looking than new world,1751583634,a month ago,en,49c977343c78369abf830ca3
ChIJDUOlLpUTDW0RiE-6guAgA10,Tina MacDonald,4,A good selection of shops and eateries but whoever runs the area should keep on top of the potholes.,1750835420,a month ago,en,9422ba013b9fa04af2a5a39a
ChIJDUOlLpUTDW0RiE-6guAgA10,Kimberley Hutchings,4,"Cute little village , needs a op shop maybe ? $2 store or post office .",1740606600,5 months ago,en,f95d325fec767a6dcc7da6be
ChIJDUOlLpUTDW0RiE-6guAgA10,Callum Stuart Graham Ford,5,An excellent 👍 Shopping Mall. 😊,1754384243,a week ago,en,32c25245bc8a52dca4074d83
ChIJDUOlLpUTDW0RiE-6guAgA10,JW S,4,The Fresh Choice is a well stocked supermarket,1742083199,5 months ago,en,0c7f95f1186a185b84422e66
ChIJ42jp8DA5DW0REj0s01g7RMk,Nive Sio,5,Nanda has been doing my brows for almost a year now and she has always done an amazing job. I always leave satisfied with the result.,1739422247,6 months ago,en,9991e803bde794a5eb15ae47
ChIJ42jp8DA5DW0REj0s01g7RMk,Riz Rao,5,"As always Nanda does amazing, good beauty services on me. I haven't gone anywhere else since i found her. She gives great beauty tips. Listens to what I want. Always welcomed by a smile, even when passing by. Price is also affordable. Great vibe. Great personality. Highly recommend Nanda for your beauty experience.",1718944892,a year ago,en,f93ee44ca630fd6c3ba67022
ChIJ42jp8DA5DW0REj0s01g7RMk,Nive Telefoni,5,"Excellent service from Nanda. I had grown my brows a little more before going in, and after a really traumatizing experience with Kess Glenfield I was hesitant. After the service with Nanda I was extremely pleased and satisfied. I'm very grateful for her service and her talent. God bless her.",1727739656,10 months ago,en,a2f1b560f8e5ba78298a7ffe
ChIJ42jp8DA5DW0REj0s01g7RMk,jade hyndman,5,Walked in on Saturday afternoon. The ladys were extremely accomadating and professional. My henna brows look amazing I would highly recommend and will definitely be back.,1731267548,9 months ago,en,a9b3a53df64456359249de8b
ChIJ42jp8DA5DW0REj0s01g7RMk,Ranjeeta Singh,5,"I always visit Vish beauty  bar for threading, always served by Nanda,great service. She makes you feel  welcome with her bright smile and gentle nature. Nanda is great at her work and delivers excellent service. Highly recommended Nanda for your beauty services.",1719724473,a year ago,en,87e72f84b4b8685014c71e3a
ChIJTRaUtOc5DW0RCkyVrnje_D4,Pam Lorden,5,Great salon,1574585245,5 years ago,en,c945a97959c0be08212d078c
ChIJAfDC-tc5DW0R8lCkptgMgl4,C,5,Catching up with my mate on the beach before moving out of akl. Had an ice cream then randomly asked the shop owner took a pic for us as a memory for last catching up. He's super friendly thank you for helping us.,1574639183,5 years ago,en,626dde120d6b226504335a86
ChIJAfDC-tc5DW0R8lCkptgMgl4,Phillip Wesley-Brown,5,"Even though I just popin for a coke zero, (big spender) they are always smiling and cheerful. There's everything you need for a convenience store.",1712538423,a year ago,en,adde6311aea1f87ffffcdd54
ChIJAfDC-tc5DW0R8lCkptgMgl4,matthew nelson,5,best dairy in Takapuna,1699666846,a year ago,en,e0e6389f4b4762f591a435c1
ChIJAfDC-tc5DW0R8lCkptgMgl4,Ezra Jeffery,5,Nice little shop,1664861719,2 years ago,en,2a84bfe9f91c0a90231be04a
ChIJAfDC-tc5DW0R8lCkptgMgl4,Jennifer Wheeler,5,,1731704773,9 months ago,,158ff1bedccdc5134df9a13f
ChIJ9-Lx8Rc7DW0RCymCuwZtweM,Arjun S,5,This is a very calm and quiet place.Those who likes to live in suburbs of Auckland can select this place. You will get all facilities here.,1678665355,2 years ago,en,de045fb266d53ecb001ac4da
ChIJ9-Lx8Rc7DW0RCymCuwZtweM,Vera Busby,5,Went to the library. Signed up on the Skinny Jump WiFi program. Effortless. Lovely lady at the library helped me.,1646987135,3 years ago,en,0ea11b415d4c54f8b9db80ef
ChIJ9-Lx8Rc7DW0RCymCuwZtweM,Jamesrat King,5,Looking for kmart trolleys,1746952048,3 months ago,en,c58c97a97f124ee3518e0c2b
ChIJ9-Lx8Rc7DW0RCymCuwZtweM,Shirley Dobbyn,3,Quiet but pleasant village area beside lovely Kell Park & its walkways.  Well worth a visit.,1651115789,3 years ago,en,571f62e5fa8f4bf15ad5c5ce
ChIJ9-Lx8Rc7DW0RCymCuwZtweM,Mohit Mittal,5,"Looks like a cool old kind of of place with some shops around. I been to library for JP, waited for half an hour and then she said her time is over..",1647842333,3 years ago,en,f8d166fe2ffed111b96a59b9
ChIJzUKuuJY7DW0RrpVg9rmcW1s,Rodney Anderson,5,"Great location with lots of different businesses here, Popeyes was a great feed that's for sure",1752612016,4 weeks ago,en,ef27aa3a00eb0c9e01e8db90
ChIJzUKuuJY7DW0RrpVg9rmcW1s,Pranesh Chand,5,"The Albany Lifestyle Center is a modern and well-designed hub offering a great mix of shopping, dining, and leisure options. With a variety of stores, cozy cafes, and family-friendly spaces, it’s perfect for a relaxed outing. The ample parking and clean, spacious layout make it convenient and enjoyable for visitors of all ages. It's a great spot for shopping and spending quality time.",1734162080,8 months ago,en,9235fd3cc5adcbfbb6dffed5
ChIJzUKuuJY7DW0RrpVg9rmcW1s,Gabriela da Rocha Campos Nunes (Gabby Nunes),5,Brazilian Cafe has got the most amazing food and friendly staff.,1744515868,4 months ago,en,f216754cb7d86194180b6a8c
ChIJzUKuuJY7DW0RrpVg9rmcW1s,Laura Sanders,4,It's a bit out of the way but I have friends nearby and worth it you're already going to Mitre10,1747344481,3 months ago,en,3c76491c3b2721bae70f436c
ChIJzUKuuJY7DW0RrpVg9rmcW1s,Maria Smal,4,Wide variety of goed shops. Food court and cinema.,1751964354,a month ago,en,1a9a88ebc9e916782f127727
ChIJ5XX3Kk87DW0R7MmvjSaGzr4,Don McEwan,5,"If this is the Vietnamese Street Food place then it's VERY good!! The noodle soup was fantastic as was the Vietnamese salad. The bread rolls looked very tasty, especially the beef version. Hope I've got the right shop!!",1752050165,a month ago,en,90557342a9ad213c6bfeeea6
ChIJ5XX3Kk87DW0R7MmvjSaGzr4,Xiaoting Fu,5,The snow flake here is extremely delicious! And it's the most delicious and cost-effective snow flake I've had here. The clerk is also very nice and very enthusiastic. I think everyone should come and try this store!,1750476198,a month ago,en,5eb2c2482360d7a81a228c07
ChIJ5XX3Kk87DW0R7MmvjSaGzr4,Priscilla Solanki,5,Fresh food served with great service & a smile. Enjoyed my dumplings & chilli oil experience was really great as alot of hard work goes into making these traditional handmade foods. Much appreciated will come back to enjoy this amazing eatery again. Highly recommended 100%  😉,1751024258,a month ago,en,9c4d8d2ab2fa143c0a61d9a4
ChIJ5XX3Kk87DW0R7MmvjSaGzr4,Augustus Greenslade,5,"Master Bao Albany is hands down one of the best spots on the North Shore for fresh, flavourful bao and Asian fusion dishes. The bao buns are soft, packed with delicious fillings, and always made to perfection — my personal favourite is the pork belly, but honestly, you can’t go wrong with any of them.

The staff are friendly and efficient, and the atmosphere is modern, clean, and relaxed. Whether you’re grabbing a quick bite or sitting down for a casual meal, it always hits the spot.

If you love good food with bold flavours, Master Bao is a must-try!",1750481056,a month ago,en,1a00f8360be5fc64fd325829
ChIJ5XX3Kk87DW0R7MmvjSaGzr4,Isaac Bahn,2,"The food came out relatively quick. My partner had the dumplings, she said they were really good.
The hot chips were good too but unfortunately the chicken was terrible.
Both chicken pieces were really dry and one piece was missing the skin on one side (photo attached).
They ended up replacing the chicken when we took it back but it shouldn't have been served in the first place. When it was served, the chicken was placed upside down as if it was deliberately placed like that to hide the side that had no skin.
I sent my son up to the counter to get a takeaway dish to put some of the leftovers in it. The lady was going to charge us for the container even though we had spent almost $40 for a below average meal. Really disappointing.",1735285221,7 months ago,en,9d24abc7d95207669f607ee9
ChIJ0wsWpn87DW0RHk-W1y2FcQ4,Mark F,4,"Has everything you need for a quick feed and a coffee, massive Wild Bean and plenty pumps for cars and trucks, good parking and relax area outside but the building could do with an upgrade inside, especially the toilets",1739386056,6 months ago,en,45f1874cf24c383a027185c5
ChIJ0wsWpn87DW0RHk-W1y2FcQ4,Adrian Cooper,3,"It's basically a giant Gas Station with a $2 Shop ( with weird hours) and a Cafe and Burger King attached. Parking is fairly good outside, parking for larger or commercial vehicles behind the complex. Toilets are very very clean, indoor / outdoor dining, children's  small play area, about 20 petrol bowsers.",1585947708,5 years ago,en,ff178d179b5db39f55cb1d29
ChIJ0wsWpn87DW0RHk-W1y2FcQ4,Barbara Berry,5,Always a stopping place for food and toilet stop on way up north. Great coffee and food,1651183228,3 years ago,en,0a2f6b1ecf1d76b98aa92c8b
ChIJ0wsWpn87DW0RHk-W1y2FcQ4,bipendra ram,4,All amenities for a long trip stop over.,1645756762,3 years ago,en,3437f84fdf4933c6c1b21acc
ChIJ0wsWpn87DW0RHk-W1y2FcQ4,Karen Kiwigal,4,Good place to visit and relax,1699873017,a year ago,en,adee373f1bde618a09589262
ChIJ7Y5PMRIlDW0RUWcSTc8QDq0,Carl Nielson,5,Smallish shopping centre but has plenty of car parking on lower levels. Has a good sized Woolworth supermarket as anchor tenant. Has other shops near by and mitre 10 next door,1743708396,4 months ago,en,065985a1a1051549fbe4c4ef
ChIJ7Y5PMRIlDW0RUWcSTc8QDq0,Bonsai Magic,5,"I dont usually like big Malls, but this mall was really great. Spacious, well laid out, clean, bathrooms great. Shops we went into were well stocked, friendly, helpfull staff. Movie theatre was awesome. Good experience",1739982631,5 months ago,en,2f9dd494d7fe3397c960710c
ChIJ7Y5PMRIlDW0RUWcSTc8QDq0,Joseph Te Awhitu,5,"What a great mall. Yes, it has had its boom time, but I love it. You just got watch thus space.",1747360124,2 months ago,en,4df1fdd0e49652bbc34ce007
ChIJ7Y5PMRIlDW0RUWcSTc8QDq0,Jenny Clayton,3,"Shame there are empty shops in the mall.. but it was  Clean, mitre 10 next door, also
Lash religion for beauty.",1749617780,2 months ago,en,6f9124424c5816480a34ffdd
ChIJ7Y5PMRIlDW0RUWcSTc8QDq0,Daphne Sargent,5,"This Plaza is like a breath of fresh air
Spacious
Clean
Adequate parking
Anchor Store - Countdown
(Surprise 😮 Vintage Car Shop tucked in a corner best find ever!!  Browsed for an entire hour looking for the ultimate gift.
My Grandson luved it)",1618340506,4 years ago,en,95e5fc3c6f10712825eddc45
ChIJEcUkC50jDW0Rb64U5S5KLNA,Augustus Greenslade,5,"Silverdale Centre is a really convenient and well-rounded shopping hub. It’s got everything you need in one spot — from supermarkets and retail stores to cafes, takeaways, and even a few specialty shops.

Parking is usually easy (which is always a bonus), and the layout makes it easy to pop in for a quick shop or stay longer if you’re doing a bigger run. There’s a good mix of big names and local stores, and the area feels safe and well maintained.

Great spot for families, errands, or grabbing a bite to eat. Always a reliable go-to when you're out this way.",1750481020,a month ago,en,e360a37a957118d95af95c51
ChIJEcUkC50jDW0Rb64U5S5KLNA,Jessica Howard,5,Silverdale Center now has an outdoor playground! It's a great spot for the toddlers to burn some energy while the sun is shining and you shop.,1725496051,11 months ago,en,d0334018781675c035085e0c
ChIJEcUkC50jDW0Rb64U5S5KLNA,Shane du Plooy,4,"Silverdale Centre can get very busy at times that you struggle to find parking.

It has a large Warehouse, Countdown and a few smaller shops.

It's not very big, but has the main shops that make it convenient to visit.",1672976284,2 years ago,en,2acea8a88687d7317213ffaf
ChIJEcUkC50jDW0Rb64U5S5KLNA,John Mallen,1,No where indicated  to park a motorhome at the mall. Heavy rain made it hard to find a legal  spot. Security would not let me park my 6.5mtre van even though there was plenty of available space and several vehicles with trailers  taking two or more spots. Very disappointing for holiday makers in motorhomes.,1745788639,3 months ago,en,b47f633abf500ae6245617a8
ChIJEcUkC50jDW0Rb64U5S5KLNA,Gary Brydon,4,Silverdale is always a pleasant place.to stop in . With a couple of factory shops cafes and all your other major stores. Can be a bit congested at times just because of drudgery. .,1746860577,3 months ago,en,6da538e35ff78e1baec0928f
